name,smiles,vina_best,MW,cLogP,TPSA,HBD,HBA,rotb,SA,QED,charge,CNS_MPO_4d,Tanimoto_NN_approved,NN_approved_drug,Tanimoto_NN_ASMref,novelty_flag,composite
CHEMBL28172,O=C1NCN(c2ccccc2)C12CCN(C1Cc3ccccc3C1)CC2,-8.84,347.5,2.58,35.6,1,3,2,2.93,0.907,0,2.77,0.475,FLUSPIRILENE,0.1,novel,8.966
CHEMBL7385,N#Cc1ccccc1N1CCN(C(=O)c2cc3ccccc3[nH]2)CC1,-8.7,330.4,3.0,63.1,1,3,2,2.1,0.785,0,3.12,0.36,DELAVIRDINE,0.143,novel,8.955
CHEMBL48767,O[C@@H]1c2cc3c(cc2C[C@H]1N1CCC(c2cccc4c2OCCO4)CC1)OCO3,-8.71,395.5,3.02,60.4,1,6,2,3.47,0.844,0,3.0,0.241,NOSCAPINE,0.089,novel,8.914
CHEMBL54786,O=C1Cc2cc(CCN3CCN(c4cccc5ccccc45)CC3)ccc2N1,-8.92,371.5,3.7,35.6,1,3,4,2.17,0.76,0,2.29,0.457,ZIPRASIDONE,0.181,novel,8.876
CHEMBL24974,O=C1OC2(CCN(CC(O)C3COc4ccccc4O3)CC2)CN1CCc1ccccc1,-8.72,438.5,2.72,71.5,1,6,6,3.86,0.748,0,2.73,0.394,FENSPIRIDE,0.133,novel,8.837
CHEMBL29571,O=C1N[C@@H]2CCCC[C@H]2N1C1CCN(Cc2ccc3ccccc3c2)CC1,-8.89,363.5,4.14,35.6,1,2,3,3.05,0.889,0,2.11,0.282,DONEPEZIL,0.123,novel,8.795
CHEMBL6729,CC(=O)NCC1CN(c2ccc(-c3ccc(N4CCOCC4)c(=O)cc3)cc2)C(=O)O1,-8.89,423.5,2.01,88.2,1,6,5,2.87,0.792,0,2.12,0.724,LINEZOLID,0.115,novel,8.791
CHEMBL37169,O=C1NC(CCN2CCN(c3ccc4ccccc4c3)CC2)c2ccccc21,-8.85,371.5,3.84,35.6,1,3,4,2.7,0.757,0,2.21,0.314,FLIBANSERIN,0.122,novel,8.787
CHEMBL300739,O[C@@H]1c2ccc(F)cc2C[C@H]1N1CC=C(c2cccc3c2OCCO3)CC1,-8.67,367.4,3.34,41.9,1,4,2,3.55,0.884,0,2.66,0.264,NEBIVOLOL HYDROCHLORIDE,0.083,novel,8.758
CHEMBL26999,O=C1NCN(c2ccccc2)C12CCN(C1CCc3ccccc3C1)CC2,-8.6,361.5,2.97,35.6,1,3,2,3.36,0.893,0,2.78,0.444,FLUSPIRILENE,0.095,novel,8.734
CHEMBL35743,O=C1Cc2cc(CCN3CCN(c4nsc5ccccc45)CC3)ccc2N1,-8.58,378.5,3.16,48.5,1,5,4,2.45,0.758,0,2.81,0.738,ZIPRASIDONE,0.113,novel,8.72
CHEMBL48713,O[C@@H]1c2ccc(F)cc2C[C@H]1N1CCC(c2cccc3c2OCC3)CC1,-8.71,353.4,3.6,32.7,1,3,2,3.32,0.895,0,2.32,0.269,NEBIVOLOL,0.089,novel,8.682
CHEMBL27093,O=C1NCN(c2ccccc2)C12CCN(C1CCc3cc(Cl)ccc3C1)CC2,-8.76,395.9,3.63,35.6,1,3,2,3.45,0.843,0,2.1,0.4,FLUSPIRILENE,0.086,novel,8.651
CHEMBL295569,CC(C)(N)C(=O)N[C@H](Cc1ccccc1)C(=O)N1CCC2(CCc3ccccc32)CC1,-8.67,419.6,2.96,75.4,2,3,5,3.31,0.782,0,2.28,0.395,DIFELIKEFALIN,0.195,novel,8.627
CHEMBL297711,c1ccc2c(c1)C1CC2(CN2CCC(N3CCOCC3)CC2)c2ccccc21,-8.63,374.5,3.62,15.7,0,3,3,3.31,0.816,0,2.36,0.321,MAPROTILINE,0.099,novel,8.616
CHEMBL24034,O=C1OC2(CCN(CC(O)C3COc4ccccc4O3)CC2)CN1Cc1ccccc1,-8.46,424.5,2.67,71.5,1,6,5,3.83,0.796,0,2.85,0.324,FENSPIRIDE,0.136,novel,8.616
CHEMBL289645,COc1ccc(N2C[C@H](CN3CC=C(c4ccc5c(c4)OCO5)CC3)OC2=O)cc1,-8.41,408.5,3.54,60.5,0,6,5,2.96,0.754,0,2.99,0.324,TOLOXATONE,0.078,novel,8.613
CHEMBL45966,O[C@@H]1c2ccc(F)cc2C[C@H]1N1CCC(c2cccc3c2OCCC3)CC1,-8.68,367.5,3.99,32.7,1,3,2,3.34,0.871,0,2.1,0.261,NEBIVOLOL,0.086,novel,8.573
CHEMBL46169,COc1ccc(N2C[C@@H](CN3CCC(O)(c4ccc(Cl)cc4)CC3)OC2=O)cc1,-8.54,416.9,3.66,62.2,1,5,5,2.81,0.806,0,2.49,0.357,HALOPERIDOL,0.113,novel,8.566
CHEMBL297017,O[C@@H]1c2ccc(F)cc2C[C@H]1N1CCC(c2cc(F)cc3c2OCCC3)CC1,-8.76,385.5,4.13,32.7,1,3,2,3.46,0.844,0,1.86,0.265,NEBIVOLOL,0.074,novel,8.565
CHEMBL31241,O=C(c1ccc2[nH]ccc2c1)N1CCC(N2C(=O)OCc3ccccc32)CC1,-8.44,375.4,3.93,65.6,1,3,2,2.44,0.738,0,2.76,0.241,BENPERIDOL,0.123,novel,8.565
CHEMBL21841,Cn1c(=O)ccc2cc(COc3cc(F)cc(C4(O)CCOCC4)c3)ccc21,-8.36,383.4,3.25,60.7,1,4,4,2.6,0.751,0,2.99,0.263,SAFINAMIDE,0.112,novel,8.564
CHEMBL37604,Cc1ccc(C2CCN(CCC3NC(=O)c4ccccc43)CC2)cc1C,-8.75,348.5,4.36,32.3,1,2,4,2.79,0.89,0,1.85,0.262,METHIXENE,0.094,novel,8.559
CHEMBL447779,O=C1NCN(c2ccccc2)C12CCN(C1CCc3ccc(Cl)cc3C1)CC2,-8.66,395.9,3.63,35.6,1,3,2,3.46,0.843,0,2.1,0.4,FLUSPIRILENE,0.086,novel,8.559
CHEMBL37633,CC1(C)C(=O)Nc2ccc(CCN3CCN(c4nsc5ccccc45)CC3)cc21,-8.64,406.6,3.89,48.5,1,5,4,2.58,0.714,0,2.15,0.543,ZIPRASIDONE,0.11,novel,8.555
CHEMBL418020,O=C1NCN(c2ccccc2)C12CCN([C@@H]1CCc3c(Cl)ccc(Cl)c3C1)CC2,-8.86,430.4,4.28,35.6,1,3,2,3.63,0.773,0,1.43,0.433,FLUSPIRILENE,0.089,novel,8.516
CHEMBL301806,Cc1ccc2c(c1)[C@@H](O)[C@H](N1CCC(c3cccc4c3OCCO4)CC1)C2,-8.47,365.5,3.6,41.9,1,4,2,3.29,0.883,0,2.54,0.242,NEFOPAM,0.087,novel,8.514
CHEMBL35040,O=C1Cc2cc(CCN3CCN(c4nsc5ccccc45)CC3)c(F)cc2N1,-8.43,396.5,3.29,48.5,1,5,4,2.62,0.735,0,2.57,0.803,ZIPRASIDONE,0.107,novel,8.49
CHEMBL281274,O=C1NCN(c2ccccc2)C12CCN(C1Cc3cccc4cccc1c34)CC2,-8.58,383.5,3.87,35.6,1,3,2,3.5,0.73,0,2.08,0.439,FLUSPIRILENE,0.149,novel,8.469
CHEMBL20448,Cn1c(=O)ccc2cc(COc3cccc(C4(CO)CCOCC4)c3)ccc21,-8.23,379.5,3.16,60.7,1,4,5,2.52,0.74,0,3.07,0.264,MEPTAZINOL,0.122,novel,8.463
CHEMBL48991,CC(=O)Nc1ccc(OC(=O)NN2CCc3ccccc3C2)cc1,-8.34,325.4,2.71,70.7,2,4,3,2.21,0.91,0,2.75,0.426,BENORILATE,0.128,novel,8.461
CHEMBL25084,Nc1nc(C2CCN(C(=O)CCc3ccccc3)CC2)c2ccccc2n1,-8.23,360.5,3.55,72.1,1,4,4,2.13,0.772,0,2.97,0.304,BILASTINE,0.186,novel,8.424
CHEMBL284414,O=C1NCN(c2ccccc2)C12CCN(C1CCc3ccccc31)CC2,-8.33,347.5,3.1,35.6,1,3,2,3.35,0.907,0,2.61,0.444,FLUSPIRILENE,0.099,novel,8.406
CHEMBL51882,Cc1ccc2c(c1)C[C@@H](N1CCC(c3cccc4c3OCCO4)CC1)[C@@H]2O,-8.35,365.5,3.6,41.9,1,4,2,3.3,0.883,0,2.54,0.246,NEFOPAM,0.089,novel,8.394
CHEMBL54273,COc1cccc(NC(=O)N2CCNC(CN3CCC(Cc4ccc(F)cc4)CC3)C2)c1,-8.61,440.6,3.59,56.8,2,4,6,2.82,0.721,0,1.79,0.3,ASTEMIZOLE,0.126,novel,8.392
CHEMBL50119,O[C@@H]1c2ccccc2C[C@H]1N1CCC(c2cccc3c2OCCO3)CC1,-8.29,351.4,3.3,41.9,1,4,2,3.21,0.901,0,2.68,0.288,NEFOPAM,0.11,novel,8.388
CHEMBL14589,COc1oc(=O)c2cc(NC(=O)Cc3ccccc3)ccc2c1Cl,-8.22,343.8,3.64,68.5,1,4,4,2.22,0.785,0,2.85,0.321,PHENACEMIDE,0.165,novel,8.38
CHEMBL31645,O=C(c1ccc2[nH]ccc2n1)N1CCC(N2C(=O)OCc3ccccc32)CC1,-8.21,376.4,3.32,78.5,1,4,2,2.58,0.744,0,2.81,0.229,ESLICARBAZEPINE,0.122,novel,8.357
CHEMBL27841,N#Cc1c2n(c3c(NCCN4CCc5ccccc5C4)ncnc13)CCCC2,-8.08,372.5,3.11,69.8,1,5,4,2.77,0.762,0,3.15,0.244,MINAPRINE,0.074,novel,8.339
CHEMBL48075,O=C1O[C@@H](CN2CCC(O)(c3ccc4c(c3)OCO4)CC2)CN1c1ccc(F)cc1,-8.16,414.4,2.86,71.5,1,6,4,3.0,0.83,0,2.87,0.333,LINEZOLID,0.091,novel,8.327
CHEMBL47774,O=C1O[C@@H](CN2CCC(O)(c3ccc4c(c3)OCO4)CC2)CN1c1ccccc1,-8.06,396.4,2.72,71.5,1,6,4,2.95,0.857,0,3.11,0.375,TOLOXATONE,0.125,novel,8.314
CHEMBL283562,CCN1C(=O)c2[nH]c(Cc3ccccc3)nc2N2C[C@@H](Cc3ccccc3)N=C12,-8.08,385.5,3.26,64.6,1,4,5,3.2,0.733,0,3.05,0.305,ETHOTOIN,0.118,novel,8.311
CHEMBL31697,Cc1cc2ncn(-c3ccc(C4=NNC(=O)CC4)cc3)c2cc1C,-8.16,318.4,3.26,59.3,1,3,2,2.5,0.788,0,2.78,0.219,RIBOFLAVIN,0.066,novel,8.294
CHEMBL283891,Nc1nc(-c2ccccc2)cc(C2CCN(C(=O)c3ccccc3)CC2)n1,-8.12,358.4,3.75,72.1,1,4,3,2.04,0.774,0,2.84,0.327,CINCHOPHEN,0.145,novel,8.28
CHEMBL27816,O=C1OC2(CCN(CC(O)C3COc4ccccc4O3)CC2)CN1c1ccccc1,-8.07,410.5,2.68,71.5,1,6,4,3.84,0.836,0,2.99,0.294,FENSPIRIDE,0.139,novel,8.276
CHEMBL27383,CC(C)N1CC2(CCN(CC(O)C3COc4ccccc4O3)CC2)OC1=O,-8.11,376.5,1.88,71.5,1,6,4,4.04,0.865,0,2.85,0.275,FENSPIRIDE,0.126,novel,8.264
CHEMBL295011,O=C1c2c(c(=O)n3nccc3n2Cc2ccccc2)CN1C1CCCCC1,-7.77,362.4,2.83,59.6,0,3,3,2.68,0.72,0,3.79,0.269,TRIMETHAPHAN,0.103,novel,8.259
CHEMBL296872,O=C(NC(=O)c1ccc(F)cc1)Nc1cccc(C2CN3CCSC3=N2)c1,-8.23,384.4,3.25,73.8,2,5,3,2.93,0.852,0,2.48,0.474,LEVAMISOLE,0.124,novel,8.256
CHEMBL58099,O=C(c1ccc(F)cc1)N1CCN(Cc2ccc(-c3ccc(F)cc3)[nH]2)CC1,-8.34,381.4,3.92,39.3,1,2,4,2.12,0.744,0,2.16,0.29,KETANSERIN,0.103,novel,8.254
CHEMBL417990,CN1CCc2cc3c(cc2[C@H]1[C@@H]1OC(=O)c2c1ccc1c2OCO1)OCO3,-7.75,367.4,2.58,66.5,0,7,1,3.6,0.718,0,3.83,0.594,NOSCAPINE HYDROCHLORIDE,0.091,novel,8.254
CHEMBL285066,O=C1C2CCCN2C(=O)CN1CN1CCN(c2cccc3ccccc23)CC1,-8.07,378.5,1.75,47.1,0,4,3,2.82,0.817,0,2.91,0.319,NAFTOPIDIL,0.183,novel,8.251
CHEMBL22044,CC(=O)NC[C@@H]1OC(=O)N2c3ccc(-c4ccccc4)cc3C[C@@H]12,-8.01,322.4,2.74,58.6,1,3,3,3.03,0.945,0,3.09,0.361,LINEZOLID,0.146,novel,8.251
CHEMBL405225,N=c1sc2ccccc2n1CCN1CCC(c2ccc(F)cc2)CC1,-8.39,355.5,4.2,32.0,1,3,4,2.32,0.747,0,1.99,0.338,KETANSERIN,0.1,novel,8.248
CHEMBL24646,COc1ccc(-c2nc3cc(C4=NNC(=O)CC4C)ccc3[nH]2)cc1,-8.23,334.4,3.1,79.4,2,4,3,2.9,0.772,0,2.43,0.267,OMEPRAZOLE,0.066,novel,8.236
CHEMBL47678,COc1ccc(N2C[C@H](CN3CCC(O)(c4ccc5c(c4)OCCO5)CC3)OC2=O)cc1,-8.21,440.5,2.78,80.7,1,7,5,3.01,0.766,0,2.47,0.329,TOLOXATONE,0.108,novel,8.234
CHEMBL26503,O=C1CCc2cc3c(c4c5cc(CN6CCOCC6)ccc5n1c24)CCNC3,-8.04,375.5,2.86,46.5,1,4,2,2.83,0.748,0,2.96,0.25,PLERIXAFOR,0.07,novel,8.233
CHEMBL9516,c1cc(C2=NCCN2)ccc1CC1CCCN(c2ccc(C3=NCCN3)cc2)C1,-8.16,387.5,2.85,52.0,2,5,5,3.11,0.83,0,2.58,0.264,TOLAZOLINE,0.067,novel,8.221
CHEMBL18045,O=C1CS(=O)(=O)Nc2cc(OCc3ccc4ccccc4n3)ccc21,-7.99,354.4,2.75,85.4,1,5,3,2.65,0.782,0,3.07,0.22,ARIPIPRAZOLE,0.12,novel,8.221
CHEMBL14455,COc1oc(=O)c2cc(NC(=O)Oc3ccccc3)ccc2c1Cl,-8.21,345.7,4.07,77.8,1,5,3,2.34,0.774,0,2.42,0.295,BENORILATE,0.139,novel,8.217
CHEMBL301874,O=C(c1ccc(F)cc1)C1CCN(CCn2nc3n(c2=O)CCCC3)CC1,-7.85,372.4,2.12,60.1,0,4,5,2.39,0.755,0,3.46,0.485,KETANSERIN,0.105,novel,8.216
CHEMBL14896,COc1ccc2c(c1)OCCC2CN1CCC2(CC1)C(=O)NCN2c1ccccc1,-8.07,407.5,2.99,54.0,1,5,4,3.55,0.845,0,2.76,0.413,FLUSPIRILENE,0.116,novel,8.2
CHEMBL21430,CC(=O)NC[C@@H]1OC(=O)N2c3ccc(-c4ccc(C#N)cc4)cc3C[C@@H]12,-7.97,347.4,2.61,82.4,1,4,3,3.22,0.925,0,3.05,0.342,LINEZOLID,0.135,novel,8.196
CHEMBL275773,COc1cccc2c1C1CCN(CCCN3C(=O)c4ccccc4S3(=O)=O)CC1C2,-7.9,426.5,2.89,66.9,0,5,5,3.39,0.736,0,3.25,0.3,DONEPEZIL,0.096,novel,8.193
CHEMBL13979,CN1C[C@H](C(=O)Nc2ccc(Cl)nn2)C[C@@H]2c3cccc4[nH]cc(c34)C[C@H]21,-8.15,381.9,3.21,73.9,2,4,2,3.68,0.714,0,2.52,0.443,DIHYDROERGOTAMINE,0.106,novel,8.188
CHEMBL282577,O=C(c1ccc2cc[nH]c2c1)N1CCC(N2C(=O)OCc3ccccc32)CC1,-8.05,375.4,3.93,65.6,1,3,2,2.45,0.738,0,2.76,0.244,BENPERIDOL,0.125,novel,8.181
CHEMBL47715,O=C1O[C@@H](CN2CCC(O)(c3ccc4c(c3)OCO4)CC2)CN1c1ccc(Cl)cc1,-8.17,430.9,3.38,71.5,1,6,4,3.0,0.801,0,2.43,0.333,FIPEXIDE,0.091,novel,8.18
CHEMBL29158,Cc1cccc(COc2ccc3c(c2)[C@@H](O)[C@@H](Cc2cccnc2)CO3)n1,-7.93,362.4,3.65,64.5,1,5,5,3.16,0.751,0,3.04,0.237,PICOTAMIDE,0.105,novel,8.158
CHEMBL298094,CN1CCN(c2cc3nc(/C=C/c4ccccc4)nc(O)c3cc2F)CC1,-7.98,364.4,3.4,52.5,1,5,3,2.52,0.772,0,2.89,0.286,EMEDASTINE DIFUMARATE,0.149,novel,8.156
CHEMBL55947,CC(C)c1ccc2c(c1)C(=O)c1ccc(C3=NCCN3)cc1S2(=O)=O,-7.86,354.4,2.54,75.6,1,5,2,2.85,0.767,0,3.22,0.234,LOFEXIDINE,0.082,novel,8.153
CHEMBL298505,COc1cccc(NC(=O)N2CCO[C@H](CN3CCC(Cc4ccc(F)cc4)CC3)C2)c1,-8.33,441.5,4.02,54.0,1,4,6,2.71,0.736,0,1.88,0.315,ASTEMIZOLE,0.126,novel,8.151
CHEMBL279368,COc1cccc2c1OCCC2CN1CCC2(CC1)C(=O)NCN2c1ccccc1,-8.02,407.5,2.99,54.0,1,5,4,3.59,0.845,0,2.76,0.438,FLUSPIRILENE,0.118,novel,8.149
CHEMBL49497,O[C@@H]1c2ccccc2C[C@H]1N1CC=C(c2cccc3c2OCCO3)CC1,-8.02,349.4,3.21,41.9,1,4,2,3.45,0.904,0,2.71,0.258,NEFOPAM HYDROCHLORIDE,0.101,novel,8.128
CHEMBL556312,O=C1NCCN1CCN1CCC(C2CN(c3ccc(F)cc3)c3ccccc32)CC1,-8.28,408.5,3.8,38.8,1,3,5,3.0,0.818,0,1.97,0.472,SERTINDOLE,0.09,novel,8.125
CHEMBL280538,C[C@@H]1C(=O)c2ccc(O)cc2O[C@@H]1c1ccc(OCCN2CCCCC2)cc1,-8.11,381.5,4.21,59.0,1,5,5,3.08,0.841,0,2.43,0.451,LASOFOXIFENE,0.113,novel,8.118
CHEMBL440782,C[C@]12C[C@@H](O)[C@H]3[C@@H](CCC4=CC(=O)CC[C@@]43C)[C@@H]1CC[C@@H]2C(=O)CO,-7.96,346.5,2.67,74.6,2,4,2,4.32,0.806,0,2.85,0.623,HYDROCORTISONE,0.106,novel,8.117
CHEMBL43696,COc1ccc(C(=O)Nc2ccc3c(c2)CN(C)CC3)cc1C(F)(F)F,-8.13,364.4,3.95,41.6,1,3,3,2.14,0.897,0,2.35,0.36,PONATINIB,0.145,novel,8.116
CHEMBL276919,CC1(c2ccc(F)cc2)OC(/C=C/c2ccc(C#N)cc2)=CC1=O,-8.07,319.3,4.11,50.1,0,3,3,3.13,0.855,0,2.52,0.328,CITALOPRAM,0.102,novel,8.113
CHEMBL46496,COc1ccc(N2C[C@@H](CN3CCC(O)(c4ccc(OC)cc4)CC3)OC2=O)cc1,-7.97,412.5,3.01,71.5,1,6,6,2.8,0.787,0,2.81,0.361,TOLOXATONE,0.119,novel,8.108
CHEMBL295891,COc1ccc(N2C[C@H](CN3CCC(O)(c4ccc5c(c4)CCO5)CC3)OC2=O)cc1,-7.98,424.5,2.94,71.5,1,6,5,3.04,0.796,0,2.74,0.315,TOLOXATONE,0.105,novel,8.101
CHEMBL58825,O=C(c1ccc(Cl)cc1)C1CCN(CCn2nc3n(c2=O)CCCC3)CC1,-7.68,388.9,2.63,60.1,0,4,5,2.38,0.739,0,3.59,0.38,KETANSERIN,0.092,novel,8.096
CHEMBL43751,O=C(NC(=O)c1ccccc1)Nc1cccc(C2CN3CCSC3=N2)c1,-7.98,366.4,3.11,73.8,2,5,3,2.88,0.875,0,2.72,0.558,LEVAMISOLE,0.141,novel,8.091
CHEMBL27460,O=C1NCN(c2ccccc2)C12CCN(C1CCCc3ccccc31)CC2,-8.06,361.5,3.49,35.6,1,3,2,3.34,0.889,0,2.49,0.424,FLUSPIRILENE,0.095,novel,8.09
CHEMBL45605,Cc1cc(-c2c(F)cc3c(=O)c(C(=O)O)cn4c3c2OCC42CC2)cc(C)n1,-7.99,380.4,3.4,81.4,1,4,2,3.53,0.737,0,2.66,0.368,OFLOXACIN,0.11,novel,8.084
CHEMBL301518,O[C@H]1c2ccc(F)cc2C[C@H]1N1CCN(c2cccc3c2OCCC3)CC1,-7.96,368.5,2.93,35.9,1,4,2,3.27,0.884,0,2.75,0.246,NEBIVOLOL,0.087,novel,8.084
CHEMBL37093,c1ccc2cc(-c3noc(C4CN5CCC4CC5)n3)ccc2c1,-8.07,305.4,3.7,42.2,0,4,2,3.46,0.724,0,2.44,0.254,ATALUREN,0.113,novel,8.083
CHEMBL24291,C[C@]12CCC(=O)C=C1NCC1C2CC[C@@]2(C)C1CC[C@@H]2C(=O)N1CCOCC1,-7.81,386.5,2.76,58.6,1,4,1,4.29,0.753,0,3.18,0.477,PROGESTERONE,0.091,novel,8.083
CHEMBL27271,O=C1NC(Cc2ccccc2)C2(CCN(CC(O)C3COc4ccccc4O3)CC2)O1,-8.19,424.5,2.37,80.3,2,6,5,4.25,0.767,0,2.09,0.319,FENSPIRIDE,0.135,novel,8.081
CHEMBL33205,CC1(C)N=C(N)N=C(N)N1c1cccc(OC[C@]23C[C@H]4C[C@H](C[C@H](C4)C2)C3)c1,-8.2,381.5,3.47,89.2,2,6,4,4.07,0.836,0,2.04,0.203,TOLOXATONE,0.076,novel,8.072
CHEMBL299713,Nc1nc2cc3c(cc2s1)C(=O)[C@@H]1C2CCCC[C@]32CCN1CC1CCC1,-8.09,381.5,4.38,59.2,1,5,2,4.67,0.839,0,2.34,0.303,LEVALLORPHAN,0.071,novel,8.072
CHEMBL299405,O[C@@H]1c2ccccc2C[C@H]1N1CCN(c2cccc3c2OCCO3)CC1,-7.92,352.4,2.24,45.2,1,5,2,3.13,0.898,0,2.84,0.293,ESLICARBAZEPINE,0.11,novel,8.072
CHEMBL25517,O=C1NC(c2ccccc2)C2(CCN(CC(O)C3COc4ccccc4O3)CC2)O1,-8.11,410.5,2.5,80.3,2,6,4,4.27,0.806,0,2.29,0.29,FENSPIRIDE,0.138,novel,8.066
CHEMBL44604,COc1ccc(N2C[C@H](CN3CCC(O)(c4ccc(F)cc4)CC3)OC2=O)cc1,-7.88,400.5,3.14,62.2,1,5,5,2.81,0.836,0,2.93,0.357,HALOPERIDOL,0.113,novel,8.062
CHEMBL59174,O=C(c1ccc(F)cc1)C1CCN(CCCn2nc3n(c2=O)CCCC3)CC1,-7.66,386.5,2.51,60.1,0,4,6,2.39,0.716,0,3.54,0.449,KETANSERIN,0.115,novel,8.062
CHEMBL28363,O[C@@H]1c2cc(OCc3ccccn3)ccc2OC[C@@H]1Cc1cccnc1,-7.8,348.4,3.34,64.5,1,5,5,3.09,0.766,0,3.13,0.25,MONOBENZONE,0.096,novel,8.058
CHEMBL283235,COc1cc2c(cc1OC)[C@@H]1C[C@]3(CNC(=O)O3)[C@@H](Cc3ccccc3)CN1CC2,-7.95,408.5,3.34,60.0,1,5,4,4.22,0.841,0,2.69,0.423,TETRABENAZINE,0.095,novel,8.052
CHEMBL43469,c1cc2c(cc1[C@H]1OC[C@H]3[C@@H]1CO[C@H]3c1ccc3c(c1)OCO3)OCO2,-7.69,354.4,3.22,55.4,0,6,2,3.77,0.825,0,3.45,0.323,TADALAFIL,0.102,novel,8.052
CHEMBL286411,CC(C)C1CCC(N2CCC(N3C(=O)N[C@@H]4CCCC[C@H]43)CC2)CC1,-8.15,347.5,4.0,35.6,1,2,3,3.4,0.837,0,2.11,0.213,SPARTEINE,0.084,novel,8.051
CHEMBL267154,C(=C1/CCCN(c2ccc(C3=NCCN3)cc2)C1)\c1ccc(C2=NCCN2)cc1,-8.02,385.5,3.07,52.0,2,5,4,2.93,0.851,0,2.47,0.233,TETRAHYDROZOLINE,0.068,novel,8.05
CHEMBL24738,Nc1nc(C2CCN(C(=O)Cc3ccccc3)CC2)c2ccccc2n1,-7.82,346.4,3.16,72.1,1,4,3,2.11,0.791,0,3.06,0.295,PITAVASTATIN CALCIUM,0.191,novel,8.049
CHEMBL49117,COc1cccc(NC(=O)N2CCO[C@@H](CN3CCC(Cc4ccc(F)cc4)CC3)C2)c1,-8.23,441.5,4.02,54.0,1,4,6,2.71,0.736,0,1.88,0.315,ASTEMIZOLE,0.126,novel,8.045
CHEMBL37638,Cc1ccnc(N2CCN(CCC3NC(=O)c4ccccc43)CC2)c1,-7.88,336.4,2.39,48.5,1,4,4,2.83,0.931,0,2.85,0.307,PIRENZEPINE,0.092,novel,8.04
CHEMBL298855,COc1ccc2c(c1)[C@@H](O)[C@H](N1CCC(c3cccc4c3OCCO4)CC1)C2,-7.91,381.5,3.3,51.2,1,5,3,3.28,0.884,0,2.76,0.306,DEXTROMETHORPHAN,0.084,novel,8.038
CHEMBL23412,O=c1oc2ncccc2n1CCN1CCC(c2ccccc2)CC1,-7.73,323.4,2.87,51.3,0,4,4,2.37,0.741,0,3.27,0.284,BEPOTASTINE,0.11,novel,8.031
CHEMBL14349,COc1cccc2c1C(CN1CCC3(CC1)C(=O)NCN3c1ccccc1)CCO2,-7.9,407.5,2.99,54.0,1,5,4,3.61,0.845,0,2.76,0.432,FLUSPIRILENE,0.116,novel,8.027
CHEMBL26638,O=C1NCN(c2ccccc2)C12CCN([C@H]1CCCc3ccccc31)CC2,-7.99,361.5,3.49,35.6,1,3,2,3.34,0.889,0,2.49,0.424,FLUSPIRILENE,0.095,novel,8.024
CHEMBL296328,c1cc2c(cc1-c1nn[nH]n1)[C@@]13CCCC[C@H]1[C@@H](C2)N(CC1CCC1)CC3,-7.87,363.5,3.73,57.7,1,4,3,4.35,0.903,0,2.83,0.464,LEVALLORPHAN,0.057,novel,8.018
CHEMBL45686,COc1ccc(N2C[C@H](CN3CCC(O)(c4ccc5c(c4)OCO5)CC3)OC2=O)cc1,-7.94,426.5,2.73,80.7,1,7,5,2.99,0.787,0,2.63,0.329,TOLOXATONE,0.108,novel,8.017
CHEMBL25623,Nc1nc(C2CCN(CCc3ccccc3)CC2)c2ccccc2n1,-7.94,332.5,3.63,55.0,1,4,4,2.08,0.792,0,2.61,0.38,BILASTINE,0.147,novel,8.015
CHEMBL289615,O=C1NC(c2ccccc2)CN1S(=O)(=O)c1ccc2c(c1)CCC2,-7.68,342.4,2.63,66.5,1,3,3,2.8,0.932,0,3.37,0.293,CARBENICILLIN INDANYL SODIUM,0.101,novel,8.015
CHEMBL52477,CCCc1ccc2c(c1)C(=O)c1ccc(C3=NCCN3)cc1S2(=O)=O,-7.76,354.4,2.37,75.6,1,5,3,2.81,0.783,0,3.13,0.237,TOLAZOLINE,0.093,novel,8.014
CHEMBL7118,N#Cc1cccnc1N1CCN(C(=O)c2cc3ccccc3[nH]2)CC1,-7.83,331.4,2.4,76.0,1,4,2,2.23,0.782,0,2.93,0.479,DELAVIRDINE,0.132,novel,8.012
CHEMBL51075,O=C(NN1CCc2ccccc2C1)Oc1ccc(Cc2ccccc2)cc1,-8.1,358.4,4.34,41.6,1,3,4,2.16,0.754,0,2.15,0.314,DEBRISOQUIN,0.145,novel,8.01
CHEMBL52327,O=c1[nH]c2ccsc2c(=O)n1CCN1CCN(c2ccccc2Cl)CC1,-7.8,390.9,2.23,61.3,1,5,4,2.33,0.742,0,2.98,0.388,FLIBANSERIN,0.095,novel,8.006
CHEMBL287418,Cc1cc2c(cc1Cl)N(C(=O)CN1CCN(C)CC1)c1ccccc1N(C)S2(=O)=O,-7.73,449.0,2.7,64.2,0,5,2,2.75,0.706,0,3.17,0.391,PIRENZEPINE,0.12,novel,8.005
CHEMBL49896,O=C(NN1CCOCC1)Oc1ccc(NC(=O)C2CCCCC2)cc1,-7.91,347.4,2.54,79.9,2,5,4,2.2,0.875,0,2.67,0.268,OMBITASVIR,0.085,novel,8.004
CHEMBL282765,CC1CC(=O)NN=C1c1ccc(-n2cnc3c2CCCC3)cc1,-7.8,308.4,2.61,59.3,1,3,2,3.23,0.927,0,2.95,0.195,ONDANSETRON,0.058,novel,7.997
CHEMBL25624,O=C(c1ccccc1)N1CCC(c2nc(O)nc3ccccc23)CC1,-7.8,333.4,3.36,66.3,1,4,2,2.23,0.781,0,2.96,0.306,PITAVASTATIN,0.185,novel,7.995
CHEMBL418140,COc1ccccc1N1CCN(Cc2ccc(-c3ccc(F)cc3)[nH]2)CC1,-8.13,365.5,4.15,31.5,1,3,5,2.13,0.737,0,2.0,0.391,NAFTOPIDIL,0.098,novel,7.991
CHEMBL20847,CC(=O)NC[C@@H]1OC(=O)N2c3ccc(-c4cccnc4)cc3CC[C@@H]12,-7.72,337.4,2.52,71.5,1,4,3,3.27,0.934,0,3.15,0.312,LINEZOLID,0.131,novel,7.988
CHEMBL430732,CN1CCC2(c3cccc(O)c3)CC1C[C@@H](NC(=O)Cc1ccccc1)C2,-7.92,364.5,3.25,52.6,2,3,4,4.12,0.876,0,2.58,0.375,ALVIMOPAN,0.167,novel,7.987
CHEMBL283617,O=C1NCN(c2ccccc2)C12CCN(C1CCc3cccc(Cl)c3C1)CC2,-8.09,395.9,3.63,35.6,1,3,2,3.52,0.843,0,2.1,0.4,FLUSPIRILENE,0.1,novel,7.986
CHEMBL22158,COc1ccccc1N1CCN(C(=O)CCc2c[nH]c3ccc(C)cc23)CC1,-7.95,377.5,3.77,48.6,1,3,5,2.07,0.736,0,2.48,0.379,MELATONIN,0.126,novel,7.976
CHEMBL9620,C=Cc1c(C)nn(CCCN2CCN(c3cccc(Cl)c3)CC2)c(=O)c1N,-7.67,387.9,2.64,67.4,1,5,6,2.54,0.825,0,3.26,0.515,TRAZODONE,0.112,novel,7.969
CHEMBL41379,CN1CCN(c2cc(C34C[C@H]5C[C@@H](C3)C[C@@H](C4)C5)c3ccccc3n2)CC1,-8.1,361.5,4.45,19.4,0,3,2,3.6,0.787,0,2.01,0.292,EMEDASTINE,0.129,novel,7.966
CHEMBL299817,O[C@@H]1c2ccc(F)cc2C[C@H]1N1CCN(c2cccc3c2OCCC3)CC1,-7.84,368.5,2.93,35.9,1,4,2,3.27,0.884,0,2.75,0.246,NEBIVOLOL,0.087,novel,7.96
CHEMBL417421,COc1ccc2c(c1)CCC=C2CCCN1CCN(c2ccccn2)CC1,-7.95,363.5,4.02,28.6,0,4,6,2.39,0.775,0,2.43,0.286,GEPIRONE,0.089,novel,7.958
CHEMBL30414,Clc1ccc2c(NCCN3CCN(c4ccccn4)CC3)ccnc2c1,-7.88,367.9,3.52,44.3,1,5,5,2.15,0.747,0,2.61,0.375,GLAFENINE,0.089,novel,7.951
CHEMBL24909,c1ccc2sc(N3CCN(Cc4ccc5c(c4)OCO5)CC3)nc2c1,-7.75,353.4,3.35,37.8,0,6,3,2.07,0.722,0,2.97,0.4,FIPEXIDE,0.107,novel,7.949
CHEMBL278170,O=C(Nc1cn(-c2cccc(C(F)(F)F)c2)cn1)n1ccccc1=O,-7.68,348.3,3.13,68.9,1,3,2,2.62,0.774,0,3.17,0.287,ANTRAFENINE,0.146,novel,7.947
CHEMBL277139,Cc1ccc(COc2ccc(C3=NN(CCC#N)C(=O)CO3)cc2)cc1,-7.56,349.4,3.01,74.9,0,5,6,2.43,0.803,0,3.51,0.241,MONOBENZONE,0.094,novel,7.946
CHEMBL61096,CC(C)Oc1ccccc1N1CCN(Cc2cccc(C(=O)N3CCC(O)CC3)c2)CC1,-7.97,437.6,3.39,56.2,1,5,6,2.19,0.751,0,2.32,0.32,NAFTOPIDIL,0.136,novel,7.945
CHEMBL296361,O[C@@H]1c2ccc(F)cc2C[C@H]1N1CCC(c2cccc3ccoc23)CC1,-8.1,351.4,4.41,36.6,1,3,2,3.35,0.743,0,1.94,0.25,NEBIVOLOL,0.103,novel,7.938
CHEMBL416283,O[C@H]1c2ccccc2C[C@H]1N1CCN(c2cccc3c2OCCO3)CC1,-7.78,352.4,2.24,45.2,1,5,2,3.13,0.898,0,2.84,0.293,ESLICARBAZEPINE,0.11,novel,7.934
CHEMBL48974,O=C1c2ccc(-c3nn[nH]n3)cc2[C@@]23CCCC[C@H]2[C@@H]1N(CC1CCC1)CC3,-7.78,377.5,3.37,74.8,1,5,3,4.56,0.888,0,2.85,0.308,LEVALLORPHAN,0.08,novel,7.934
CHEMBL294633,O=C(NCCN1CCN(c2cccc3ccoc23)CC1)c1ccc(F)cc1,-7.74,367.4,3.12,48.7,1,4,5,2.13,0.753,0,2.94,0.424,MOCLOBEMIDE,0.159,novel,7.928
CHEMBL27790,C[C@H](C(N)=O)N1CC[C@@]23CCCC[C@@H]2[C@@H]1Cc1ccc(OCc2cccc(F)c2)cc13,-8.1,422.5,4.34,55.6,1,3,5,4.4,0.78,0,1.91,0.446,DEXTROMETHORPHAN,0.11,novel,7.927
CHEMBL9479,c1cc(C2=NCCN2)ccc1CC1CCN(c2ccc(C3=NCCN3)cc2)CC1,-7.87,387.5,2.85,52.0,2,5,5,2.65,0.83,0,2.58,0.286,TOLAZOLINE,0.07,novel,7.927
CHEMBL6918,C=CCOc1ccc(-c2ccc(N3CC(CNC(C)=O)OC3=O)cc2)ccc1=O,-7.78,394.4,2.74,84.9,1,5,7,2.92,0.73,0,2.82,0.471,LINEZOLID,0.123,novel,7.923
CHEMBL278666,COc1ccc2c(c1)OC[C@@H](N1CCC(O)(c3ccc(F)cc3)CC1)[C@H]2O,-7.71,373.4,2.61,62.2,2,5,3,3.26,0.866,0,2.97,0.311,MESTRANOL,0.086,novel,7.91
CHEMBL27178,Cc1noc(NS(=O)(=O)c2cccc3c(N4CCCCC4)cccc23)c1C,-7.95,385.5,4.24,75.4,1,5,4,2.33,0.727,0,2.28,0.436,SULFISOXAZOLE,0.105,novel,7.908
CHEMBL287092,O=C(Nc1n[nH]c2nnc(-c3cccc(F)c3F)cc12)C1CCCC1,-7.96,343.3,3.43,83.6,2,4,3,2.6,0.763,0,2.23,0.259,CRAVACITINIB,0.118,novel,7.905
CHEMBL282895,O=C(Nc1cccc2c1CC(O)C(N1CCC(c3ccccc3)CC1)C2)C(F)(F)F,-8.14,418.5,3.9,52.6,2,3,3,3.24,0.795,0,1.73,0.26,NADOLOL,0.157,novel,7.902
CHEMBL7643,O=C(Nc1ccc(Cl)cc1)NS(=O)(=O)c1ccc2c(c1)CCC2,-7.86,350.8,3.34,75.3,2,3,3,1.94,0.891,0,2.53,0.42,CHLORPROPAMIDE,0.09,novel,7.902
CHEMBL434779,CC1(C)Oc2ccc(C#N)cc2[C@@H]2[C@H]1OCCN2C(=O)c1ccccc1,-7.51,348.4,3.31,62.6,0,4,1,3.3,0.793,0,3.5,0.259,LEVOCABASTINE,0.126,novel,7.897
CHEMBL13904,COc1cccc2c1C1CCN(CCNC(=O)c3ccc(F)cc3)CC1C2,-7.78,368.5,3.23,41.6,1,3,5,2.95,0.881,0,2.71,0.35,LUMATEPERONE,0.136,novel,7.888
CHEMBL39300,CCN1CCC(C(=O)Nc2n[nH]c3nnc(-c4cccc(F)c4F)cc23)CC1,-7.91,386.4,2.97,86.8,2,5,4,2.65,0.72,0,2.33,0.287,LASMIDITAN,0.144,novel,7.885
CHEMBL51137,O[C@H]1c2ccccc2C[C@H]1N1CC=C(c2cccc3c2OCCO3)CC1,-7.78,349.4,3.21,41.9,1,4,2,3.45,0.904,0,2.71,0.258,NEFOPAM HYDROCHLORIDE,0.101,novel,7.883
CHEMBL14750,COc1ccc2c(c1)CCc1c-2nc2cc3c(cc2c1O)OCO3,-7.76,321.3,3.44,60.8,1,5,1,2.54,0.744,0,2.74,0.314,BERBERINE,0.091,novel,7.883
CHEMBL268392,COc1cc2c(cc1OC)C1C(=O)c3ccc4c(c3OC1CO2)C(C)(C)C=CO4,-7.7,394.4,4.01,63.2,0,6,2,3.93,0.767,0,2.92,0.25,DOXAZOSIN,0.102,novel,7.883
CHEMBL287825,CC(=O)N1N=C2/C(=C/c3ccccc3)CS(=O)(=O)CC2C1c1ccccc1,-7.47,380.5,3.07,66.8,0,4,2,3.45,0.804,0,3.57,0.243,NOMIFENSINE MALEATE,0.135,novel,7.882
CHEMBL51777,C[C@H](C(N)=O)N1CCC23CCCCC2[C@@H]1Cc1ccc(OCc2cccc(F)c2)cc13,-8.05,422.5,4.34,55.6,1,3,5,4.4,0.78,0,1.91,0.446,DEXTROMETHORPHAN,0.11,novel,7.881
CHEMBL269368,COc1cccc(-c2ccc(N3CC(CNC(C)=O)OC3=O)cc2)cc1=O,-7.74,368.4,2.18,84.9,1,5,5,2.68,0.874,0,2.79,0.507,LINEZOLID,0.115,novel,7.881
CHEMBL7563,COc1ccc(-c2ccc(N3C[C@H](CNC(C)=O)OC3=O)cc2F)ccc1=O,-7.77,386.4,2.32,84.9,1,5,5,2.82,0.853,0,2.71,0.582,LINEZOLID,0.13,novel,7.874
CHEMBL30623,O=C1CCC(c2ccc(-n3cnc4c3CCCC4)cc2)=NN1,-7.77,294.4,2.37,59.3,1,3,2,2.72,0.924,0,2.69,0.192,ALOSETRON,0.068,novel,7.871
CHEMBL36854,c1ccc2ncc(-c3noc(C4CN5CCC4CC5)n3)cc2c1,-7.63,306.4,3.09,55.1,0,5,2,3.61,0.728,0,3.08,0.221,ATALUREN,0.107,novel,7.869
CHEMBL23610,CS(=O)(=O)c1ccc(C2=C(Oc3cc(F)cc(F)c3)C(=O)CC2)cc1,-7.52,364.4,3.52,60.4,0,4,4,2.55,0.833,0,3.4,0.392,ROFECOXIB,0.09,novel,7.868
CHEMBL6476,COc1ccc(-c2ccc(N3CC(CNC(C)=O)OC3=O)cc2)ccc1=O,-7.73,368.4,2.18,84.9,1,5,5,2.68,0.874,0,2.79,0.516,LINEZOLID,0.119,novel,7.866
CHEMBL23924,N[C@H](C(=O)N1CC[C@@H](F)C1)[C@H]1CC[C@H](NC(=O)c2ccc(F)c(F)c2)CC1,-7.85,383.4,2.15,75.4,2,3,4,3.2,0.837,0,2.45,0.267,ENSARTINIB,0.119,novel,7.865
CHEMBL301224,O=C1CC2(CCCC2)CCN1CCN1CCN(c2cc(Cl)ccc2Cl)CC1,-8.07,410.4,4.3,26.8,0,3,4,2.94,0.741,0,1.8,0.371,BUSPIRONE,0.067,novel,7.864
CHEMBL432886,O=C1Nc2cccnc2N(C(=O)CN2CCCCC2CN2CCOCC2)c2ccccc21,-7.82,435.5,2.5,78.0,1,6,4,3.08,0.795,0,2.51,0.586,PIRENZEPINE,0.113,novel,7.864
CHEMBL34252,COc1cc2c(cc1OC)-c1cc(Nc3ccc(C)c(C)c3)nc(=O)n1CC2,-7.72,377.4,3.84,65.4,1,5,4,2.46,0.748,0,2.8,0.385,ENSIFENTRINE,0.067,novel,7.863
CHEMBL283477,O=C1OC2(CCN(CCc3c[nH]c4ccccc34)CC2)CN1Cc1ccccc1,-7.95,389.5,4.2,48.6,1,3,5,2.83,0.712,0,2.13,0.45,FENSPIRIDE,0.127,novel,7.854
CHEMBL55999,COc1cccc2c1CCC(=O)N2CCCN1CCN(c2cccc(O)c2)CC1,-7.65,395.5,2.89,56.2,1,5,6,2.3,0.815,0,2.98,0.338,TRAZODONE,0.101,novel,7.854
CHEMBL417684,O=C1NC[C@@]2(CCN3C[C@@H](c4ccccc4)c4ccccc4[C@@H]3C2)O1,-7.84,334.4,3.45,41.6,1,3,1,4.04,0.868,0,2.43,0.446,FENSPIRIDE,0.107,novel,7.85
CHEMBL58593,CN1C2CCC1CC(NC(=O)c1cc(-c3ccccc3)c3ccccn13)C2,-7.89,359.5,3.96,36.8,1,2,3,3.84,0.768,0,2.27,0.475,GRANISETRON,0.169,novel,7.849
CHEMBL53952,O=c1ccc2ccc(O)cc2n1CCCN1CCN(c2ccc(F)cc2)CC1,-7.69,381.5,3.06,48.7,1,4,5,2.19,0.738,0,2.84,0.296,TRAZODONE,0.096,novel,7.847
CHEMBL280650,O[C@@H]1CCC2CN3CCc4cc5c(cc4[C@H]3C[C@@H]2C1)OCO5,-7.83,301.4,2.5,41.9,1,4,0,3.72,0.799,0,2.44,0.31,BENZQUINAMIDE,0.053,novel,7.845
CHEMBL25611,COc1ccc(CCC(=O)N2CCC(N3C(=O)OCc4ccccc43)CC2)c(OC)c1,-7.72,424.5,3.78,68.3,0,5,6,2.38,0.706,0,2.74,0.277,ENCAINIDE,0.118,novel,7.844
CHEMBL292209,CN1C2CCC1CC(NC(=O)N1CC(c3ccccc3)c3ccccc31)C2,-7.9,361.5,3.97,35.6,1,2,2,4.0,0.878,0,2.23,0.381,GRANISETRON,0.154,novel,7.842
CHEMBL427566,CC1(C)Oc2ccc(C#N)cc2[C@H](N2CCN(Cc3ccccc3)CC2)[C@H]1O,-7.57,377.5,2.95,59.7,1,5,3,3.1,0.891,0,3.18,0.293,PERICIAZINE,0.103,novel,7.842
CHEMBL34307,COc1cc2c(cc1OC)-c1cc(Nc3cc(C)cc(C)c3)nc(=O)n1CC2,-7.7,377.4,3.84,65.4,1,5,4,2.53,0.748,0,2.8,0.419,ENSIFENTRINE,0.067,novel,7.839
CHEMBL48737,O=c1[nH]c2cscc2c(=O)n1CCN1CCN(c2ccc(Cl)cc2)CC1,-7.64,390.9,2.23,61.3,1,5,4,2.41,0.742,0,2.98,0.4,FLIBANSERIN,0.093,novel,7.839
CHEMBL58940,COc1cccc2c1CCC(=O)N2CCN1CCN(c2cccc(Cl)c2)CC1,-7.78,399.9,3.45,36.0,0,4,5,2.22,0.771,0,2.58,0.391,TRAZODONE,0.087,novel,7.837
CHEMBL42868,O=C1NN(c2ccccc2)CC1C(O)(c1ccccc1)c1ccccc1,-7.78,344.4,3.09,52.6,2,3,4,2.91,0.765,0,2.57,0.286,FEXOFENADINE,0.145,novel,7.835
CHEMBL50072,CC(C)NC(=O)N1Cc2c(-c3noc(C4CC4)n3)ncn2-c2ccccc21,-7.72,364.4,3.24,89.1,1,5,3,2.79,0.771,0,2.72,0.233,HEXYLCAINE,0.136,novel,7.835
CHEMBL24522,CN1CC2(CCN(CCc3c[nH]c4ccccc34)CC2)OC1=O,-7.7,313.4,2.63,48.6,1,3,3,2.94,0.947,0,2.77,0.46,INDORAMIN,0.135,novel,7.834
CHEMBL283916,Cc1cccc(SCc2ccc(N3C(N)=NC(N)=NC3(C)C)cc2)c1,-7.84,353.5,3.47,80.0,2,6,4,2.58,0.825,0,2.38,0.227,TOLOXATONE,0.078,novel,7.831
CHEMBL43832,CN1C(=O)CCC2(C)C3CCC4(C)C(CC[C@@H]4C(N)=O)C3CCC12,-7.56,332.5,2.95,63.4,1,2,1,4.19,0.802,0,3.18,0.4,PROGESTERONE,0.102,novel,7.831
CHEMBL51584,COc1cccc(NC(=O)N2CCOC(CN3CCC(Cc4ccc(F)cc4)CC3)C2)c1,-8.01,441.5,4.02,54.0,1,4,6,2.71,0.736,0,1.88,0.315,ASTEMIZOLE,0.126,novel,7.83
CHEMBL42007,COc1ccc(C(=O)Nc2cnc3c(c2)CN(C)CC3(C)C)cc1C#N,-7.58,350.4,2.94,78.2,1,5,3,2.73,0.921,0,3.09,0.282,TAMIBAROTENE,0.099,novel,7.825
CHEMBL26700,c1ccc2oc(N3CCN(Cc4ccc5c(c4)OCO5)CC3)nc2c1,-7.48,337.4,2.88,51.0,0,6,3,2.18,0.732,0,3.38,0.406,FIPEXIDE,0.108,novel,7.824
CHEMBL267930,O=C(CCCN1CCC2(CC1)C(=O)NCN2c1ccccc1)c1ccc(F)cc1,-7.71,395.5,3.22,52.7,1,4,6,2.8,0.763,0,2.72,0.69,FLUSPIRILENE,0.157,novel,7.823
CHEMBL31014,COc1cc2c(cc1OC)[C@@H]1C[C@]3(CNC(=O)O3)[C@@H](c3ccccc3)CN1CC2,-7.66,394.5,3.27,60.0,1,5,3,4.19,0.866,0,2.86,0.426,TETRABENAZINE,0.087,novel,7.823
CHEMBL58419,CCn1c(NC2CCN(CC3COc4ccccc4O3)CC2)nc2ccccc21,-7.82,392.5,3.77,51.6,1,5,5,2.84,0.716,0,2.41,0.421,ASTEMIZOLE,0.126,novel,7.822
CHEMBL15350,CCN1CCN(c2cc3c(cc2F)c(=O)c(C(=O)O)cn3C(C)(C)C)CC1,-7.46,375.4,2.74,65.8,1,4,3,2.53,0.894,0,3.42,0.593,NORFLOXACIN,0.133,novel,7.822
CHEMBL16825,N#CCCN1N=C(c2ccc(OCc3ccccc3)cc2)OCC1=O,-7.42,335.4,2.7,74.9,0,5,6,2.39,0.813,0,3.56,0.346,MONOBENZONE,0.117,novel,7.822
CHEMBL20429,OC1CCCCC1N1CCC(C2CCN(C3CCCCC3O)CC2)CC1,-7.76,364.6,3.02,46.9,2,4,3,3.46,0.808,0,2.58,0.367,SPARTEINE,0.048,novel,7.818
CHEMBL6829,C#CCN(Cc1ccc2nc(C)nc(O)c2c1)c1ccc(C(=O)NCc2ccccc2)cc1,-8.18,436.5,4.21,78.3,2,5,7,2.52,0.424,0,1.37,0.303,PICOTAMIDE,0.203,novel,7.816
CHEMBL280185,COc1ccc(-c2ccc(C(N)=O)cc2)cc1OC1Cc2ccccc2C1,-7.68,359.4,4.01,61.5,1,3,5,2.07,0.749,0,2.79,0.339,ADAPALENE,0.117,novel,7.815
CHEMBL287783,COc1cccc2c1nc1n2CCC(O)=C1C(=O)Nc1ccccc1F,-7.8,353.4,3.5,76.4,2,4,3,2.54,0.756,0,2.44,0.308,RANOLAZINE,0.138,novel,7.813
CHEMBL269452,COc1cccc2c1CCC[C@H]2CN(C)CCc1ccc2oc(O)nc2c1,-7.74,366.5,4.14,58.7,1,5,6,3.1,0.711,0,2.6,0.272,ALFUZOSIN,0.102,novel,7.808
CHEMBL278558,N[C@H](C(=O)N1CCCC1)[C@H]1CC[C@H](NC(=O)c2ccc(F)c(F)c2)CC1,-7.72,365.4,2.2,75.4,2,3,4,2.68,0.859,0,2.64,0.282,INDORAMIN,0.123,novel,7.808
CHEMBL275758,CC1(C)Oc2ccc(S(=O)(=O)c3ccccc3)cc2[C@@H](N2CCCC2=O)[C@@H]1O,-7.67,401.5,2.71,83.9,1,5,3,3.21,0.855,0,2.8,0.253,MESORIDAZINE BESYLATE,0.114,novel,7.808
CHEMBL30032,Cc1noc(NS(=O)(=O)c2cccc3c(N4CCCC4)cccc23)c1C,-7.73,371.5,3.85,75.4,1,5,4,2.32,0.754,0,2.63,0.444,SULFISOXAZOLE,0.107,novel,7.805
CHEMBL298492,COc1ccc(N2C[C@H](CN3CCC(O)(c4ccc(C)cc4)CC3)OC2=O)cc1,-7.64,396.5,3.31,62.2,1,5,5,2.79,0.84,0,2.87,0.381,TOLOXATONE,0.114,novel,7.801
CHEMBL281949,CCN1CC2(CCN(CCc3c[nH]c4ccccc34)CC2)OC1=O,-7.67,327.4,3.02,48.6,1,3,4,2.96,0.939,0,2.76,0.439,INDORAMIN,0.115,novel,7.799
CHEMBL48390,O=C1c2ccc(O)cc2[C@@]23CCCC[C@H]2[C@@H]1N(CCc1ccccc1)CC3,-7.89,361.5,4.33,40.5,1,3,3,4.17,0.884,0,2.14,0.462,LEVALLORPHAN,0.13,novel,7.794
CHEMBL50832,CC1CN(C)C2C[C@H](NC(=O)CCN3CCCCC3)CC1(c1cccc(O)c1)C2,-7.79,399.6,3.12,55.8,2,4,5,4.44,0.799,0,2.4,0.337,ALVIMOPAN,0.144,novel,7.793
CHEMBL37237,Cn1cc(-c2noc(CC3CN4CCC3CC4)n2)c2ccccc21,-7.57,322.4,3.11,47.1,0,4,3,3.81,0.743,0,3.03,0.267,RAMOSETRON,0.117,novel,7.792
CHEMBL38349,Cc1nc(N2CCN(CCC3NC(=O)c4ccccc43)CC2)sc1C,-7.52,356.5,2.76,48.5,1,5,4,2.97,0.915,0,3.17,0.26,PIRENZEPINE,0.103,novel,7.792
CHEMBL10115,COc1cccc2c1CCC[C@H]2CN(C)CCc1ccc2nc(O)oc2c1,-7.72,366.5,4.14,58.7,1,5,6,3.11,0.711,0,2.6,0.272,ALFUZOSIN,0.115,novel,7.791
CHEMBL12878,O=C(O)CC1CCN(C(=O)N2CCC3(CC2)CCN(c2ccncc2)C3)CC1,-7.55,386.5,2.68,77.0,1,4,3,3.06,0.864,0,3.08,0.227,GOSOGLIPTIN,0.108,novel,7.787
CHEMBL27716,O=C1NCN(c2ccccc2)C12CCN([C@@H]1CCCc3ccccc31)CC2,-7.75,361.5,3.49,35.6,1,3,2,3.34,0.889,0,2.49,0.424,FLUSPIRILENE,0.095,novel,7.783
CHEMBL55408,Cc1cc(C)c(C)c(NC(=O)CN2CCN(c3ccccn3)CC2)c1C,-7.59,352.5,3.08,48.5,1,4,4,2.15,0.919,0,2.95,0.431,RANOLAZINE,0.154,novel,7.781
CHEMBL24671,O=C(O)CN1CCC2(CCC(C(=O)N3CCC(C4CCCCC4)CC3)CC2)CC1,-7.82,404.6,4.16,60.9,1,3,4,3.03,0.764,0,2.29,0.266,PRAZIQUANTEL,0.07,novel,7.779
CHEMBL42744,O=C(NC(=O)c1ccccc1F)Nc1cccc(C2CN3CCSC3=N2)c1,-7.75,384.4,3.25,73.8,2,5,3,2.98,0.852,0,2.48,0.491,LEVAMISOLE,0.135,novel,7.779
CHEMBL51624,O=c1[nH]c2cscc2c(=O)n1CCN1CCN(c2cccc(Cl)c2)CC1,-7.58,390.9,2.23,61.3,1,5,4,2.45,0.742,0,2.98,0.492,FLIBANSERIN,0.118,novel,7.779
CHEMBL297634,COc1ccc(N2C[C@@H](CN3CCC(O)(c4ccccc4)CC3)OC2=O)cc1,-7.51,382.5,3.0,62.2,1,5,5,2.74,0.861,0,3.17,0.365,TOLOXATONE,0.116,novel,7.778
CHEMBL299453,C/N=c1/cc2c(ccc1O)[C@H]1CC[C@]3(C)[C@@H](O)CC[C@H]3[C@@H]1CC2,-7.82,313.4,3.14,52.8,2,3,0,4.13,0.773,0,2.26,0.735,ESTRADIOL,0.07,novel,7.775
CHEMBL300956,Cc1ccc(C(=O)NCN2CCN(c3ccccc3C#N)CC2)cc1,-7.54,334.4,2.38,59.4,1,4,4,2.07,0.933,0,3.07,0.315,METHENAMINE HIPPURATE,0.156,novel,7.775
CHEMBL15079,CC(C)(C)OC(=O)c1ncn2c1CN(C(=O)N1CCCCC1)c1ccccc1-2,-7.51,382.5,3.75,67.7,0,4,1,2.64,0.705,0,3.15,0.329,FLUMAZENIL,0.119,novel,7.773
CHEMBL26621,CC1(C)C(=O)Nc2cc3[nH]c(/C=C/c4cccnc4)nc3cc21,-7.84,304.4,3.36,70.7,2,3,2,2.86,0.762,0,2.2,0.214,NIACIN,0.104,novel,7.766
CHEMBL17595,Oc1ccc2c(c1)OC[C@@H](N1CCC(c3ccccc3)CC1)[C@H]2O,-7.76,325.4,3.07,52.9,2,4,2,3.07,0.891,0,2.41,0.293,NEFOPAM,0.143,novel,7.765
CHEMBL46716,CCN(CC)C(=O)[C@H]1CCC2C3CC[C@H]4N(C)C(=O)[C@H](O)CC4(C)C3CCC21C,-7.64,404.6,3.31,60.9,1,3,3,4.48,0.785,0,2.76,0.393,BREXANOLONE,0.106,novel,7.765
CHEMBL52266,O=c1[nH]c2cscc2c(=O)n1CCN1CCN(c2ccccc2Cl)CC1,-7.56,390.9,2.23,61.3,1,5,4,2.44,0.742,0,2.98,0.424,KETANSERIN,0.122,novel,7.764
CHEMBL279361,Cc1cccc(COc2ccc(C3=NN(CCC#N)C(=O)CO3)cc2)c1,-7.38,349.4,3.01,74.9,0,5,6,2.49,0.803,0,3.51,0.26,SAFINAMIDE,0.108,novel,7.764
CHEMBL7035,CC1(C)N=C(N)N=C(N)N1c1ccc(OCc2ccc(Cl)c(Cl)c2)cc1,-7.98,392.3,3.76,89.2,2,6,4,2.49,0.829,0,1.78,0.257,SAFINAMIDE,0.058,novel,7.762
CHEMBL25625,CCC1NC(=O)OC12CCN(CC(O)C1COc3ccccc3O1)CC2,-7.83,362.4,1.54,80.3,2,6,4,4.42,0.846,0,2.19,0.271,FENSPIRIDE,0.151,novel,7.762
CHEMBL300786,O=C1Cc2ccccc2N1CCN1CCC(Cc2c[nH]c3ccc(F)cc23)CC1,-7.92,391.5,4.15,39.3,1,2,5,2.42,0.71,0,1.94,0.338,ELETRIPTAN,0.099,novel,7.757
CHEMBL281618,CC1(C)N=C(N)N=C(N)N1c1cccc(OCC23CC4CC(CC(C4)C2)C3)c1,-7.88,381.5,3.47,89.2,2,6,4,4.07,0.836,0,2.04,0.203,TOLOXATONE,0.076,novel,7.757
CHEMBL417461,CC1(C)N=C(N)N=C(N)N1c1cccc(COc2cccc(Cl)c2)c1,-7.75,357.8,3.1,89.2,2,6,4,2.51,0.879,0,2.42,0.253,SAFINAMIDE MESYLATE,0.076,novel,7.754
CHEMBL58144,CN1C2CCC1CC(NC(=O)n1cc(-c3ccccc3)c3ccccc31)C2,-7.9,359.5,4.49,37.3,1,2,2,3.76,0.732,0,1.99,0.475,GRANISETRON,0.188,novel,7.753
CHEMBL50694,C[C@@H]1C(=O)N(C(=O)n2cccc2)[C@H]2CCN(C(=O)OCc3ccccc3)C12,-7.27,367.4,2.71,71.9,0,4,2,3.69,0.818,0,3.77,0.309,BENZYL BENZOATE,0.145,novel,7.751
CHEMBL283910,O=C1NCN(c2ccccc2)C12CCN([C@H]1CCc3c(Cl)ccc(Cl)c3C1)CC2,-8.09,430.4,4.28,35.6,1,3,2,3.63,0.773,0,1.43,0.433,FLUSPIRILENE,0.089,novel,7.749
CHEMBL431883,CC(C)N1CC2(CCN(CCc3c[nH]c4ccccc34)CC2)OC1=O,-7.65,341.5,3.41,48.6,1,3,4,3.02,0.927,0,2.67,0.433,INDORAMIN,0.128,novel,7.749
CHEMBL14490,OC(c1ccccc1)(c1ccccc1)c1noc(C2CN3CCC2CC3)n1,-7.44,361.4,3.16,62.4,1,5,4,3.74,0.773,0,3.27,0.271,PROCYCLIDINE,0.129,novel,7.747
CHEMBL31478,c1ccc2c(c1)OC(N1CCCCC1)c1cnc(N3CCCCC3)nc1-2,-7.65,350.5,4.01,41.5,0,5,2,2.97,0.818,0,2.66,0.253,DOXAZOSIN,0.111,novel,7.746
CHEMBL417357,COc1ccc(N2C[C@H](CN3CCC(O)(c4ccccc4)CC3)OC2=O)cc1,-7.48,382.5,3.0,62.2,1,5,5,2.74,0.861,0,3.17,0.365,TOLOXATONE,0.116,novel,7.744
CHEMBL34001,O=C(NCCc1ccccc1)C1CCCCN1S(=O)(=O)/C=C/c1ccccc1,-7.55,398.5,3.2,66.5,1,3,7,2.6,0.779,0,2.94,0.333,PHENELZINE SULFATE,0.164,novel,7.741
CHEMBL25014,c1ccc([C@@H]2CCN(C[C@@H]3CCCc4c3ccc3c4OCO3)C2)cc1,-7.91,335.4,4.32,21.7,0,3,3,3.15,0.833,0,1.91,0.253,DARIFENACIN,0.118,novel,7.738
CHEMBL429052,OCCCN1CCN(C2=Nc3ccccc3Cn3c2cc2ccccc23)CC1,-7.6,374.5,3.08,44.0,1,4,3,2.56,0.766,0,2.79,0.388,QUETIAPINE,0.132,novel,7.736
CHEMBL13816,CN1C[C@H](CNC(=O)OCc2ccccc2)C[C@@H]2c3cccc4[nH]cc(c34)C[C@H]21,-7.87,389.5,4.05,57.4,2,3,4,3.44,0.708,0,2.01,0.474,PERGOLIDE MESYLATE,0.154,novel,7.733
CHEMBL23660,N[C@H](C(=O)N1CC[C@H](F)C1)[C@H]1CC[C@H](NC(=O)c2ccc(F)c(F)c2)CC1,-7.71,383.4,2.15,75.4,2,3,4,3.2,0.837,0,2.45,0.267,ENSARTINIB,0.119,novel,7.733
CHEMBL18211,CC1(c2ccccc2)OC(/C=C/c2ccc(C#N)cc2)=CC1=O,-7.72,301.3,3.97,50.1,0,3,3,3.06,0.862,0,2.43,0.264,METHSUXIMIDE,0.13,novel,7.732
CHEMBL53140,CCCOc1ccc2c(c1)C(=O)c1ccc(C3=NCCN3)cc1S2(=O)=O,-7.6,370.4,2.2,84.8,1,6,4,2.79,0.761,0,2.79,0.228,PHENTOLAMINE MESYLATE,0.09,novel,7.732
CHEMBL282932,CCc1cccc(OCc2cccc(N3C(N)=NC(N)=NC3(C)C)c2)c1,-7.73,351.5,3.01,89.2,2,6,5,2.51,0.866,0,2.41,0.254,SAFINAMIDE,0.082,novel,7.731
CHEMBL269341,N#Cc1ccc(-c2nc(-c3ccc4c(c3)OCO4)c(-c3ccccn3)[nH]2)cc1,-7.81,366.4,4.41,83.8,1,5,3,2.39,0.581,0,2.17,0.278,PERAMPANEL,0.087,novel,7.73
CHEMBL17674,CC1=NN(C(=O)Nc2cccc(C)c2)C(C)=NN1C(=O)Nc1cccc(C)c1,-8.02,378.4,4.35,89.4,2,4,2,2.85,0.813,0,1.57,0.322,TORSEMIDE,0.149,novel,7.726
CHEMBL34706,CC1CC=C(Nc2ccc3ccccc3c2)c2ncc(C(=O)O)c(=O)n21,-7.79,347.4,3.51,84.2,2,4,3,3.1,0.757,0,2.21,0.274,MEFENAMIC ACID,0.143,novel,7.725
CHEMBL53617,c1cc2c(cc1C1=NCCN1)Sc1cc(C3=NCCN3)ccc1O2,-7.59,336.4,2.64,58.0,2,6,2,3.11,0.755,0,2.8,0.267,TOLAZOLINE,0.061,novel,7.725
CHEMBL25654,COc1ccccc1N1CCN(CCNC(=O)C2CC3CCCC3C2)CC1,-7.51,371.5,2.76,44.8,1,4,6,2.92,0.835,0,3.01,0.382,NAFTOPIDIL,0.131,novel,7.723
CHEMBL6519,C=CCNc1ccc(-c2ccc(N3CC(CNC(C)=O)OC3=O)cc2)ccc1=O,-7.74,393.4,2.77,87.7,2,5,7,2.94,0.707,0,2.35,0.478,LINEZOLID,0.135,novel,7.722
CHEMBL20499,CC(=O)Nc1cccc2c1CC(N1CCC(c3ccccc3)CC1)C(O)C2,-7.67,364.5,3.35,52.6,2,3,3,3.04,0.878,0,2.52,0.306,ACETANILIDE,0.138,novel,7.715
CHEMBL28059,O=C1NC(c2ccccc2)C2(CCN(CCc3c[nH]c4ccccc34)CC2)O1,-7.8,375.5,4.03,57.4,2,3,4,3.53,0.724,0,2.15,0.477,INDORAMIN,0.128,novel,7.712
CHEMBL276327,Cc1ccccc1-c1n[nH]c(-c2cccc(C(F)(F)F)c2)n1,-8.0,303.3,4.47,41.6,1,2,2,2.12,0.759,0,1.58,0.268,FENFLURAMINE,0.118,novel,7.711
CHEMBL45126,O=C1N(c2ccc3c(c2)OCO3)C(=O)N1c1ccc2c(c1)OCO2,-7.36,326.3,2.71,77.5,0,6,2,2.43,0.844,0,3.41,0.318,STIRIPENTOL,0.086,novel,7.711
CHEMBL266942,COc1ccc(-c2ccc(N3CC(CNC(C)=O)OC3=O)cc2F)ccc1=O,-7.6,386.4,2.32,84.9,1,5,5,2.82,0.853,0,2.71,0.582,LINEZOLID,0.13,novel,7.71
CHEMBL267630,COc1cc2c(cc1OC)[C@@H]1C(=O)c3ccc4c(c3O[C@@H]1CO2)C[C@H](C(C)C)O4,-7.49,396.4,3.78,63.2,0,6,3,3.81,0.787,0,3.03,0.267,TETRABENAZINE,0.113,novel,7.71
CHEMBL283258,Cn1c(=O)c2nc(/C=C/c3cccc(C(F)(F)F)c3)[nH]c2n(C)c1=O,-7.49,350.3,2.15,72.7,1,3,2,2.79,0.77,0,3.04,0.327,THEOPHYLLINE,0.12,novel,7.71
CHEMBL30742,c1ccc2c(c1)OC(N1CCOCC1)c1cnc(N3CCCCC3)nc1-2,-7.32,352.4,2.86,50.7,0,6,2,3.05,0.828,0,3.52,0.241,DOXAZOSIN,0.105,novel,7.71
CHEMBL293491,Oc1nc2ccccc2n1CCCN1CCC(Cc2ccc(F)cc2)CC1,-7.79,367.5,4.23,41.3,1,3,6,2.26,0.709,0,2.16,0.443,ASTEMIZOLE,0.11,novel,7.709
CHEMBL58053,CC(C)Oc1ccccc1N1CCN(Cc2cccc(C(=O)N3CCCC(O)C3)c2)CC1,-7.74,437.6,3.39,56.2,1,5,6,2.64,0.751,0,2.32,0.304,NAFTOPIDIL,0.129,novel,7.705
CHEMBL30475,Cc1ccccc1SCc1ccc(N2C(N)=NC(N)=NC2(C)C)cc1,-7.71,353.5,3.47,80.0,2,6,4,2.56,0.825,0,2.38,0.189,ANILERIDINE,0.085,novel,7.704
CHEMBL285702,CC[C@H]1CN2CCc3cc4c(cc3[C@@H]2C[C@]12CNC(=O)O2)OCO4,-7.51,330.4,2.22,60.0,1,5,1,4.58,0.856,0,2.95,0.301,TETRABENAZINE,0.103,novel,7.703
CHEMBL57901,Fc1ccc(-c2ccc(CN3CCN(c4ccc(F)cc4)CC3)[nH]2)cc1,-7.94,353.4,4.28,22.3,1,2,4,2.11,0.756,0,1.71,0.295,BLONANSERIN,0.066,novel,7.702
CHEMBL28133,OC1CCCC1CN1CCN(CCOC(c2ccc(F)cc2)c2ccc(F)cc2)CC1,-7.95,430.5,3.85,35.9,1,4,8,3.09,0.69,0,1.67,0.282,PIMOZIDE,0.1,novel,7.7
CHEMBL35100,COc1cc2c(cc1OC)-c1cc(Nc3ccc(C)cc3C)nc(=O)n1CC2,-7.56,377.4,3.84,65.4,1,5,4,2.47,0.748,0,2.8,0.416,ENSIFENTRINE,0.074,novel,7.699
CHEMBL286571,Cc1cccc(SCc2cccc(N3C(N)=NC(N)=NC3(C)C)c2)c1,-7.71,353.5,3.47,80.0,2,6,4,2.64,0.825,0,2.38,0.242,TOLOXATONE,0.077,novel,7.698
CHEMBL39428,COc1ccc2c(c1)nc1n2CCC(O)=C1C(=O)Nc1ccccc1,-7.71,335.4,3.36,76.4,2,4,3,2.38,0.769,0,2.36,0.333,OXYBENZONE,0.143,novel,7.697
CHEMBL266024,Nc1nc(N)c2c(n1)CCC(Cc1cccc(OC(F)(F)F)c1)C2,-7.69,338.3,2.89,87.0,2,5,3,3.05,0.898,0,2.41,0.295,RILUZOLE,0.093,novel,7.697
CHEMBL276701,COc1cc2nc(N3CCN(c4ccccc4)CC3)cc(N)c2cc1OC,-7.39,364.4,3.16,63.9,1,6,4,2.1,0.767,0,3.28,0.417,OXYPERTINE,0.114,novel,7.696
CHEMBL24562,O=C(O)COC1CCN(C(=O)N2CCC3(CC2)CCN(c2ccncc2)CC3)CC1,-7.67,416.5,2.45,86.2,1,5,4,3.11,0.811,0,2.48,0.247,BEPOTASTINE,0.108,novel,7.695
CHEMBL46944,C[C@@H]1C(=O)N(C(=O)NCc2ccccc2)[C@H]2CCN(C(=O)OCc3ccccc3)[C@H]12,-7.62,407.5,3.15,79.0,1,4,4,3.28,0.845,0,2.61,0.304,BENZYL BENZOATE,0.157,novel,7.692
CHEMBL6866,CC(C)Nc1ccc(N2CCN(C(=O)c3ccc4[nH]ccc4c3)CC2)nc1,-7.55,363.5,3.35,64.3,2,4,4,2.3,0.746,0,2.79,0.4,DELAVIRDINE,0.101,novel,7.692
CHEMBL6317,C#CCN(Cc1ccc2nc(C)nc(O)c2c1)c1ccc(C(=O)NCc2ccsc2)cc1,-8.08,442.5,4.28,78.3,2,6,7,2.75,0.418,0,1.28,0.259,GIVINOSTAT,0.179,novel,7.69
CHEMBL267437,Nc1nc(N)c2c(n1)CCC(Cc1cccc(C(F)(F)F)c1)C2,-7.69,322.3,3.01,77.8,2,4,2,2.98,0.891,0,2.4,0.31,FENFLURAMINE,0.098,novel,7.69
CHEMBL292189,Cc1[nH]c(=O)n(CCCN2CCN(c3ccccc3OCC(F)(F)F)CC2)c(=O)c1C,-7.64,440.5,2.31,70.6,1,5,7,2.52,0.716,0,2.53,0.351,FLIBANSERIN,0.138,novel,7.689
CHEMBL17629,CC1=NN(C(=O)NCc2ccccc2)C(C)=NN1C(=O)NCc1ccccc1,-7.73,378.4,3.09,89.4,2,4,4,2.73,0.856,0,2.27,0.4,BETHANIDINE,0.193,novel,7.687
CHEMBL27522,OC[C@@H]1[C@H]2C[C@H]3c4cc5c(cc4CCN3C[C@@H]2CC[C@H]1O)OCO5,-7.71,331.4,1.71,62.2,2,5,1,4.03,0.82,0,2.33,0.289,BENZQUINAMIDE,0.105,novel,7.684
CHEMBL53216,C[C@H]1[C@H]2Cc3ccc(O)cc3[C@]1(C)CCN2CC1C[C@]1(C(=O)O)c1ccccc1,-7.78,391.5,3.96,60.8,2,3,4,4.7,0.828,0,2.12,0.556,PENTAZOCINE,0.124,novel,7.683
CHEMBL26681,CCCC1CCC(N2CCC(N3C(=O)N[C@@H]4CCCC[C@H]43)CC2)CC1,-7.81,347.5,4.15,35.6,1,2,4,3.35,0.829,0,2.03,0.241,BRIVARACETAM,0.09,novel,7.682
CHEMBL273951,CCC1=C(c2ccc3c(c2)OCO3)C(=O)OC1(O)c1ccc(OC)cc1,-7.41,354.4,2.99,74.2,1,6,4,3.01,0.851,0,3.18,0.27,FIPEXIDE,0.118,novel,7.682
CHEMBL28732,C[C@@H]1SC2=NC3c4ccccc4CCC3N2[C@@]1(O)c1ccccc1,-7.75,336.5,3.69,35.8,1,4,1,4.02,0.863,0,2.19,0.271,RASAGILINE,0.107,novel,7.681
CHEMBL24917,Cc1cc(C2CCN(C(=O)c3ccccc3)CC2)nc(N)n1,-7.58,296.4,2.39,72.1,1,4,2,2.07,0.923,0,2.69,0.276,KETOROLAC,0.145,novel,7.681
CHEMBL418225,O=C(Cn1c2c(c3ccccc31)C(=O)CN1CCCCC21)NC1CCCC1,-7.5,365.5,3.42,54.3,1,3,3,3.08,0.907,0,2.91,0.284,VINPOCETINE,0.145,novel,7.678
CHEMBL13008,O=C(O)COC1CCN(C(=O)N2CCC3(CCN(c4ccncc4)CC3)C2)CC1,-7.68,402.5,2.06,86.2,1,5,4,3.13,0.83,0,2.39,0.235,BEPOTASTINE,0.103,novel,7.675
CHEMBL285367,c1ccc([C@@H]2CCN(C[C@H]3CCCc4c3ccc3c4OCO3)C2)cc1,-7.84,335.4,4.32,21.7,0,3,3,3.15,0.833,0,1.91,0.253,DARIFENACIN,0.118,novel,7.673
CHEMBL20646,CC(=O)Nc1cccc2c1CC(O)C(N1CCC(c3ccccc3)CC1)C2,-7.63,364.5,3.35,52.6,2,3,3,3.04,0.878,0,2.52,0.3,ACETANILIDE,0.136,novel,7.672
CHEMBL289656,O=C(COc1ccc(C(=O)Nc2ccc(F)cc2)cn1)OC1CCCCC1,-7.59,372.4,3.73,77.5,1,5,6,2.11,0.782,0,2.64,0.313,ASCIMINIB,0.12,novel,7.672
CHEMBL14716,C[C@@H]1CN(C(=O)N2Cc3c(C(=O)OC(C)(C)C)ncn3-c3ccccc32)C[C@H](C)N1,-7.58,411.5,2.95,79.7,1,5,1,3.67,0.73,0,2.67,0.312,FLUMAZENIL,0.114,novel,7.669
CHEMBL6880,CCNc1cccnc1N1CCN(C(=O)c2ccc3ccccc3n2)CC1,-7.34,361.4,3.02,61.4,1,5,4,2.18,0.774,0,3.33,0.38,DELAVIRDINE,0.145,novel,7.669
CHEMBL17802,CN1Cc2c(NC(=O)CN3CCCCC3)cccc2C(c2ccccc2)C1,-7.68,363.5,3.69,35.6,1,3,4,2.63,0.9,0,2.36,0.5,NOMIFENSINE MALEATE,0.159,novel,7.668
CHEMBL428159,COc1cc(-c2ccc(N3CC(CNC(C)=O)OC3=O)cc2)cccc1=O,-7.53,368.4,2.18,84.9,1,5,5,2.71,0.874,0,2.79,0.5,LINEZOLID,0.114,novel,7.663
CHEMBL52899,C/N=c1\ccc2c(cc1O)CC[C@@H]1[C@@H]2CC[C@]2(C)[C@@H](O)CC[C@@H]12,-7.71,313.4,3.14,52.8,2,3,0,4.12,0.773,0,2.26,0.735,ESTRADIOL,0.07,novel,7.662
CHEMBL13474,CC(C)N1C(=O)NC(c2ccc3c(c2)OCO3)c2cc3c(cc21)OCO3,-7.38,354.4,3.17,69.3,1,5,2,3.13,0.897,0,3.19,0.319,TADALAFIL,0.099,novel,7.662
CHEMBL15359,Cc1cc2c(s1)CCC(CN[C@@H]1CC[C@@H](Oc3ccccc3)[C@H]1O)C2=O,-7.59,371.5,3.36,58.6,2,5,5,3.85,0.846,0,2.59,0.24,RASAGILINE TARTRATE,0.125,novel,7.66
CHEMBL43253,CC1(C)Oc2ccc(C#N)cc2C(O)[C@H]1NC(=O)c1ccc(F)cc1,-7.58,340.4,2.7,82.3,2,4,2,3.2,0.881,0,2.64,0.295,ESCITALOPRAM OXALATE,0.119,novel,7.659
CHEMBL6558,CC(=O)OC1CCC2(C)C(CCC3C2CCC2(C)[C@H](C4=CC(=O)OC4)C(=O)CC32O)C1,-7.78,430.5,3.35,89.9,1,6,2,4.77,0.676,0,2.04,0.54,ACETYLDIGITOXIN,0.117,novel,7.656
CHEMBL45849,COc1ccc(N2C[C@H](CN3CCC(O)(c4ccc(Cl)cc4)CC3)OC2=O)cc1,-7.62,416.9,3.66,62.2,1,5,5,2.81,0.806,0,2.49,0.357,HALOPERIDOL,0.113,novel,7.652
CHEMBL26889,CN(C)c1cccc2c(S(=O)(=O)Nc3onc4c3CCCC4)cccc12,-7.52,371.5,3.57,75.4,1,5,4,2.58,0.759,0,2.78,0.274,SULFISOXAZOLE,0.12,novel,7.652
CHEMBL57666,O=C1CCc2c(O)cccc2N1CCCN1CCN(c2cccc(Cl)c2)CC1,-7.66,399.9,3.54,47.0,1,4,5,2.3,0.835,0,2.37,0.462,TRAZODONE,0.103,novel,7.65
CHEMBL7191,CC1(C)N=C(N)N=C(N)N1c1ccc(OCc2ccccc2)cc1,-7.72,323.4,2.45,89.2,2,6,4,2.31,0.904,0,2.19,0.409,MONOBENZONE,0.103,novel,7.649
CHEMBL7062,Nc1nc(N)c2c(n1)CCC(Cc1ccc(OC(F)(F)F)cc1)C2,-7.65,338.3,2.89,87.0,2,5,3,2.99,0.898,0,2.41,0.316,RILUZOLE,0.084,novel,7.649
CHEMBL282927,NC(=O)C1CCC(CN2CCC(=C(c3ccccc3)c3ccc(F)cc3)CC2)O1,-7.62,394.5,3.76,55.6,1,3,5,3.24,0.84,0,2.49,0.301,KETANSERIN,0.136,novel,7.649
CHEMBL57540,COc1ccccc1N1CCN(CCN2C=CC3(CCCC3)CC2=O)CC1,-7.42,369.5,3.12,36.0,0,4,5,3.27,0.799,0,3.04,0.368,NAFTOPIDIL,0.103,novel,7.647
CHEMBL269160,CN1C[C@H](C(=O)Nc2nccs2)C[C@@H]2c3cccc4[nH]cc(c34)C[C@H]21,-7.52,352.5,3.22,61.0,2,4,2,3.61,0.744,0,2.75,0.448,DIHYDROERGOTAMINE,0.108,novel,7.646
CHEMBL13680,COc1cccc(-c2nc(=O)n(C(C)C)c3cc4c(cc23)OCO4)c1,-7.31,338.4,3.38,62.6,0,5,3,2.41,0.732,0,3.37,0.299,CINOXACIN,0.132,novel,7.646
CHEMBL287963,Cc1[nH]c(C)c(C(=O)OC2CCN(C/C=C/c3ccccc3)CC2)c1C,-7.71,352.5,4.27,45.3,1,3,5,2.42,0.817,0,2.22,0.379,CINNARIZINE,0.178,novel,7.644
CHEMBL41551,CN1CCN(CCOc2ccc(-c3cccc(N)n3)c3ccccc23)CC1,-7.39,362.5,3.11,54.6,1,5,5,2.18,0.756,0,3.12,0.29,NAFTOPIDIL,0.139,novel,7.644
CHEMBL283926,CN1CCc2c1nc1ccccc1c2NC(=O)C12CC3CC(CC(C3)C1)C2,-7.71,361.5,4.38,45.2,1,3,2,3.73,0.863,0,2.21,0.271,TACRINE,0.164,novel,7.643
CHEMBL12953,O=C(O)COc1cccc(C(=O)N2CCC3(CC2)CCN(c2ccncc2)C3)c1,-7.48,395.5,2.68,83.0,1,5,5,2.83,0.838,0,2.87,0.243,VADADUSTAT,0.127,novel,7.643
CHEMBL300143,Cc1ccccc1NC(=O)Oc1ccc2c(c1)[C@]1(C)CCN(C)C1N2C,-7.66,351.5,3.98,44.8,1,4,2,3.18,0.889,0,2.36,0.714,PHYSOSTIGMINE,0.126,novel,7.642
CHEMBL287868,CN1CC2CC(OC(=O)C(C)(c3ccccc3)c3ccccc3)CC1C2,-7.65,349.5,4.02,29.5,0,3,4,4.17,0.781,0,2.38,0.389,HOMATROPINE,0.162,novel,7.642
CHEMBL24603,c1ccc(CN2CCC(n3nnnc3-c3ccccc3)CC2)cc1,-7.45,319.4,3.18,46.8,0,4,4,1.94,0.741,0,2.96,0.312,DONEPEZIL,0.103,novel,7.642
CHEMBL300709,COc1ccc2c(c1)C[C@@H](N1CCN(c3cccc4c3OCCO4)CC1)[C@H]2O,-7.46,382.5,2.25,54.4,1,6,3,3.21,0.879,0,2.91,0.278,DEXTROMETHORPHAN,0.086,novel,7.641
CHEMBL50048,O=c1[nH]c2sccc2c(=O)n1CCN1CCN(c2ccccc2Cl)CC1,-7.44,390.9,2.23,61.3,1,5,4,2.42,0.742,0,2.98,0.377,KETANSERIN,0.105,novel,7.64
CHEMBL288898,Cn1cc(-c2noc(C3CN4CCC3CC4)n2)c2cc(F)ccc21,-7.42,326.4,3.18,47.1,0,4,2,3.82,0.726,0,3.03,0.258,FLOSEQUINAN,0.074,novel,7.64
CHEMBL268251,O=c1cc(COC2CCOCC2)occ1OC(=O)[C@]12C[C@H]3C[C@H](C[C@H](C3)C1)C2,-7.39,388.5,3.46,75.0,0,6,5,4.03,0.719,0,3.1,0.213,ADAPALENE,0.107,novel,7.639
CHEMBL18491,CC(/N=c1\c(O)c(O)\c1=N/c1ccc(C#N)cc1)c1ccc(F)cc1,-7.66,335.3,2.88,89.0,2,5,3,3.42,0.771,0,2.34,0.264,LETROZOLE,0.105,novel,7.638
CHEMBL37360,Cn1cc(-c2noc(C3CC4CCC3NC4)n2)c2ccccc21,-7.53,308.4,3.08,55.9,1,4,2,4.34,0.79,0,2.72,0.293,RAMOSETRON,0.1,novel,7.638
CHEMBL17078,N#CCCN1N=C(c2ccc(OCc3cccc(Cl)c3)cc2)OCC1=O,-7.31,369.8,3.35,74.9,0,5,6,2.5,0.782,0,3.33,0.261,NEFAZODONE,0.095,novel,7.637
CHEMBL23110,N[C@H](C(=O)N1CCC(F)(F)C1)[C@H]1CC[C@H](NC(=O)c2ccc(F)c(F)c2)CC1,-7.61,401.4,2.45,75.4,2,3,4,3.07,0.761,0,2.45,0.253,GOSOGLIPTIN,0.128,novel,7.633
CHEMBL50551,Cc1cc(-c2c(F)cc3c(=O)c(C(=O)O)cn4c3c2OC[C@H]4C)cc(C)n1,-7.51,368.4,3.47,81.4,1,4,2,3.26,0.749,0,2.73,0.609,OFLOXACIN,0.125,novel,7.631
CHEMBL59483,Cc1cccc(C)c1NC(=O)CCN1CCN(c2ccccn2)CC1,-7.44,338.5,2.85,48.5,1,4,5,1.95,0.911,0,2.95,0.409,RANOLAZINE,0.169,novel,7.63
CHEMBL280827,Cc1cccc2c1CCCC2N1CCC2(CC1)C(=O)NCN2c1ccccc1,-7.7,375.5,3.8,35.6,1,3,2,3.48,0.867,0,2.19,0.4,FLUSPIRILENE,0.103,novel,7.629
CHEMBL14987,Cc1cc2c(s1)CCC(CN[C@H]1CC[C@@H](Oc3ccccc3)[C@@H]1O)C2=O,-7.56,371.5,3.36,58.6,2,5,5,3.85,0.846,0,2.59,0.24,RASAGILINE TARTRATE,0.125,novel,7.628
CHEMBL20479,OC1Cc2ccccc2CC1N1CC=C(c2ccccc2)CC1,-7.82,305.4,3.3,23.5,1,2,2,3.04,0.92,0,1.85,0.245,DEBRISOQUIN,0.106,novel,7.625
CHEMBL40937,O=C(O)c1ccc2c(c1)/C(=C\Cc1cccnc1)c1ccccc1CO2,-7.62,343.4,4.35,59.4,1,3,3,2.44,0.768,0,2.41,0.463,OLOPATADINE,0.173,novel,7.624
CHEMBL41859,CC1(C)Oc2cc3c(cc2[C@H](NC(=O)c2ccc(F)c(Cl)c2)[C@H]1O)C(=O)CCC3,-7.86,417.9,4.0,75.6,2,4,2,3.36,0.774,0,1.72,0.223,CLOXACILLIN,0.12,novel,7.623
CHEMBL298540,COc1cccc2c1CCC(=O)N2CCCN1CCN(c2cccc(C)c2)CC1,-7.55,393.5,3.5,36.0,0,4,6,2.22,0.753,0,2.61,0.361,TRAZODONE,0.09,novel,7.623
CHEMBL416723,CN1CCCC(CC(=O)N2c3ccccc3C(=O)Nc3cccnc32)C1,-7.3,350.4,3.04,65.5,1,4,2,2.97,0.904,0,3.31,0.661,PIRENZEPINE,0.136,novel,7.623
CHEMBL55372,CCCNc1ccc2c(c1)C(=O)c1ccc(C3=NCCN3)cc1S2(=O)=O,-7.64,369.4,2.24,87.6,2,6,4,2.84,0.736,0,2.36,0.244,PHENTOLAMINE MESYLATE,0.115,novel,7.622
CHEMBL414006,C[C@]12CCC3C(CCC4=CC(=O)[C@H]5COC[C@]43C5)C1CC[C@@H]2OC1CC1,-7.61,356.5,4.3,35.5,0,3,2,5.76,0.74,0,2.42,0.394,TESTOSTERONE PROPIONATE,0.073,novel,7.622
CHEMBL25938,c1ccc(CN2CCC(c3cc(-c4ccccc4)[nH]n3)CC2)cc1,-7.94,317.4,4.46,31.9,1,2,4,2.07,0.77,0,1.5,0.328,DONEPEZIL,0.101,novel,7.621
CHEMBL445102,OC1(c2ccc(Cl)cc2)CCN(Cc2c[nH]c3ccccc23)CC1,-7.91,340.9,4.3,39.3,2,2,3,2.16,0.746,0,1.57,0.413,LOPERAMIDE,0.127,novel,7.621
CHEMBL55793,Cc1cc(-n2ncc(=O)[nH]c2=O)ccc1Oc1ccc(Cl)cc1Cl,-7.43,364.2,3.33,77.0,1,4,3,2.28,0.774,0,2.95,0.36,TRICLOSAN,0.059,novel,7.62
CHEMBL14766,CN1CCN(C2=Nc3cc(F)ccc3Nc3sc4c(c32)CCCC4)CC1,-7.78,370.5,4.15,30.9,1,5,0,2.86,0.756,0,1.94,0.438,OLANZAPINE,0.067,novel,7.617
CHEMBL293058,C[C@]12CC[C@@H]3c4cc(O)c(=O)ccc4CC[C@H]3[C@@H]1CC[C@@H]2O,-7.64,300.4,2.97,57.5,2,3,0,3.78,0.774,0,2.34,0.66,ESTRADIOL,0.084,novel,7.617
CHEMBL417651,Cc1noc(NS(=O)(=O)c2cccc(-c3ccccc3)c2)c1C,-7.56,328.4,3.76,72.2,1,4,4,2.02,0.791,0,2.56,0.578,SULFISOXAZOLE,0.135,novel,7.617
CHEMBL20480,Cc1cccc(OCc2cccc(N3C(N)=NC(N)=NC3(C)C)c2)c1,-7.61,337.4,2.76,89.2,2,6,4,2.49,0.898,0,2.42,0.254,SAFINAMIDE,0.077,novel,7.616
CHEMBL290351,O=C1NC(CCN2CCN(c3ccc(Cl)cc3)CC2)c2ccccc21,-7.56,355.9,3.34,35.6,1,3,4,2.63,0.913,0,2.55,0.324,TRAZODONE,0.095,novel,7.614
CHEMBL36478,CN1C2CCC1CC(c1nc(-c3cn(C)c4ccccc34)no1)C2,-7.48,322.4,3.57,47.1,0,4,2,3.95,0.723,0,2.78,0.333,BENZTROPINE,0.125,novel,7.613
CHEMBL408,Cc1c(C)c2c(c(C)c1O)CCC(C)(COc1ccc(CC3SC(=O)NC3=O)cc1)O2,-8.57,441.5,4.37,84.9,2,6,5,3.59,0.717,0,1.09,1.0,TROGLITAZONE,0.089,likely-known-drug-chemistry,7.612
CHEMBL301332,O=C(NCCN1CC[C@@H]2[C@H](C1)c1cccc3c1N2CC3)c1ccc(F)cc1,-7.46,365.5,2.79,35.6,1,3,4,3.02,0.905,0,2.85,0.543,LUMATEPERONE,0.124,novel,7.612
CHEMBL299253,O=C1CC2(C=CN1CCN1CCN(c3ccccc3Cl)CC1)CCCC2,-7.6,373.9,3.77,26.8,0,3,4,3.31,0.803,0,2.43,0.333,BUSPIRONE,0.108,novel,7.611
CHEMBL289465,CC1(CO)COC(c2nc(-c3ccccc3)c(-c3ccccc3)[nH]2)OC1,-7.59,350.4,3.79,67.4,2,4,4,2.59,0.751,0,2.45,0.259,OXAPROZIN,0.162,novel,7.611
CHEMBL37757,COc1ccccc1-c1ccc(C[C@H](NC(=O)N2CCCC2)C(=O)O)cc1,-7.55,368.4,3.16,78.9,2,3,6,2.32,0.821,0,2.56,0.393,NATEGLINIDE,0.181,novel,7.611
CHEMBL54884,CC(C)(C)OC(=O)c1ncn2c1C1CCN1C(=O)c1cc(F)ccc1-2,-7.14,343.4,2.87,64.4,0,4,1,3.17,0.747,0,3.74,0.457,FLUMAZENIL,0.1,novel,7.611
CHEMBL24033,CC(C)(C)CCNC(=O)[C@H]1CCC2C3CNC4=CC(=O)CC[C@]4(C)C3CC[C@@]21C,-7.85,400.6,4.45,58.2,2,3,3,4.34,0.736,0,1.71,0.463,PROGESTERONE,0.121,novel,7.61
CHEMBL57029,C[C@H]1CN(CCCC(=O)c2ccc(F)cc2)CCC1(O)c1ccccc1,-7.65,355.5,4.02,40.5,1,3,6,2.91,0.796,0,2.28,0.542,HALOPERIDOL,0.205,novel,7.609
CHEMBL13053,O=C1NCCN1CCN1CCC(c2c[nH]c3ccc(Cl)cc23)CC1,-7.54,346.9,3.03,51.4,2,2,4,2.46,0.894,0,2.6,0.594,SERTINDOLE,0.076,novel,7.609
CHEMBL34239,O=C1NC(CCN2CCN(c3ccccc3)CC2)c2ccccc21,-7.54,321.4,2.68,35.6,1,3,4,2.57,0.94,0,2.58,0.333,OXYPERTINE,0.116,novel,7.608
CHEMBL283308,COC(=O)c1c(O)ccc2c1C1COc3cc(OC)ccc3C1O2,-7.38,328.3,2.8,74.2,1,6,2,3.36,0.855,0,3.05,0.3,OXYBENZONE,0.117,novel,7.608
CHEMBL6971,Nc1nc(N)c2c(n1)CCC(Cc1ccc(Cl)c(Cl)c1)C2,-7.66,323.2,3.3,77.8,2,4,2,2.95,0.889,0,2.25,0.255,TACRINE,0.068,novel,7.607
CHEMBL24539,c1ccc(CN2CCC(n3nnc(-c4ccccc4)n3)CC2)cc1,-7.41,319.4,3.18,46.8,0,4,4,2.04,0.741,0,2.96,0.333,DONEPEZIL,0.103,novel,7.607
CHEMBL53471,CN(C)c1cc2c(ccc1=O)[C@H]1CC[C@]3(C)[C@@H](O)CC[C@H]3[C@@H]1CC2,-7.6,327.5,3.33,40.5,1,3,1,3.9,0.86,0,2.41,0.686,ESTRADIOL,0.097,novel,7.605
CHEMBL274556,O=C(NC1CCN(Cc2ccccc2)CC1)c1ccc(-n2ccnc2)cc1,-7.41,360.5,3.27,50.2,1,3,5,1.98,0.76,0,2.95,0.403,INDORAMIN,0.146,novel,7.604
CHEMBL416897,CC(C)(C)OC(=O)c1ncn2c1CN(C(=O)N1CCOCC1)c1ccccc1-2,-7.23,384.4,2.6,76.9,0,5,1,2.71,0.707,0,3.46,0.32,FLUMAZENIL,0.116,novel,7.604
CHEMBL280842,O=C(O)c1cn(C2CC2)c2c(F)c(N3CCOC(CN4CCCCC4)C3)c(F)cc2c1=O,-7.6,447.5,3.0,75.0,1,5,5,3.18,0.76,0,2.42,0.541,BESIFLOXACIN,0.104,novel,7.603
CHEMBL56927,O=C(OCc1ccccc1)[C@@H]1CCC[C@H]2CCN(Cc3ccccc3)C(=O)N21,-7.47,378.5,3.98,49.9,0,3,5,2.87,0.74,0,2.79,0.333,BENZYL BENZOATE,0.137,novel,7.603
CHEMBL417115,Nc1nc(C2CCN(C(=O)C3CCCCC3)CC2)c2ccccc2n1,-7.46,338.5,3.5,72.1,1,4,2,2.25,0.909,0,2.8,0.365,PRAZIQUANTEL,0.174,novel,7.601
CHEMBL281145,CN1CCC(O)(c2nc(-c3ccc(F)cc3)c(-c3ccncc3)[nH]2)CC1,-7.44,352.4,3.19,65.0,2,4,3,2.64,0.76,0,2.86,0.261,HALOPERIDOL,0.089,novel,7.601
CHEMBL27157,COc1ccc(C(=O)N2CCC(N3C(=O)OCc4ccccc43)CC2)c(OC)c1,-7.33,396.4,3.47,68.3,0,5,4,2.28,0.792,0,3.17,0.297,OXYBENZONE,0.11,novel,7.601
CHEMBL298257,CC1(C)Oc2ccc(C#N)cc2C(O)[C@H]1NC(=O)C1CCCCC1,-7.58,328.4,2.83,82.3,2,4,2,3.39,0.874,0,2.46,0.237,OSILODROSTAT PHOSPHATE,0.107,novel,7.6
CHEMBL35645,Cc1cccc2c(-c3noc(C4CN5CCC4CC5)n3)cn(C)c12,-7.42,322.4,3.35,47.1,0,4,2,3.89,0.726,0,2.9,0.233,PALONOSETRON,0.103,novel,7.6
CHEMBL280149,CN1CCC(O)(c2nc(-c3ccncc3)c(-c3ccc(F)cc3)o2)CC1,-7.37,353.4,3.46,62.4,1,5,3,2.63,0.781,0,3.06,0.261,HALOPERIDOL,0.1,novel,7.599
CHEMBL51163,O=C(CCCN1CC[C@@H]2[C@H](C1)c1cccc3c1N2CC3)c1ccc(F)cc1,-7.63,364.5,4.02,23.6,0,3,5,3.09,0.749,0,2.31,0.754,LUMATEPERONE,0.125,novel,7.597
CHEMBL13052,O=C1Nc2cccc3c2C1(CCCN1CCN(c2ccccc2)CC1)CCC3,-7.67,375.5,3.82,35.6,1,3,5,2.9,0.863,0,2.18,0.338,TRAZODONE,0.117,novel,7.596
CHEMBL283917,Cc1cc(O)nnc1-c1ccc(-n2cnc3c2CCCC3)cc1,-7.46,306.4,3.22,63.8,1,4,2,2.75,0.789,0,2.8,0.229,BLONANSERIN,0.06,novel,7.595
CHEMBL299317,CC(C)Cc1ccc(C(C)C(=O)CN2C(=O)c3ccccc3S2(=O)=O)cc1,-7.3,385.5,3.4,71.5,0,4,6,2.94,0.764,0,3.23,0.438,IBUPROFEN,0.154,novel,7.595
CHEMBL276449,C(=C1CCN(Cc2ccc(C3=NCCN3)cc2)CC1)c1ccc(C2=NCCN2)cc1,-7.61,399.5,3.07,52.0,2,5,5,2.81,0.813,0,2.35,0.32,PLERIXAFOR,0.083,novel,7.592
CHEMBL23891,N[C@H](C(=O)N1CC[C@H](F)C1)[C@H]1CC[C@H](NC(=O)OCc2ccccc2)CC1,-7.58,377.5,2.37,84.7,2,4,5,3.14,0.825,0,2.42,0.304,BENZYL BENZOATE,0.157,novel,7.59
CHEMBL418194,O=C(O)C[C@@H](NC(=O)C1CCC2(CC1)CCN(c1ccncc1)CC2)c1ccccc1,-7.93,421.5,4.19,82.5,2,4,6,3.36,0.731,0,1.42,0.388,MARAVIROC,0.185,novel,7.588
CHEMBL6682,CCNc1cccnc1N1CCN(C(=O)c2cccc3cc[nH]c23)CC1,-7.4,349.4,2.96,64.3,2,4,4,2.36,0.76,0,2.94,0.4,DELAVIRDINE,0.139,novel,7.588
CHEMBL17391,CC1=NN(C(=O)Nc2ccccc2C)C(C)=NN1C(=O)Nc1ccccc1C,-7.88,378.4,4.35,89.4,2,4,2,2.8,0.813,0,1.57,0.409,PRILOCAINE,0.154,novel,7.586
CHEMBL46560,Cc1cc(C)n(C(=O)c2ccc(NC(=O)Nc3ccccc3)cc2)n1,-7.69,334.4,3.83,76.0,2,3,3,1.91,0.764,0,2.1,0.366,ACETANILIDE,0.153,novel,7.586
CHEMBL14782,COc1cc(OC)cc(-c2cc(O)c3cc4c(cc3n2)OCO4)c1,-7.44,325.3,3.35,70.0,1,6,3,2.38,0.796,0,2.81,0.262,CINOXACIN,0.086,novel,7.584
CHEMBL27921,CCCN1CC2(CCN(CC(O)C3COc4ccccc4O3)CC2)OC1=O,-7.43,376.5,1.88,71.5,1,6,5,3.98,0.846,0,2.85,0.286,FENSPIRIDE,0.149,novel,7.584
CHEMBL296282,NC(=O)c1ccc2c(c1)[C@@]13CCCC[C@H]1[C@@H](C2=O)N(CC1CCC1)CC3,-7.31,352.5,3.28,63.4,1,3,3,4.38,0.908,0,3.17,0.352,LEVALLORPHAN,0.1,novel,7.584
CHEMBL36204,Cn1c(-c2noc(C3CN4CCC3CC4)n2)cc2ccccc21,-7.39,308.4,3.04,47.1,0,4,2,3.82,0.73,0,2.94,0.222,GRANISETRON,0.107,novel,7.583
CHEMBL60746,c1ccc(CCN2CCC(Nc3nc4ccccc4[nH]3)CC2)cc1,-7.78,320.4,3.68,44.0,2,3,5,2.02,0.754,0,1.83,0.42,ASTEMIZOLE,0.114,novel,7.582
CHEMBL43643,Cc1cn(C2OC(COCc3ccccc3)C(F)C2F)c(=O)[nH]c1=O,-7.46,352.3,1.64,73.3,1,4,5,3.64,0.888,0,2.76,0.407,STAVUDINE,0.119,novel,7.582
CHEMBL22978,CN1CCC(O)(c2nc(-c3ccc(F)cc3)c(-c3ccncc3)o2)CC1,-7.35,353.4,3.46,62.4,1,5,3,2.63,0.781,0,3.06,0.261,HALOPERIDOL,0.1,novel,7.582
CHEMBL26877,COc1ccc(CC(=O)N2CCC(N3C(=O)OCc4ccccc43)CC2)c(OC)c1,-7.34,410.5,3.39,68.3,0,5,5,2.36,0.756,0,3.08,0.27,DOXAZOSIN,0.119,novel,7.581
CHEMBL46320,N#Cc1ccc2c(c1)[C@@]13CCCC[C@H]1[C@@H](C2=O)N(CC1CCC1)CC3,-7.53,334.5,4.06,44.1,0,3,2,4.45,0.819,0,2.55,0.338,LEVALLORPHAN,0.085,novel,7.58
CHEMBL14058,CC12CCC(=O)C=C1CCC1C2CCC2(C)C1CC[C@]2(O)C(=O)CO,-7.44,346.5,2.81,74.6,2,4,2,4.13,0.806,0,2.8,0.727,HYDROCORTISONE,0.121,novel,7.578
CHEMBL417126,C[C@H]1C(=O)c2ccc(O)cc2O[C@@H]1c1ccc(OCCN2CCCCC2)cc1,-7.57,381.5,4.21,59.0,1,5,5,3.08,0.841,0,2.43,0.451,LASOFOXIFENE,0.113,novel,7.576
CHEMBL440294,NC(=O)C1(N2CCCCC2)CCN(CCCC(=O)c2ccc(F)cc2)CC1,-7.24,375.5,2.59,66.6,1,4,7,2.41,0.744,0,3.36,0.554,HALOPERIDOL,0.125,novel,7.576
CHEMBL35086,CCCC(=O)Nc1c2c(nc3ccccc13)CCN(C(=O)c1ccccc1)C2,-7.5,373.5,4.17,62.3,1,3,4,2.15,0.746,0,2.6,0.305,TACRINE,0.203,novel,7.575
CHEMBL39933,CC(=O)c1ccc2c(c1)[C@H](NC(=O)c1ccc(F)cc1)[C@@H](O)C(C)(C)O2,-7.45,357.4,3.03,75.6,2,4,3,2.97,0.828,0,2.76,0.258,TAMIBAROTENE,0.127,novel,7.572
CHEMBL274835,O=C(O)CN1CCC(C(=O)N2CCC3(CC2)CCN(c2ccncc2)C3)CC1,-7.52,386.5,1.7,77.0,1,5,4,2.94,0.849,0,2.54,0.25,OLAPARIB,0.105,novel,7.568
CHEMBL21716,O=C(OC1CN2CCC1CC2)C1=C/C(=C\c2ccccn2)c2ccccc21,-7.38,358.4,3.66,42.4,0,4,3,3.97,0.786,0,2.95,0.357,SOLIFENACIN,0.128,novel,7.567
CHEMBL413593,C[C@]12CCC3C(CC=C4C[C@@H](O)[C@H]5COC[C@]43C5)C1CC[C@@H]2OC1CC1,-7.62,358.5,4.09,38.7,1,3,2,5.95,0.756,0,2.23,0.313,PRASTERONE,0.064,novel,7.565
CHEMBL7797,CC1(c2ccccc2)Cc2cc(OCC(=O)O)c(Cl)c(Cl)c2C1=O,-7.45,365.2,4.15,63.6,1,3,4,2.98,0.884,0,2.72,0.362,ETHACRYNIC ACID,0.141,novel,7.565
CHEMBL42469,COc1ccccc1C(=O)NC(=O)Nc1cccc(C2CN3CCSC3=N2)c1,-7.62,396.5,3.12,83.0,2,6,4,2.95,0.83,0,2.23,0.467,LEVAMISOLE,0.13,novel,7.564
CHEMBL410928,O=C1Nc2cccnc2N(C(=O)CN2CCCCC2CN2CCCC2)c2ccccc21,-7.47,419.5,3.26,68.8,1,5,4,3.03,0.824,0,2.66,0.631,PIRENZEPINE,0.12,novel,7.563
CHEMBL27158,Nc1nc(C2CCN(C(=O)c3ccccc3)CC2)c2ccccc2n1,-7.39,332.4,3.23,72.1,1,4,2,2.05,0.782,0,2.9,0.284,PITAVASTATIN,0.182,novel,7.563
CHEMBL20597,O=C1Cc2ccccc2N1CCCN1CCN(c2cccc(Cl)c2)CC1,-7.47,369.9,3.44,26.8,0,3,5,2.09,0.807,0,2.65,0.517,TRAZODONE,0.111,novel,7.561
CHEMBL28781,CN1CCN(c2cc3c(cc2F)c(=O)c(C(=O)O)cn3-c2ccccc2)CC1,-7.24,381.4,2.58,65.8,1,4,3,2.27,0.756,0,3.32,0.53,TEMAFLOXACIN,0.134,novel,7.561
CHEMBL288403,c1ccc2c(-c3noc(C4CN5CCC4CC5)n3)cccc2c1,-7.55,305.4,3.7,42.2,0,4,2,3.48,0.724,0,2.44,0.281,PALONOSETRON,0.164,novel,7.56
CHEMBL298279,COc1ccc2c(c1)C[C@@H](N1CCN(c3cccc4c3OCCO4)CC1)[C@@H]2O,-7.38,382.5,2.25,54.4,1,6,3,3.21,0.879,0,2.91,0.278,DEXTROMETHORPHAN,0.086,novel,7.559
CHEMBL28704,Cc1cc(CCC(=O)O)c2c(c1)CC(NS(=O)(=O)c1ccc(Cl)cc1)CC2,-7.73,407.9,3.5,83.5,2,3,6,2.8,0.767,0,1.91,0.395,RAMATROBAN,0.126,novel,7.557
CHEMBL282401,Cc1noc(NS(=O)(=O)c2ccc3ccc(N(C)C)cc3c2)c1C,-7.38,345.4,3.31,75.4,1,5,4,2.35,0.785,0,2.9,0.562,SULFISOXAZOLE,0.1,novel,7.557
CHEMBL12877,O=C(O)COc1ccc(C(=O)N2CCC3(CC2)CCN(c2ccncc2)C3)cc1,-7.39,395.5,2.68,83.0,1,5,5,2.79,0.838,0,2.87,0.312,PIFOXIME,0.104,novel,7.556
CHEMBL7163,CCNc1cccnc1N1CCN(C(=O)c2cc3ccccc3o2)CC1,-7.29,350.4,3.22,61.6,1,5,4,2.21,0.783,0,3.15,0.388,DELAVIRDINE,0.141,novel,7.551
CHEMBL16515,CC1(C)Oc2ccc(C#N)cc2[C@H](NC(=O)c2ccc(F)cc2)[C@H]1O,-7.47,340.4,2.7,82.3,2,4,2,3.06,0.881,0,2.64,0.299,ESCITALOPRAM OXALATE,0.12,novel,7.55
CHEMBL16602,CC1(C)Oc2ccc(C#N)cc2[C@@H](NC(=O)c2ccc(F)cc2)[C@@H]1O,-7.47,340.4,2.7,82.3,2,4,2,3.06,0.881,0,2.64,0.299,ESCITALOPRAM OXALATE,0.12,novel,7.55
CHEMBL41830,O=C1c2ccccc2CCC12CCN(Cc1ccccc1)CC2,-7.78,305.4,4.1,20.3,0,2,2,2.52,0.832,0,1.73,0.339,DONEPEZIL,0.123,novel,7.548
CHEMBL33553,CCc1ccccc1NC(=O)N1CCCC1C(=O)NCCc1ccccc1,-7.49,365.5,3.6,61.4,2,2,6,2.35,0.822,0,2.57,0.424,ENALAPRILAT ANHYDROUS,0.175,novel,7.548
CHEMBL6747,CCN1CCN2CC(c3ccccc3)c3ccccc3C2C1,-7.71,292.4,3.51,6.5,0,2,2,2.86,0.836,0,1.94,0.388,NOMIFENSINE,0.125,novel,7.545
CHEMBL16162,CC1=C(C(=O)OCc2ccccc2)C(c2cccc(C)c2)NC(=O)N1,-7.49,336.4,3.37,67.4,2,3,4,2.48,0.841,0,2.56,0.388,BENZYL BENZOATE,0.153,novel,7.545
CHEMBL20601,Oc1nc2ccccc2n1C1CCN(C2CCCCC2O)CC1,-7.44,315.4,2.68,61.5,2,4,2,3.21,0.894,0,2.71,0.262,EMEDASTINE,0.1,novel,7.545
CHEMBL285019,CC1(C)N=C(N)N=C(N)N1c1ccc(SCc2ccc(Cl)cc2)cc1,-7.64,373.9,3.82,80.0,2,6,4,2.54,0.798,0,2.12,0.26,CHLORPHENTERMINE,0.06,novel,7.544
CHEMBL46783,CC1CN(CC(C)c2cccc(C(=O)c3ccccc3)c2)CC(C)O1,-7.61,337.5,4.13,29.5,0,3,5,3.04,0.768,0,2.21,0.489,KETOPROFEN,0.189,novel,7.542
CHEMBL27957,CCCC(=O)N1CCC(c2cc(Cc3ccc(OC)cc3)nc(N)n2)CC1,-7.36,368.5,3.16,81.3,1,5,6,2.36,0.847,0,2.9,0.306,NABUMETONE,0.141,novel,7.54
CHEMBL40523,CC(=O)OCC(=O)[C@H]1CC[C@H]2[C@@H]3CC[C@@H]4C[C@H](O)CC[C@]4(C)[C@H]3CC[C@]12C,-7.46,376.5,4.14,63.6,1,4,3,4.18,0.752,0,2.62,0.702,BREXANOLONE,0.078,novel,7.539
CHEMBL15148,CCN1CCN(c2cc3c(cc2F)c(=O)c(C(=O)O)cn3C2CCC2)CC1,-7.17,373.4,2.71,65.8,1,4,4,2.38,0.893,0,3.45,0.672,CIPROFLOXACIN,0.128,novel,7.539
CHEMBL275401,C[C@@H](/N=c1\c(O)c(O)\c1=N/c1ccc(C#N)c2c1CCCC2)C(C)(C)C,-7.59,351.5,3.29,89.0,2,5,2,3.98,0.87,0,2.26,0.238,PINACIDIL ANHYDROUS,0.086,novel,7.538
CHEMBL296614,CN1CC(C(=O)OCCO)CC2c3cccc4c3c(cn4C3CCCC3)CC21,-7.38,382.5,3.25,54.7,1,4,4,3.71,0.825,0,2.86,0.311,DIHYDROERGOTAMINE,0.131,novel,7.538
CHEMBL430942,CC(C)Oc1cc(O)ccc1N1CCN(Cc2cccc(C(=O)N3CCCCC3)c2)CC1,-7.71,437.6,4.13,56.3,1,5,6,2.22,0.737,0,1.91,0.276,REPAGLINIDE,0.122,novel,7.536
CHEMBL278074,O=C(OC1CN2CCC1CC2)C1=C/C(=C\c2ccncc2)c2ccccc21,-7.34,358.4,3.66,42.4,0,4,3,3.94,0.786,0,2.95,0.362,SOLIFENACIN,0.13,novel,7.536
CHEMBL49884,CC(C)(N)C(=O)N[C@H](CCc1ccccc1)C(=O)N1CCC2(CCc3ccccc32)CC1,-7.7,433.6,3.35,75.4,2,3,6,3.36,0.734,0,1.94,0.369,DIFELIKEFALIN,0.19,novel,7.535
CHEMBL42726,CC1(C)Oc2ccc(C#N)cc2C(O)[C@H]1NC(=O)c1ccc(F)c(F)c1,-7.42,358.3,2.84,82.3,2,4,2,3.31,0.865,0,2.72,0.263,OSILODROSTAT PHOSPHATE,0.116,novel,7.534
CHEMBL441017,O=C(O)C1CCN(C(=O)N2CCC3(CC2)CCN(c2ccncc2)C3)CC1,-7.33,372.5,2.29,77.0,1,4,2,3.0,0.862,0,2.99,0.236,GOSOGLIPTIN,0.097,novel,7.534
CHEMBL57859,COc1ccccc1N1CCN(CCN2CCC3(CCCC3)CC2=O)CC1,-7.29,371.5,3.0,36.0,0,4,5,2.82,0.797,0,3.08,0.387,BUSPIRONE,0.095,novel,7.533
CHEMBL33179,CC1(C)N=C(N)N=C(N)N1c1ccc(SCc2ccccc2)c(Cl)c1,-7.63,373.9,3.82,80.0,2,6,4,2.62,0.798,0,2.12,0.253,BENZTHIAZIDE,0.095,novel,7.532
CHEMBL21321,O=C(OC1CN2CCC1CC2)C1=C/C(=C\c2cccnc2)c2ccccc21,-7.34,358.4,3.66,42.4,0,4,3,3.94,0.786,0,2.95,0.347,SOLIFENACIN,0.125,novel,7.53
CHEMBL21020,CC(=O)NC[C@@H]1OC(=O)N2c3ccc(-c4cccnc4)cc3C[C@@H]12,-7.38,323.4,2.13,71.5,1,4,3,3.22,0.939,0,2.81,0.338,LINEZOLID,0.133,novel,7.527
CHEMBL6222,O=C(c1ccc(Cl)cc1)c1ccc(-n2ncc(=O)[nH]c2=O)cc1Cl,-7.31,362.2,2.46,84.8,1,4,3,2.21,0.726,0,3.01,0.3,ZOMEPIRAC,0.081,novel,7.526
CHEMBL32862,Oc1cc(CCc2ccccc2)nc(SC2CCCCC2)n1,-7.73,314.5,4.39,46.0,1,4,5,2.39,0.831,0,1.83,0.254,TRIDIHEXETHYL,0.149,novel,7.525
CHEMBL56643,Oc1nc2ccccc2n1CCCN1CCC(Cc2ccccc2)CC1,-7.59,349.5,4.09,41.3,1,3,6,2.19,0.729,0,2.21,0.394,BILASTINE,0.129,novel,7.525
CHEMBL269256,O=C(c1cc2ccccc2[nH]1)N1CCN(c2ncccc2NCC2CC2)CC1,-7.43,375.5,3.35,64.3,2,4,5,2.3,0.718,0,2.68,0.52,DELAVIRDINE,0.136,novel,7.525
CHEMBL24552,CCN1C(=O)c2c(ncn2Cc2ccc(OC)cc2)N2C1=N[C@@H]1CCC[C@@H]12,-7.04,365.4,2.51,63.0,0,5,4,3.54,0.835,0,3.8,0.253,ASTEMIZOLE,0.102,novel,7.525
CHEMBL17380,CC1=NN(C(=O)Nc2ccccc2)C(C)=NN1C(=O)Nc1ccccc1,-7.67,350.4,3.74,89.4,2,4,2,2.7,0.864,0,1.99,0.484,ACETANILIDE,0.197,novel,7.524
CHEMBL415985,Cn1c(=O)sc2cc(CCN3CCC(c4ccccc4)CC3)ccc21,-7.55,352.5,4.02,25.2,0,3,4,2.2,0.708,0,2.31,0.349,FENTANYL,0.11,novel,7.523
CHEMBL36511,COc1ccc(-c2nc3cc4c(cc3[nH]2)C(C)(C)C(=O)N4)cc1,-7.58,307.4,3.47,67.0,2,3,2,2.41,0.762,0,2.25,0.259,ANISINDIONE,0.08,novel,7.522
CHEMBL298733,N#Cc1ccc2[nH]cc(C3=CCC(N4CCCCC4)CC3)c2c1,-7.79,305.4,4.46,42.8,1,2,2,3.04,0.89,0,1.63,0.291,VILAZODONE HYDROCHLORIDE,0.049,novel,7.521
CHEMBL52736,CC(O)C(C)OC(=O)C1CC2c3cccc4c3c(cn4C3CCCC3)CC2N(C)C1,-7.6,410.6,4.03,54.7,1,4,4,4.14,0.774,0,2.17,0.296,DIHYDROERGOTAMINE,0.118,novel,7.521
CHEMBL44950,O=C1N(Cc2ccc3c(c2)OCO3)C(=O)N1Cc1ccc2c(c1)OCO2,-7.08,354.3,2.7,77.5,0,6,4,2.41,0.84,0,3.67,0.423,FIPEXIDE,0.1,novel,7.521
CHEMBL30829,Cc1ccc(S(=O)(=O)N(C)[C@@H]2CCN3CCc4ccccc4[C@@H]3C2)cc1,-7.32,370.5,3.38,40.6,0,3,3,2.94,0.832,0,2.98,0.314,VALBENAZINE TOSYLATE,0.105,novel,7.52
CHEMBL293292,OC(CCCN1CCN(c2ncc(F)cn2)CC1)(c1ccc(F)cc1)C1CCCCC1,-7.7,430.5,4.13,52.5,1,5,7,3.01,0.716,0,1.89,0.464,PROCYCLIDINE,0.093,novel,7.518
CHEMBL264612,O=C1CCc2c(Cl)cccc2N1CCCN1CCN(c2cccc(O)c2)CC1,-7.53,399.9,3.54,47.0,1,4,5,2.34,0.835,0,2.37,0.391,TRAZODONE,0.101,novel,7.517
CHEMBL7259,COc1ccccc1N1CCN(C(=O)c2cc3ccccc3[nH]2)CC1,-7.39,335.4,3.14,48.6,1,3,3,1.92,0.8,0,2.77,0.397,NAFTOPIDIL,0.141,novel,7.517
CHEMBL47020,Oc1ccccc1CCn1c(O)nc2cc(C(F)(F)F)ccc21,-7.6,322.3,3.71,58.3,2,3,3,2.41,0.773,0,2.15,0.275,FLIBANSERIN,0.13,novel,7.516
CHEMBL279944,N[C@H](C(=O)N1CCC(F)(F)C1)[C@H]1CC[C@H](NC(=O)OCc2ccccc2)CC1,-7.51,395.5,2.67,84.7,2,4,5,3.0,0.803,0,2.42,0.31,DIFELIKEFALIN,0.165,novel,7.515
CHEMBL61365,COc1ccccc1N1CCN(Cc2ccc(-c3ccccc3)[nH]2)CC1,-7.65,347.5,4.01,31.5,1,3,5,2.06,0.757,0,2.01,0.41,NAFTOPIDIL,0.101,novel,7.514
CHEMBL276967,O=c1oc2ncccc2n1CCCN1CCN(c2ccccc2)CC1,-7.2,338.4,2.2,54.5,0,5,5,2.29,0.714,0,3.29,0.365,NEFAZODONE,0.111,novel,7.514
CHEMBL30594,CC1(C)N=C(N)N=C(N)N1c1ccc(CSc2ccccc2)c(Cl)c1,-7.61,373.9,3.82,80.0,2,6,4,2.63,0.798,0,2.12,0.205,BENZTHIAZIDE,0.095,novel,7.512
CHEMBL45962,COc1ccc(N2C[C@H](CN3CCC(O)(c4ccsc4)CC3)OC2=O)cc1,-7.28,388.5,3.07,62.2,1,6,5,3.04,0.853,0,3.07,0.324,TOLOXATONE,0.111,novel,7.512
CHEMBL275508,Cc1cc(C)n2nc(NS(=O)(=O)c3ccc(Cl)cc3)nc2n1,-7.45,337.8,2.2,89.2,1,5,3,2.27,0.791,0,2.58,0.468,SULFAMETHAZINE,0.09,novel,7.509
CHEMBL32940,O=C(Cc1c[nH]c2ccccc12)N1CCC(Cc2ccccc2)C1,-7.66,318.4,3.8,36.1,1,1,4,2.4,0.78,0,1.97,0.422,INDORAMIN,0.169,novel,7.507
CHEMBL57079,O=C(CCN1CCN(c2ccccn2)CC1)Nc1ccc(Cl)cc1,-7.3,344.8,2.89,48.5,1,4,5,1.81,0.906,0,2.99,0.371,BEPOTASTINE,0.154,novel,7.507
CHEMBL33444,C[C@H]1[C@H](C)C(=O)CC23CCN(CC4CCC4)C(Cc4ccc(O)cc42)[C@H]13,-7.53,353.5,3.92,40.5,1,3,2,4.84,0.876,0,2.32,0.463,BUTORPHANOL,0.102,novel,7.506
CHEMBL52735,COC(=O)C1=C2C=CN(C)C=C2c2nc(-c3ccccc3)nn2C1,-7.2,320.4,2.23,60.2,0,5,2,3.22,0.794,0,3.27,0.247,COCAINE,0.131,novel,7.506
CHEMBL275097,COc1ccc2c(c1OC)CN1CCc3cc4c(cc3C1C2)OCO4,-7.28,339.4,3.09,40.2,0,5,2,2.98,0.841,0,3.04,0.423,NOSCAPINE,0.063,novel,7.502
CHEMBL300408,c1ccc2c(c1)CCCC2CCCN1CCN(C2=NCCCC2)CC1,-7.63,339.5,4.09,18.8,0,3,4,2.98,0.823,0,2.04,0.339,TETRAHYDROZOLINE,0.091,novel,7.5
CHEMBL298142,Cc1cccc(C)c1NC(=O)CN1CCN(c2ccccn2)CC1,-7.37,324.4,2.46,48.5,1,4,4,1.88,0.938,0,2.78,0.517,RANOLAZINE,0.158,novel,7.5
CHEMBL14499,COc1ccc2c(c1)C(CN1CCC3(CC1)C(=O)NCN3c1ccccc1)CCO2,-7.37,407.5,2.99,54.0,1,5,4,3.53,0.845,0,2.76,0.413,FLUSPIRILENE,0.103,novel,7.499
CHEMBL25979,CCOC(=O)[C@H]1[C@H]2C[C@H]3c4cc5c(cc4CCN3C[C@H]2CC[C@H]1O)OCO5,-7.23,373.4,2.28,68.2,1,6,2,3.95,0.803,0,3.17,0.346,VALBENAZINE,0.091,novel,7.499
CHEMBL283498,COc1ccc(S(=O)(=O)N(C)[C@@H]2CCN3CCc4ccccc4[C@@H]3C2)cc1,-7.21,386.5,3.08,49.9,0,4,4,2.94,0.81,0,3.21,0.296,PRAZIQUANTEL,0.101,novel,7.495
CHEMBL12631,O=C(O)COC1CCN(C(=O)N2CCC3(CC2)CCN(c2ccncc2)C3)CC1,-7.5,402.5,2.06,86.2,1,5,4,3.15,0.83,0,2.39,0.253,BEPOTASTINE,0.104,novel,7.492
CHEMBL15680,O=C1NS(=O)(=O)N(COCc2ccccc2)c2ccccc21,-7.49,318.4,1.66,75.7,1,4,4,2.49,0.93,0,2.41,0.277,BENZYL BENZOATE,0.119,novel,7.492
CHEMBL31134,COc1ccc2c(c1)C13CCN(CC4CCC4)C(C2)[C@@H]1C[C@H](C)C(=O)C3,-7.48,353.5,3.98,29.5,0,3,3,4.53,0.823,0,2.44,0.492,DEXTROMETHORPHAN,0.09,novel,7.492
CHEMBL38136,O=C(O)c1cn(-c2ccc(F)cc2)c2cc(N3CCCCC3)c(F)cc2c1=O,-7.41,384.4,3.96,62.5,1,3,3,2.27,0.743,0,2.62,0.562,TEMAFLOXACIN,0.105,novel,7.492
CHEMBL281214,O=C(c1cccc(CN2CCC(c3ccccc3)C2)c1)N1CCCCC1,-7.6,348.5,4.3,23.6,0,2,4,2.3,0.822,0,2.09,0.292,FENTANYL,0.155,novel,7.491
CHEMBL31709,c1ccc2c(c1)OC(N1CCCC1)c1cnc(N3CCCCC3)nc1-2,-7.37,336.4,3.62,41.5,0,5,2,2.97,0.838,0,2.75,0.253,DOXAZOSIN,0.111,novel,7.489
CHEMBL301839,CN(C)c1ccc2c(cc1=O)CC[C@@H]1[C@@H]2CC[C@]2(C)[C@@H](O)CC[C@@H]12,-7.48,327.5,3.33,40.5,1,3,1,3.91,0.86,0,2.41,0.686,ESTRADIOL,0.09,novel,7.487
CHEMBL445611,COc1cc2c(cc1O)O[C@@H](C[C@H](c1ccc3c(c1)OCO3)C(C)O)C2,-7.37,358.4,2.99,77.4,2,6,5,3.59,0.856,0,2.75,0.338,PROTOKYLOL,0.115,novel,7.487
CHEMBL287223,CN1CCN(CCCN2N=C3/C(=C/c4ccccc4)COCC3C2c2ccccc2)CC1,-7.62,430.6,3.77,31.3,0,5,6,3.44,0.698,0,2.01,0.277,THIETHYLPERAZINE MALEATE,0.101,novel,7.486
CHEMBL25296,CCCc1cc2c(cc1O)C(C)(C)C(CCc1ccc(S(C)(=O)=O)cc1)O2,-7.5,388.5,4.42,63.6,1,4,6,3.11,0.796,0,2.35,0.233,HEXYLRESORCINOL,0.106,novel,7.486
CHEMBL267864,Cc1cc(-n2ncc(=O)[nH]c2=O)ccc1C(=O)c1ccc(Cl)cc1,-7.39,341.8,2.11,84.8,1,4,3,2.21,0.739,0,2.67,0.362,ZOMEPIRAC,0.085,novel,7.486
CHEMBL267504,COC(=O)C1=NN2C(=O)Nc3cc(Cl)c(Cl)cc3C2C1,-7.28,314.1,2.81,71.0,1,4,1,3.31,0.81,0,2.99,0.281,FELODIPINE,0.103,novel,7.486
CHEMBL54727,CN1CC[C@@]2(C)c3cc(OC(=O)Nc4ccccc4)ccc3N(C)C12,-7.48,337.4,3.67,44.8,1,4,2,3.13,0.908,0,2.41,0.755,PHYSOSTIGMINE,0.145,novel,7.485
CHEMBL53623,Cc1ccccc1NC(=O)Oc1ccc2c(c1)[C@]1(C)CCNC1N2C,-7.54,337.4,3.63,53.6,2,4,2,3.29,0.879,0,2.22,0.47,PHYSOSTIGMINE,0.112,novel,7.484
CHEMBL49895,CC(C)(C)C1CCC(C(=O)Nc2ccc(OC(=O)NN3CCOCC3)cc2)CC1,-7.67,403.5,3.81,79.9,2,5,4,2.45,0.799,0,1.86,0.282,OMBITASVIR,0.106,novel,7.483
CHEMBL416071,CN1CCN(CCOc2ccc(-c3cccc(N)n3)c3c2CCCC3)CC1,-7.19,366.5,2.84,54.6,1,5,5,2.42,0.882,0,3.23,0.268,EMEDASTINE,0.09,novel,7.483
CHEMBL6498,C#CCN(Cc1ccc2nc(C)nc(O)c2c1)c1ccc(C(=O)NC)cc1,-7.32,360.4,2.64,78.3,2,5,5,2.63,0.684,0,2.87,0.273,GIVINOSTAT,0.169,novel,7.481
CHEMBL298956,CS(=O)(=O)Nc1cc2c(cc1Cc1cccc(C(F)(F)F)c1)OCO2,-7.24,373.4,3.4,64.6,1,4,4,2.35,0.892,0,3.08,0.357,FENFLURAMINE,0.139,novel,7.479
CHEMBL6440,CN1Cc2c(C(=O)OCC3CC3)ncn2-c2ccc(Cl)cc2C1=O,-6.97,345.8,2.68,64.4,0,4,3,2.65,0.802,0,3.85,0.619,FLUMAZENIL,0.092,novel,7.479
CHEMBL43187,CN1CCN(c2nc3ccccc3c3c2CCC2CCCCC32)CC1,-7.64,335.5,4.21,19.4,0,3,1,3.14,0.778,0,1.94,0.309,TACRINE,0.123,novel,7.478
CHEMBL285341,CCN(CC)C(=O)N[C@@H]1C[C@@H]2c3cccc4c3C(=CC4)C[C@H]2N(C)C1,-7.46,339.5,3.24,35.6,1,2,3,3.89,0.918,0,2.46,0.3,QUINAGOLIDE,0.14,novel,7.477
CHEMBL37700,O=C1CCC2C3Cc4ccc(O)cc4C2(CCN3CC2CCC2)C1,-7.5,325.5,3.43,40.5,1,3,2,4.34,0.905,0,2.34,0.548,LEVALLORPHAN,0.094,novel,7.476
CHEMBL34747,C[C@@H]1[C@@H](C)C(=O)CC23CCN(CC4CCC4)C(Cc4ccc(O)cc42)[C@@H]13,-7.5,353.5,3.92,40.5,1,3,2,4.84,0.876,0,2.32,0.463,BUTORPHANOL,0.102,novel,7.475
CHEMBL22359,N[C@H](C(=O)N1CCSC1)[C@H]1CC[C@H](NC(=O)c2ccc(F)c(F)c2)CC1,-7.46,383.5,2.11,75.4,2,4,4,2.99,0.835,0,2.43,0.247,INDORAMIN,0.116,novel,7.475
CHEMBL279937,CN1CCOc2c(C(=O)NC[C@H]3CCCN3CCc3ccccc3)cc(Cl)cc21,-7.56,413.9,3.61,44.8,1,4,6,2.87,0.785,0,2.16,0.362,SULPIRIDE,0.141,novel,7.473
CHEMBL7640,Cc1c2c(cc3c(-c4ccccc4F)noc13)CC(C(=O)O)O2,-7.38,313.3,3.33,72.6,1,4,2,3.1,0.785,0,2.66,0.323,ATALUREN,0.133,novel,7.473
CHEMBL33039,COC(=O)C1C(OC(=O)c2ccccc2)C[C@H]2CCC1N2Cc1ccccc1,-7.19,379.5,3.44,55.8,0,5,5,3.96,0.745,0,3.21,0.712,COCAINE,0.163,novel,7.473
CHEMBL417083,O=C1CCC(c2ccc(NCc3ccnc4ccccc34)cc2)=NN1,-7.45,330.4,3.46,66.4,2,4,4,2.3,0.77,0,2.48,0.211,ALOSETRON,0.137,novel,7.472
CHEMBL53274,COC(=O)C1CC2c3cccc4c3c(cn4C3CCCC3)CC2N(C)C1,-7.4,352.5,3.89,34.5,0,3,2,3.62,0.769,0,2.59,0.327,DIHYDROERGOTAMINE,0.114,novel,7.472
CHEMBL6660,Cc1cc(NS(=O)(=O)c2cccc3c(N(C)C)cccc23)nnc1Cl,-7.33,376.9,3.46,75.2,1,5,4,2.48,0.754,0,2.8,0.276,SULFAMETHOXAZOLE,0.127,novel,7.472
CHEMBL18543,CN1Cc2c(NC(=O)CN3CCOCC3)cccc2C(c2ccccc2)C1,-7.26,365.5,2.53,44.8,1,4,4,2.69,0.904,0,3.01,0.484,NOMIFENSINE MALEATE,0.155,novel,7.471
CHEMBL269704,CC1(C)N=C(N)N=C(N)N1c1cccc(OCc2ccc(Cl)c(Cl)c2)c1,-7.69,392.3,3.76,89.2,2,6,4,2.55,0.829,0,1.78,0.25,SAFINAMIDE,0.076,novel,7.47
CHEMBL58394,CN(c1nc2ccccc2[nH]1)C1CCN(CCc2ccccc2)CC1,-7.56,334.5,3.71,35.2,1,3,5,2.21,0.772,0,2.14,0.456,FENTANYL,0.125,novel,7.468
CHEMBL44954,Cc1cc(C)n(C(=O)c2ccc(NC(=O)NC3CCCCC3)cc2)n1,-7.52,340.4,3.64,76.0,2,3,3,2.12,0.895,0,2.26,0.404,ACETOHEXAMIDE,0.098,novel,7.468
CHEMBL51896,COC(=O)C1C(c2ccc(-c3cccc(O)c3)cc2)CC2CCC1N2C,-7.41,351.4,3.8,49.8,1,4,3,4.03,0.855,0,2.57,0.477,IOFLUPANE,0.129,novel,7.466
CHEMBL266119,COc1cc2nc(N3CCN(C(=O)c4ccccc4)CC3)cc(N)c2cc1OC,-7.29,392.5,2.8,80.9,1,6,4,2.12,0.735,0,2.9,0.508,PRAZOSIN,0.149,novel,7.466
CHEMBL36337,CN1C(=O)c2ccccc2C1CCN1CCN(c2ccc(Cl)cc2)CC1,-7.42,369.9,3.68,26.8,0,3,4,2.65,0.822,0,2.52,0.324,TRAZODONE,0.099,novel,7.465
CHEMBL278501,COc1ccc(C(=O)NCC2(c3ccccc3)CCC(=O)CC2)cc1,-7.35,337.4,3.51,55.4,1,3,5,2.1,0.908,0,2.73,0.365,AVOBENZONE,0.173,novel,7.465
CHEMBL33523,CC[C@@H]1NC(=O)O[C@]12CCN1CCc3cc(OC)c(OC)cc3[C@@H]1C2,-7.14,346.4,2.65,60.0,1,5,3,4.31,0.912,0,3.34,0.429,EMETINE,0.093,novel,7.464
CHEMBL423839,COc1ccccc1OCC(O)CN1CCC2(CC1)CN(Cc1ccccc1)C(=O)O2,-7.35,426.5,2.92,71.5,1,6,8,3.25,0.7,0,2.73,0.451,RANOLAZINE,0.136,novel,7.463
CHEMBL21168,O=C(NCCN1CCN(c2ccc(Cl)cc2)CC1)C12CC3CC(CC(C3)C1)C2,-7.62,402.0,3.79,35.6,1,3,5,3.38,0.815,0,1.96,0.444,MOCLOBEMIDE,0.101,novel,7.462
CHEMBL282754,CC1(C)N=C(N)N=C(N)N1c1cccc(COc2ccccc2)c1,-7.53,323.4,2.45,89.2,2,6,4,2.4,0.904,0,2.19,0.327,MONOBENZONE,0.11,novel,7.459
CHEMBL15362,CC(C)N1CCN(c2cc3c(cc2F)c(=O)c(C(=O)O)cn3C2CC2)CC1,-7.09,373.4,2.7,65.8,1,4,4,2.43,0.893,0,3.46,0.727,CIPROFLOXACIN,0.118,novel,7.459
CHEMBL48631,CN1C2CCC1[C@H](OC(=O)C(F)(c1ccccc1)c1ccccc1)CC2,-7.46,353.4,4.07,29.5,0,3,4,4.14,0.776,0,2.39,0.421,COCAINE,0.197,novel,7.458
CHEMBL282644,O=C(C1CCNC1)N1CCN(CCNc2ccnc3cc(Cl)ccc23)CC1,-7.43,387.9,2.05,60.5,2,5,5,2.8,0.822,0,2.49,0.354,GLAFENINE,0.093,novel,7.457
CHEMBL20656,OC1CCCCC1N1CCC(CCC2CCN(C3CCCCC3O)CC2)CC1,-7.63,392.6,3.8,46.9,2,4,5,3.53,0.747,0,1.89,0.294,SPARTEINE,0.061,novel,7.456
CHEMBL29374,O=C(O)CCc1cccc2c1CCC(NS(=O)(=O)c1ccc(Cl)cc1)C2,-7.52,393.9,3.19,83.5,2,3,6,2.66,0.789,0,2.21,0.431,RAMATROBAN,0.131,novel,7.456
CHEMBL13057,O=C(O)CCN1CCN(C(=O)N2CCC3(CC2)CCN(c2ccncc2)C3)CC1,-7.5,401.5,1.59,80.2,1,5,4,3.02,0.825,0,2.27,0.263,BEPOTASTINE,0.111,novel,7.456
CHEMBL20505,CC(=O)NC[C@@H]1OC(=O)N2c3ccc(-c4cccnc4)cc3CC[C@H]12,-7.19,337.4,2.52,71.5,1,4,3,3.27,0.934,0,3.15,0.312,LINEZOLID,0.131,novel,7.456
CHEMBL296988,CN(C)CC1CCCCN1CC(=O)N1c2ccccc2C(=O)Nc2cccnc21,-7.18,393.5,2.73,68.8,1,5,4,3.04,0.865,0,3.19,0.612,PIRENZEPINE,0.129,novel,7.456
CHEMBL300905,Fc1ccc(CCCN2CC[C@@H]3[C@H](C2)c2cccc4c2N3CC4)cc1,-7.57,336.5,3.99,6.5,0,2,4,3.02,0.833,0,2.07,0.522,LUMATEPERONE,0.08,novel,7.454
CHEMBL31004,CC1(C)N=C(N)N=C(N)N1c1ccc(CSc2ccccc2)cc1,-7.44,339.5,3.16,80.0,2,6,4,2.49,0.839,0,2.42,0.204,AMPHETAMINE,0.103,novel,7.453
CHEMBL41580,CS(=O)(=O)Nc1cccc(OCC(O)CN2CCC(c3ccccc3)CC2)c1,-7.43,404.5,2.68,78.9,2,5,8,2.55,0.707,0,2.48,0.365,RANOLAZINE,0.153,novel,7.453
CHEMBL50826,COc1cccc(-c2cc(O)c3cc(N4CCOCC4)ccc3n2)c1,-7.33,336.4,3.45,54.8,1,5,3,2.19,0.794,0,2.74,0.278,LETERMOVIR,0.132,novel,7.453
CHEMBL7686,Clc1ccc(N2CCN(Cc3cnc4ccccn34)CC2)cc1,-7.44,326.8,3.31,23.8,0,3,3,2.15,0.738,0,2.44,0.403,TRAZODONE,0.083,novel,7.452
CHEMBL276771,CN1CCN(CC(=O)N2c3ccccc3NC(=O)c3ccccc32)CC1,-7.24,350.4,2.16,55.9,1,4,2,2.22,0.902,0,3.01,0.75,PIRENZEPINE,0.143,novel,7.452
CHEMBL288378,O=C(Nc1ccccc1F)C1=C(O)CCn2c1nc1cccnc12,-7.44,324.3,2.88,80.0,2,4,2,2.59,0.759,0,2.44,0.262,RIOCIGUAT,0.133,novel,7.451
CHEMBL46012,CC1(C)C(=O)NN=C1c1ccc(-n2cnc3c2CCCC3)cc1,-7.26,308.4,2.61,59.3,1,3,2,2.92,0.927,0,2.95,0.23,HEXOBARBITAL,0.06,novel,7.451
CHEMBL30741,c1ccc2c(c1)OC(N1CCOCC1)c1cnc(N3CCOCC3)nc1-2,-7.14,354.4,1.7,60.0,0,7,2,3.11,0.813,0,3.28,0.25,DOXAZOSIN,0.11,novel,7.451
CHEMBL280810,COc1cc2c(cc1OC)[C@@H]1C[C@@H]3C[C@H](OC(C)=O)CC[C@@H]3CN1CC2,-7.15,359.5,3.35,48.0,0,5,3,3.58,0.775,0,3.26,0.571,BENZQUINAMIDE,0.076,novel,7.45
CHEMBL286033,N#C[C@@H]1C[C@@H]2CN3CCc4cc5c(cc4[C@@H]3C[C@@H]2C[C@@H]1O)OCO5,-7.23,326.4,2.25,65.7,1,5,0,4.2,0.792,0,3.03,0.289,BENZQUINAMIDE,0.057,novel,7.449
CHEMBL30288,COc1cccc(C(=O)NCC2CN(Cc3ccccc3)CCO2)c1OC,-7.17,370.4,2.33,60.0,1,5,7,2.44,0.811,0,3.19,0.329,REMOXIPRIDE,0.151,novel,7.449
CHEMBL34860,O=S1(=O)C/C(=C\c2ccccc2)C2=NNC(c3ccccc3)C2C1,-7.17,338.4,2.82,58.5,1,4,2,3.55,0.916,0,3.19,0.234,TRANYLCYPROMINE,0.114,novel,7.449
CHEMBL55263,Cc1cc(CN(C)c2ccc3c4c(ccc(C)c24)C(N)=N3)ccn1,-7.47,316.4,3.84,54.5,1,4,3,2.87,0.799,0,2.34,0.219,SULFAMERAZINE,0.064,novel,7.447
CHEMBL27493,CCCCN1CC2(CCN(CC(O)C3COc4ccccc4O3)CC2)OC1=O,-7.26,390.5,2.27,71.5,1,6,6,3.96,0.804,0,2.94,0.278,FENSPIRIDE,0.172,novel,7.447
CHEMBL10027,COc1ccc2c(c1)C(CN(C)CCc1ccc3c(c1)OCO3)CCC2,-7.43,353.5,4.02,30.9,0,4,6,2.78,0.785,0,2.45,0.278,TRAMADOL,0.072,novel,7.446
CHEMBL276482,CC(CC(=O)O)N1CCC(C(=O)N2CCC3(CC2)CCN(c2ccncc2)C3)CC1,-7.33,414.6,2.48,77.0,1,5,5,3.5,0.798,0,2.71,0.26,DEXTROMORAMIDE,0.136,novel,7.445
CHEMBL28191,OC1CCCC1CN1CCN(CCOC(c2ccccc2)c2ccccc2)CC1,-7.53,394.6,3.57,35.9,1,4,8,2.96,0.743,0,2.16,0.36,DIPHENYLPYRALINE,0.147,novel,7.443
CHEMBL58512,CN1C2CCC1CC(NC(=O)Nc1ccccc1OCc1ccccc1)C2,-7.52,365.5,4.01,53.6,2,3,5,3.44,0.842,0,2.17,0.377,ATROPINE,0.165,novel,7.443
CHEMBL20975,CC1(C)N=C(N)N=C(N)N1c1cccc(SCc2ccccc2)c1,-7.43,339.5,3.16,80.0,2,6,4,2.54,0.839,0,2.42,0.24,AMPHETAMINE,0.11,novel,7.443
CHEMBL282527,O=C(O)CCN1CCC2(CCC(C(=O)N3CCN(c4ccncc4)CC3)CC2)CC1,-7.33,414.6,2.48,77.0,1,5,5,2.98,0.798,0,2.71,0.269,BEPOTASTINE,0.107,novel,7.443
CHEMBL42832,O=C(c1ccc(Cl)c(Cl)c1)N1CCC(CNCc2ncccc2F)CC1,-7.58,396.3,4.17,45.2,1,3,5,2.24,0.825,0,2.01,0.329,MITAPIVAT,0.115,novel,7.442
CHEMBL41875,O=C1[C@H](Cc2c[nH]c3ccccc23)N(Cc2ccccc2)C(=O)[C@@H]2CCCN12,-7.21,373.5,3.11,56.4,1,2,4,3.01,0.764,0,3.06,0.365,ELETRIPTAN,0.147,novel,7.44
CHEMBL27247,CC(=O)N[C@H]1c2cccc3c2-c2c1ccc1c2[C@@H](C3)N(C)CC1,-7.5,304.4,2.98,32.3,1,2,1,3.53,0.878,0,2.21,0.509,APOMORPHINE,0.125,novel,7.439
CHEMBL32258,O=C(NCCc1ccccc1)C1CCCN1S(=O)(=O)CCc1ccccc1,-7.18,386.5,2.38,66.5,1,3,8,2.43,0.757,0,3.15,0.381,ENALAPRILAT ANHYDROUS,0.145,novel,7.439
CHEMBL24542,CCCCc1ccc(-c2nc3cc4c(cc3[nH]2)C(C)(C)C(=O)N4)nc1,-7.57,334.4,4.2,70.7,2,3,4,2.68,0.751,0,2.01,0.231,THIABENDAZOLE,0.116,novel,7.437
CHEMBL24755,CCOC(=O)C1CCC(c2nc3ccccc3c(=O)o2)=CC1C,-7.15,313.4,3.18,69.4,0,5,3,3.39,0.814,0,3.21,0.258,CINCHOPHEN,0.173,novel,7.437
CHEMBL38401,NC(=O)n1ccc(-c2ccc(Oc3ccc(F)cc3F)cc2)n1,-7.36,315.3,3.55,70.1,1,3,3,2.25,0.803,0,2.61,0.281,DIFLUNISAL,0.111,novel,7.435
CHEMBL15201,Cc1cc2c(s1)CCC(CN[C@H]1CC[C@@H](Oc3ccccc3)[C@H]1O)C2=O,-7.37,371.5,3.36,58.6,2,5,5,3.85,0.846,0,2.59,0.24,RASAGILINE TARTRATE,0.125,novel,7.434
CHEMBL7012,CCNc1cccnc1N1CCN(C(=O)c2ccc3ccccc3c2)CC1,-7.32,360.5,3.63,48.5,1,4,4,2.05,0.772,0,2.71,0.403,DELAVIRDINE,0.147,novel,7.433
CHEMBL297760,CCNC(=O)[C@H]1CCC2C3CCC4N(C)C(=O)CCC4(C)C3CCC21C,-7.31,360.5,3.6,49.4,1,2,2,4.12,0.818,0,2.75,0.386,FINASTERIDE,0.13,novel,7.433
CHEMBL278535,Cc1ccc(C(C)/N=c2\c(O)c(O)\c2=N/c2ccc(C#N)cc2)cc1,-7.5,331.4,3.05,89.0,2,5,3,3.41,0.773,0,2.21,0.269,LETROZOLE,0.092,novel,7.432
CHEMBL57943,CC(C)NCC(O)COc1ccc2c(c1)OC(c1ccccc1)CC2=O,-7.27,355.4,3.13,67.8,2,5,7,3.02,0.799,0,2.86,0.426,PRACTOLOL,0.155,novel,7.432
CHEMBL23696,CC1(C)C(=O)Nc2cc3[nH]c(CCc4ccncc4)nc3cc21,-7.42,306.4,2.97,70.7,2,3,3,2.66,0.781,0,2.44,0.246,MILRINONE,0.085,novel,7.431
CHEMBL266815,CCc1ccccc1N1CCN(C(=O)c2cc3ccccc3[nH]2)CC1,-7.49,333.4,3.69,39.3,1,2,3,1.99,0.794,0,2.24,0.384,DELAVIRDINE,0.162,novel,7.43
CHEMBL51454,COC(=O)C1C(c2ccc(-c3cccc(OC)c3)cc2)CC2CCC1N2C,-7.36,365.5,4.1,38.8,0,4,4,3.95,0.765,0,2.59,0.47,IOFLUPANE,0.118,novel,7.43
CHEMBL15778,COc1cccc(-c2cc(O)c3cc(N4CCCC4)ccc3n2)c1,-7.58,320.4,4.22,45.6,1,4,3,2.11,0.785,0,1.96,0.287,LETERMOVIR,0.137,novel,7.429
CHEMBL284301,O=C(Nc1ccccc1F)C1=C(O)CCn2c1nc1ncccc12,-7.41,324.3,2.88,80.0,2,4,2,2.67,0.759,0,2.44,0.244,RIOCIGUAT,0.131,novel,7.426
CHEMBL280622,O=C(O)CN1CCC2(CCC(C(=O)N3CCN(c4ccncc4)CC3)CC2)CC1,-7.35,400.5,2.09,77.0,1,5,4,2.96,0.834,0,2.63,0.253,OLAPARIB,0.107,novel,7.426
CHEMBL280340,COc1cc2c3c4c(cc5c3n(c2cc1OC)C(=O)CC5(C)C)CCNC4,-7.33,364.4,3.78,52.5,1,4,2,3.03,0.752,0,2.68,0.208,TETRABENAZINE,0.055,novel,7.426
CHEMBL7066,CCNc1cccc(N2CCN(C(=O)c3ccc4[nH]ccc4c3)CC2)n1,-7.24,349.4,2.96,64.3,2,4,4,2.29,0.76,0,2.94,0.291,DELAVIRDINE,0.128,novel,7.426
CHEMBL301369,O=C(OCC1CC1)c1ncn2c1C1CCCN1C(=O)c1cc(Cl)ccc1-2,-7.04,371.8,3.38,64.4,0,4,3,3.11,0.776,0,3.5,0.364,FLUMAZENIL,0.08,novel,7.426
CHEMBL6254,O=C(c1ccccc1)c1cc(-n2ncc(=O)[nH]c2=O)ccc1Cl,-7.43,327.7,1.81,84.8,1,4,3,2.17,0.743,0,2.37,0.286,OXYBENZONE,0.127,novel,7.425
CHEMBL60708,COc1cc2ccccc2cc1C(=O)NC1CCN(Cc2ccccc2)C1,-7.41,360.5,3.85,41.6,1,3,5,2.31,0.751,0,2.44,0.397,DONEPEZIL,0.162,novel,7.425
CHEMBL16734,CC1(C)Oc2ccc(C#N)cc2[C@@H](NC(=O)c2cccc(F)c2)[C@@H]1O,-7.34,340.4,2.7,82.3,2,4,2,3.11,0.881,0,2.64,0.263,OSILODROSTAT PHOSPHATE,0.129,novel,7.425
CHEMBL15050,COc1ccc(-c2cc(O)c3cc4c(cc3n2)OCO4)cc1OC,-7.28,325.3,3.35,70.0,1,6,3,2.26,0.796,0,2.81,0.318,BERBERINE,0.097,novel,7.425
CHEMBL44638,CC(=O)O[C@H]1CCC2C3CC[C@H]4CC(=O)NCC4(C)C3CCC21C,-7.28,333.5,3.3,55.4,1,3,1,4.28,0.749,0,2.81,0.517,DROMOSTANOLONE PROPIONATE,0.089,novel,7.422
CHEMBL31969,Cc1ccccc1-n1cc(C(=O)O)c(=O)c2cc(F)c(N3CCN(C)CC3)cc21,-7.16,395.4,2.89,65.8,1,4,3,2.34,0.739,0,3.15,0.529,TEMAFLOXACIN,0.129,novel,7.422
CHEMBL49666,Cc1cc(-c2ccc3c(=O)c(C(=O)O)cn4c3c2OC[C@@H]4C)cc(C)n1,-7.28,350.4,3.33,81.4,1,4,2,3.12,0.767,0,2.8,0.507,OFLOXACIN,0.143,novel,7.421
CHEMBL266321,CCNc1cccnc1N1CCN(C(=O)c2nc3ccccc3o2)CC1,-7.12,351.4,2.62,74.5,1,6,4,2.33,0.779,0,3.27,0.37,DELAVIRDINE,0.141,novel,7.421
CHEMBL298633,CC(C)C(=O)N1C(=O)[C@@H](C)C2[C@@H]1CCN2C(=O)OCc1ccccc1,-6.98,344.4,2.43,66.9,0,4,3,3.38,0.845,0,3.67,0.324,ENALAPRIL,0.16,novel,7.42
CHEMBL7179,COc1c(C)cc(C(=O)N2CCN(c3ccccn3)CC2)cc1C,-7.12,325.4,2.67,45.7,0,4,3,1.98,0.87,0,3.24,0.31,PRAZOSIN,0.114,novel,7.419
CHEMBL290196,Cc1cccc2c1nc1n2CCC(O)=C1C(=O)Nc1ccccc1,-7.47,319.4,3.66,67.1,2,3,2,2.46,0.757,0,2.25,0.306,ACETANILIDE,0.153,novel,7.418
CHEMBL50566,Cc1cc(C)c(CCC2C[C@@H](O)CC(=O)O2)c(-c2ccc(F)c(C)c2)c1,-7.49,356.4,4.42,46.5,1,3,4,3.28,0.825,0,2.2,0.28,SIMVASTATIN,0.106,novel,7.416
CHEMBL10458,C1CCN(C2CCN(CCCN3CCC(N4CCCCC4)CC3)CC2)CC1,-7.37,376.6,3.28,13.0,0,4,6,2.11,0.705,0,2.53,0.31,PITOLISANT,0.035,novel,7.416
CHEMBL417422,COc1cc2nc(N3CCN(Cc4ccccc4)CC3)cc(N)c2cc1OC,-7.15,378.5,3.16,63.9,1,6,5,2.09,0.736,0,3.15,0.412,PRAZOSIN,0.122,novel,7.415
CHEMBL282910,O=S(=O)(NS(=O)(=O)N1CCc2cc(Cl)ccc21)N1CCc2cc(Cl)ccc21,-7.48,448.4,2.5,86.8,1,4,4,2.78,0.779,0,2.2,0.27,RIMONABANT,0.069,novel,7.414
CHEMBL287224,COc1ccccc1CNC(=O)c1ccc2c(C)nccc2n1,-7.2,307.4,2.88,64.1,1,4,4,2.01,0.805,0,3.0,0.318,AMSACRINE,0.169,novel,7.414
CHEMBL33701,O=C(NCCc1ccccc1)C1CCCN1S(=O)(=O)/C=C/c1ccccc1,-7.11,384.5,2.81,66.5,1,3,7,2.58,0.798,0,3.28,0.353,ENALAPRILAT ANHYDROUS,0.167,novel,7.414
CHEMBL299132,CN1CC[C@]23CCCC[C@H]2[C@H]1Cc1ccc(-c2nn[nH]n2)cc13,-7.24,309.4,2.55,57.7,1,4,1,4.3,0.879,0,2.89,0.607,LEVORPHANOL,0.064,novel,7.412
CHEMBL275407,Cc1nccc2c1[nH]c1cc(OC(=O)NC3CCCCC3)ccc12,-7.6,323.4,4.45,67.0,2,3,2,2.39,0.732,0,1.85,0.288,ACETOHEXAMIDE,0.092,novel,7.41
CHEMBL37591,OC1=C2C(=Nc3ccnn3C2c2cccc(OC(F)(F)F)c2)CCC1,-7.41,349.3,4.45,59.6,1,4,2,3.62,0.871,0,2.41,0.229,PRETOMANID,0.102,novel,7.41
CHEMBL16019,COc1ccc(COC(=O)C2=C(C(C)C)NC(=O)NC2c2cccc(C)c2)cc1,-7.58,394.5,4.01,76.7,2,4,6,2.85,0.726,0,1.9,0.304,NIMODIPINE,0.133,novel,7.409
CHEMBL26156,O[C@@H]1CC[C@H]2CN3CCc4cc5c(cc4[C@@H]3C[C@@H]2C1)OCO5,-7.39,301.4,2.5,41.9,1,4,0,3.72,0.799,0,2.44,0.31,BENZQUINAMIDE,0.053,novel,7.409
CHEMBL17933,CO[C@H]1c2ccc(O)cc2OC[C@H]1N1CCC(O)(c2ccc(F)cc2)CC1,-7.24,373.4,2.96,62.2,2,5,3,3.47,0.866,0,2.87,0.292,HALOPERIDOL,0.094,novel,7.409
CHEMBL33787,CC1(C)CCOc2ccc(NC(=O)c3ccc(C(=O)O)cc3)cc21,-7.51,325.4,3.7,75.6,2,3,3,2.04,0.902,0,2.09,0.689,TAMIBAROTENE,0.13,novel,7.407
CHEMBL287200,CN1CCc2c1nc1ccccc1c2NC(=O)Cc1ccccc1,-7.41,317.4,3.41,45.2,1,3,3,2.11,0.805,0,2.38,0.333,PHENACEMIDE,0.188,novel,7.406
CHEMBL57436,CN1C2CCC1CC(NC(=O)C1=CC(C)(C)c3ccccc31)C2,-7.47,310.4,3.1,32.3,1,2,2,4.08,0.91,0,2.2,0.441,GRANISETRON,0.173,novel,7.405
CHEMBL29379,O[C@@H]1CCC2CN3CCc4cc5c(cc4[C@@H]3C[C@@H]2C1)OCO5,-7.39,301.4,2.5,41.9,1,4,0,3.72,0.799,0,2.44,0.31,BENZQUINAMIDE,0.053,novel,7.404
CHEMBL49124,OCCNc1cc(N2CCc3ccccc3C2)c2ccccc2n1,-7.48,319.4,3.2,48.4,2,4,4,2.21,0.775,0,2.18,0.296,DEBRISOQUIN,0.171,novel,7.403
CHEMBL58517,CC(C)Oc1ccccc1N1CCN(Cc2cccc(C(=O)N3CCCCC3O)c2)CC1,-7.5,437.6,3.74,56.2,1,5,6,2.74,0.746,0,2.12,0.312,NAFTOPIDIL,0.133,novel,7.402
CHEMBL55315,Cc1ccccc1NC(=O)Oc1ccc2c(c1)[C@]1(C)CCN(C)C1N2,-7.53,337.4,3.95,53.6,2,4,2,3.29,0.871,0,2.05,0.448,PHYSOSTIGMINE,0.125,novel,7.401
CHEMBL284346,Cc1c(-c2ccccc2)nnn1C1CCN(Cc2ccccc2)CC1,-7.44,332.5,4.09,34.0,0,3,4,2.09,0.721,0,2.29,0.323,DONEPEZIL,0.104,novel,7.399
CHEMBL279774,CC(C)c1ccc2c(c1)C(NC(=O)c1ccc(F)cc1)[C@H](O)C(C)(C)O2,-7.42,357.4,3.95,58.6,2,3,3,3.01,0.874,0,2.34,0.242,FLURBIPROFEN,0.15,novel,7.399
CHEMBL21031,CC1(C)N=C(N)N=C(N)N1c1cccc(CSc2ccccc2)c1,-7.39,339.5,3.16,80.0,2,6,4,2.55,0.839,0,2.42,0.24,AMPHETAMINE,0.11,novel,7.399
CHEMBL38973,CC(=O)c1cc2c(cc1C)OC(C)(C)[C@H](O)[C@H]2NC(=O)c1ccc(F)cc1,-7.36,371.4,3.34,75.6,2,4,3,3.16,0.812,0,2.51,0.246,TAMIBAROTENE,0.122,novel,7.398
CHEMBL10434,c1ccc(CN2CCN(CCCN3CCN(Cc4ccccc4)CC3)CC2)cc1,-7.35,392.6,3.01,13.0,0,4,8,1.66,0.685,0,2.53,0.395,DIPHENIDOL,0.131,novel,7.398
CHEMBL34274,CC1(C)N=C(N)N=C(N)N1c1cccc(COC2CCCCC2)c1,-7.41,329.4,2.72,89.2,2,6,4,2.69,0.889,0,2.37,0.217,DEZOCINE,0.076,novel,7.396
CHEMBL53285,O=C(OC1CCCCC1)c1ncn2c1C1CCCN1C(=O)c1cc(Cl)ccc1-2,-7.28,399.9,4.31,64.4,0,4,2,3.13,0.706,0,2.73,0.333,FLUMAZENIL,0.071,novel,7.396
CHEMBL301804,O=C1c2ccc(O)cc2[C@@]23CCCC[C@H]2[C@@H]1N(C[C@@H]1CCCO1)CC3,-7.26,341.5,3.27,49.8,1,4,2,4.6,0.897,0,2.78,0.448,LEVALLORPHAN,0.104,novel,7.396
CHEMBL24170,c1ccc(CN2CCC(n3cc(-c4ccccc4)nn3)CC2)cc1,-7.42,318.4,3.78,34.0,0,3,4,1.96,0.734,0,2.33,0.312,DONEPEZIL,0.107,novel,7.392
CHEMBL37623,COc1cc2c(cc1OC)-c1cnc(NCc3ccccc3)n1CC2,-7.38,335.4,3.74,48.3,1,4,5,2.37,0.772,0,2.43,0.348,DONEPEZIL,0.108,novel,7.392
CHEMBL16317,CN(C(=O)c1ccc(F)cc1)C1c2cc(C#N)ccc2OC(C)(C)[C@H]1O,-7.12,354.4,3.04,73.6,1,4,2,3.23,0.9,0,3.17,0.329,ESCITALOPRAM OXALATE,0.096,novel,7.391
CHEMBL28178,FC(F)(F)c1ccc2c(c1)nc(N1CCNCC1)c1cccn12,-7.39,320.3,2.92,32.6,1,3,1,2.47,0.748,0,2.4,0.271,FLIBANSERIN,0.086,novel,7.39
CHEMBL49911,COc1ccc2nc(CC(c3ccccc3)N3CCCCC3)nc(O)c2c1,-7.31,363.5,4.11,58.5,1,5,5,2.77,0.739,0,2.64,0.284,VENLAFAXINE BESYLATE,0.162,novel,7.39
CHEMBL291288,OC(Cn1ncc2c(N3CCCCC3)ncnc21)c1ccccc1,-7.13,323.4,2.55,67.1,1,5,4,2.72,0.799,0,3.14,0.254,ZIPEPROL,0.154,novel,7.39
CHEMBL296236,O=C(Nc1cccnc1)N1CCc2cc(-c3ccccc3)ccc21,-7.58,315.4,4.34,45.2,1,2,2,1.96,0.764,0,1.84,0.294,NIACIN,0.138,novel,7.388
CHEMBL290087,CN1CCN(c2nc3c(c4c2CSc2ccccc2-4)CCCC3)CC1,-7.45,351.5,3.98,19.4,0,4,1,2.63,0.773,0,2.21,0.299,BLONANSERIN,0.08,novel,7.388
CHEMBL277078,CN1CCN(CC(=O)N2c3ccccc3NC(=O)c3cccnc32)CC1,-7.25,351.4,1.56,68.8,1,5,2,2.39,0.889,0,2.8,0.849,PIRENZEPINE,0.131,novel,7.388
CHEMBL284101,Cn1cc(-c2noc(C34CCN(CC3)CC4)n2)c2ccccc21,-7.18,308.4,2.97,47.1,0,4,2,3.54,0.73,0,2.98,0.257,RAMOSETRON,0.113,novel,7.388
CHEMBL24502,O=C1Nc2cc3[nH]c(-c4ccncc4)nc3cc2C1C1CCCC1,-7.51,318.4,3.85,70.7,2,3,2,3.1,0.754,0,2.06,0.241,INAMRINONE,0.078,novel,7.386
CHEMBL265664,CCNCC1CCN(c2c(F)cc3c(=O)c(C(=O)O)cn(C(C)C)c3c2F)C1,-7.34,393.4,2.99,74.6,2,4,6,3.2,0.789,0,2.52,0.507,LOMEFLOXACIN,0.146,novel,7.386
CHEMBL277737,CN([C@@H]1CCN2CCc3ccccc3[C@@H]2C1)S(=O)(=O)c1ccccc1,-7.1,356.5,3.07,40.6,0,3,3,2.91,0.849,0,3.22,0.323,PRAZIQUANTEL,0.125,novel,7.386
CHEMBL285034,O=C(NCCc1ccccc1)C1CCCN1C(=O)NCc1ccccc1,-7.16,351.5,2.72,61.4,2,2,6,2.23,0.841,0,3.03,0.426,ENALAPRILAT ANHYDROUS,0.162,novel,7.385
CHEMBL288538,COc1ccc2c(c1)O[C@@H]1COc3cc(OC)c(OC)cc3[C@@H]1C2=O,-6.92,342.3,2.83,63.2,0,6,3,3.15,0.855,0,3.73,0.283,ANISINDIONE,0.102,novel,7.385
CHEMBL45305,Cc1ccc(CNCC2(F)CCN(C(=O)c3ccc(F)c(Cl)c3)CC2)nc1,-7.46,393.9,3.92,45.2,1,3,5,2.55,0.837,0,2.17,0.263,LUMIRACOXIB,0.11,novel,7.383
CHEMBL41912,Cc1cc(-n2cc(C(=O)C(C)C)nc2C)cc2ccc(O)nc12,-7.32,309.4,3.58,68.0,1,4,3,2.94,0.751,0,2.58,0.259,NITREFAZOLE,0.111,novel,7.383
CHEMBL47255,CN1CCN(c2c(F)cc3c(=O)c(C(=O)O)cn(C4CC4)c3c2F)CC1,-7.1,363.4,2.06,65.8,1,4,3,2.51,0.904,0,3.2,0.644,OFLOXACIN,0.108,novel,7.383
CHEMBL55926,C[C@]12CC[C@@H]3c4ccc(=O)c(O)cc4CC[C@H]3[C@@H]1CC[C@@H]2O,-7.4,300.4,2.97,57.5,2,3,0,3.77,0.774,0,2.34,0.766,ESTRADIOL,0.089,novel,7.382
CHEMBL7483,CCNc1cccnc1N1CCN(C(=O)c2cc3ccccc3[nH]2)CC1,-7.19,349.4,2.96,64.3,2,4,4,2.23,0.76,0,2.94,0.563,DELAVIRDINE,0.141,novel,7.381
CHEMBL34403,O=C(NCCc1ccccc1)C1CCCCN1S(=O)(=O)Cc1ccccc1,-7.06,386.5,2.73,66.5,1,3,7,2.39,0.796,0,3.31,0.367,PHENELZINE SULFATE,0.143,novel,7.381
CHEMBL286001,Cc1ccc2c(c1)c(-c1noc(C3CN4CCC3CC4)n1)cn2C,-7.21,322.4,3.35,47.1,0,4,2,3.8,0.726,0,2.9,0.231,RAMOSETRON,0.074,novel,7.38
CHEMBL433033,c1ccc([C@H]2CCN(C[C@H]3CCCc4c3ccc3c4OCO3)C2)cc1,-7.55,335.4,4.32,21.7,0,3,3,3.15,0.833,0,1.91,0.253,DARIFENACIN,0.118,novel,7.379
CHEMBL7357,CC1(C)N=C(N)N=C(N)N1c1cccc(OCc2ccccc2)c1,-7.45,323.4,2.45,89.2,2,6,4,2.37,0.904,0,2.19,0.333,MONOBENZONE,0.111,novel,7.379
CHEMBL8617,COc1cccc2c1C(CCCN1CCN(c3ccccn3)CC1)=CCC2,-7.37,363.5,4.02,28.6,0,4,6,2.49,0.775,0,2.43,0.315,OXYPERTINE,0.09,novel,7.378
CHEMBL58539,O=c1cccccc1N1CCN(CCc2ccc(F)cc2)CC1,-7.32,312.4,2.55,23.6,0,3,4,1.87,0.867,0,2.56,0.385,FENSPIRIDE,0.123,novel,7.378
CHEMBL46559,N#Cc1ccc(OCC2CCN(Cc3ccc(F)cc3)CC2)cc1,-7.4,324.4,3.99,36.3,0,3,5,1.9,0.834,0,2.32,0.325,TEPOTINIB,0.069,novel,7.377
CHEMBL24250,C(=C1\CCCN(c2ccc(C3=NCCN3)cc2)C1)\c1ccc(C2=NCCN2)cc1,-7.35,385.5,3.07,52.0,2,5,4,2.93,0.851,0,2.47,0.233,TETRAHYDROZOLINE,0.068,novel,7.377
CHEMBL22123,CC(=O)NC[C@@H]1OC(=O)N2c3ccc(-c4ccncc4)cc3C[C@@H]12,-7.24,323.4,2.13,71.5,1,4,3,3.23,0.939,0,2.81,0.356,LINEZOLID,0.127,novel,7.377
CHEMBL34545,CCN1C=CC=C2C1=Nc1cc(Cl)c(C)cc1S(=O)(=O)N2C,-7.05,337.8,3.05,53.0,0,4,1,3.45,0.791,0,3.34,0.23,DIAZOXIDE,0.071,novel,7.377
CHEMBL300679,C[C@@H]1C(=O)N(CC(O)COc2ccccc2)[C@H]2CCN(C(=O)OCc3ccccc3)C12,-7.28,424.5,2.68,79.3,1,5,7,3.54,0.739,0,2.68,0.286,HOMATROPINE,0.161,novel,7.376
CHEMBL33498,CN([C@@H]1CCN2CCc3ccccc3[C@@H]2C1)S(=O)(=O)c1cccnc1,-6.96,357.5,2.46,53.5,0,4,3,3.1,0.847,0,3.59,0.292,PRAZIQUANTEL,0.1,novel,7.376
CHEMBL6566,Cc1nc(NS(=O)(=O)c2cccc3c(N(C)C)cccc23)ccc1Br,-7.45,420.3,4.17,62.3,1,4,4,2.35,0.688,0,2.18,0.254,SULFAMETHOXAZOLE,0.143,novel,7.375
CHEMBL54316,CC(C)(C)OC(=O)c1ncn2c1C1CCN1C(=O)c1c(Cl)cccc1-2,-6.95,359.8,3.38,64.4,0,4,1,3.21,0.732,0,3.61,0.272,CARIPRAZINE,0.1,novel,7.375
CHEMBL7274,COc1ccc2c(c1)CCC(CN1CCC(c3ccccc3)CC1)C2=O,-7.44,349.5,4.32,29.5,0,3,4,2.62,0.823,0,2.22,0.382,DONEPEZIL,0.107,novel,7.374
CHEMBL19343,CN(C(=O)c1cc2cc(O)ccc2n1C)c1cccc(C(F)(F)F)c1,-7.43,348.3,4.18,45.5,1,2,2,2.41,0.755,0,2.24,0.26,FLIBANSERIN,0.152,novel,7.374
CHEMBL14960,CNCC1CCN(c2cc3c(cc2F)c(=O)c(C(=O)O)cn3C(C)(C)C)C1,-7.23,375.4,2.64,74.6,2,4,4,3.15,0.859,0,2.81,0.479,TEMAFLOXACIN,0.136,novel,7.373
CHEMBL29240,Cc1ccc2c(c1CCC(=O)O)CCC(NS(=O)(=O)c1ccc(Cl)cc1)C2,-7.54,407.9,3.5,83.5,2,3,6,2.77,0.767,0,1.91,0.4,RAMATROBAN,0.141,novel,7.372
CHEMBL36700,CC[C@H]1CC(=O)CC23CCN(CC4CCC4)C(Cc4ccc(O)cc42)C13,-7.43,353.5,4.07,40.5,1,3,3,4.66,0.891,0,2.24,0.471,LEVALLORPHAN,0.121,novel,7.371
CHEMBL27926,c1ccc(C2CCN(CC3CCCc4c3ccc3c4OCO3)C2)cc1,-7.54,335.4,4.32,21.7,0,3,3,3.15,0.833,0,1.91,0.253,DARIFENACIN,0.118,novel,7.37
CHEMBL284571,CCCn1c(=O)c2nc(/C=C/c3cccc(F)c3)[nH]c2n(CCC)c1=O,-7.08,356.4,3.02,72.7,1,3,6,2.76,0.738,0,3.22,0.301,ISTRADEFYLLINE,0.132,novel,7.37
CHEMBL429244,CNCCCn1cc(C2=C(c3cn(C)c4ccccc34)C(=O)NC2=O)c2ccccc21,-7.4,412.5,3.31,68.1,2,3,6,2.58,0.377,0,2.31,0.309,DESIPRAMINE,0.127,novel,7.369
CHEMBL9949,c1cc(NC2=NCCN2)ccc1Cc1ccc(OC2CCOCC2)cc1,-7.29,351.5,3.21,54.9,2,5,5,2.4,0.869,0,2.61,0.333,CLONIDINE,0.065,novel,7.369
CHEMBL51581,CN1C2CCC1[C@H](OC(=O)c1cc(=O)c3ccccc3o1)CC2,-7.02,313.4,2.58,59.8,0,5,2,4.06,0.798,0,3.39,0.397,COCAINE,0.151,novel,7.369
CHEMBL288111,CN1C[C@H](CSc2ccccn2)C=C2c3cccc4c3[C@@H](CN4)C[C@H]21,-7.54,349.5,4.1,28.2,1,4,3,4.14,0.845,0,1.91,0.247,METHYLERGONOVINE,0.087,novel,7.368
CHEMBL6584,CN(C)/C=N\c1nc(/N=C/N(C)C)nc2ncc(Sc3ccc(Cl)c(Cl)c3)nc12,-7.54,449.4,4.32,82.8,0,7,6,3.47,0.409,0,1.89,0.181,IPODATE,0.089,novel,7.367
CHEMBL33161,CCN1CC[C@@]2(C)c3cc(OC(=O)Nc4ccccc4)ccc3CC12,-7.5,336.4,4.21,41.6,1,3,3,3.1,0.913,0,2.03,0.408,PHYSOSTIGMINE SALICYLATE,0.155,novel,7.367
CHEMBL37780,COc1cc2c(cc1OC)-c1cc(Nc3c(C)cccc3C)nc(=O)n1CC2,-7.23,377.4,3.84,65.4,1,5,4,2.52,0.748,0,2.8,0.39,ENSIFENTRINE,0.089,novel,7.367
CHEMBL268799,Clc1ccc(N2CCN(Cc3c[nH]c4ccccc34)CC2)cc1,-7.67,325.8,4.14,22.3,1,2,3,1.83,0.781,0,1.54,0.365,INDALPINE,0.118,novel,7.366
CHEMBL268387,Cc1ccc(NS(=O)(=O)c2cccc3c(N(C)C)cccc23)nn1,-7.1,342.4,2.81,75.2,1,5,4,2.29,0.789,0,3.15,0.309,SULFAMETHOXYPYRIDAZINE,0.132,novel,7.366
CHEMBL285392,O=C(NCCc1ccccc1)C1CCCCN1S(=O)(=O)c1ccccc1,-7.02,372.5,2.59,66.5,1,3,6,2.26,0.848,0,3.39,0.367,PHENELZINE SULFATE,0.143,novel,7.366
CHEMBL299454,O=C1CC2(CCCC2)CCN1CCN1CCN(c2ccccc2Cl)CC1,-7.33,375.9,3.64,26.8,0,3,4,2.84,0.803,0,2.48,0.414,BUSPIRONE,0.096,novel,7.365
CHEMBL269276,CCNc1cccnc1N1CCN(C(=O)c2ccc3[nH]ccc3c2)CC1,-7.17,349.4,2.96,64.3,2,4,4,2.28,0.76,0,2.94,0.449,DELAVIRDINE,0.125,novel,7.364
CHEMBL28063,COc1ccccc1N1CCN(CCC(=O)NC2CCCc3c(OC)cccc32)CC1,-7.37,423.6,3.41,54.0,1,5,7,2.63,0.74,0,2.38,0.375,NAFTOPIDIL,0.149,novel,7.363
CHEMBL279392,CC1(C)Oc2ccc(OC(F)(F)F)cc2[C@@H](N2Cc3ccccc3C2=O)[C@@H]1O,-7.31,393.4,3.81,59.0,1,4,2,3.32,0.843,0,2.55,0.304,INDOPROFEN,0.125,novel,7.363
CHEMBL45244,Cc1cccc(C(=O)NCN2CCN(c3ccccc3C#N)CC2)c1,-7.13,334.4,2.38,59.4,1,4,4,2.12,0.933,0,3.07,0.3,ALOGLIPTIN BENZOATE,0.15,novel,7.362
CHEMBL294863,CC(O)C1CCCN(Cc2ccc(CN3CCCC(C(C)O)C3)cc2)C1,-7.26,360.5,2.87,46.9,2,4,6,3.38,0.819,0,2.7,0.357,PLERIXAFOR,0.116,novel,7.361
CHEMBL299189,O=C(O)c1ccc2c(c1)[C@@]13CCCC[C@H]1[C@@H](C2=O)N(CC1CCC1)CC3,-7.25,353.5,3.88,57.6,1,3,3,4.34,0.896,0,2.72,0.368,LEVALLORPHAN TARTRATE,0.115,novel,7.361
CHEMBL283224,CCC1N(C)C(=O)OC12CCN(CCc1c[nH]c3ccccc13)CC2,-7.26,341.5,3.41,48.6,1,3,4,3.67,0.927,0,2.67,0.455,INDORAMIN,0.116,novel,7.36
CHEMBL6761,CN(C)c1cccc2c(S(=O)(=O)Nc3ccc(Cl)nn3)cccc12,-7.12,362.8,3.15,75.2,1,5,4,2.32,0.771,0,3.1,0.304,SULFAMETHOXYPYRIDAZINE,0.13,novel,7.36
CHEMBL286503,C[C@H]1C[C@H]2C3Cc4ccc(O)cc4C2(CCN3CC2CCC2)CC1=O,-7.38,339.5,3.68,40.5,1,3,2,4.63,0.894,0,2.32,0.5,LEVALLORPHAN,0.112,novel,7.358
CHEMBL280673,CC(=O)Nc1ccc(C2CCN(C3CCCCC3O)CC2)cc1,-7.4,316.4,3.13,52.6,2,3,3,2.81,0.901,0,2.29,0.39,ACETAMINOPHEN,0.108,novel,7.357
CHEMBL31069,Cc1cc2c(=O)n(-c3ccc(F)cc3)c(C)nc2c(C(=O)O)c1C,-7.19,326.3,3.15,72.2,1,3,2,2.32,0.785,0,2.88,0.327,METHAQUALONE,0.127,novel,7.357
CHEMBL42780,COc1ccccc1N1CCN(CCN2Cc3ccccc3C2=O)CC1,-7.09,351.5,2.47,36.0,0,4,5,2.04,0.829,0,3.15,0.397,NAFTOPIDIL,0.099,novel,7.357
CHEMBL7927,Clc1ccc(N2CCN(Cc3cnn4ccccc34)CC2)cc1,-7.34,326.8,3.31,23.8,0,3,3,2.12,0.738,0,2.44,0.318,TRAZODONE,0.083,novel,7.355
CHEMBL37167,O=C(CN1CCNC1=O)Nc1c2c(nc3ccccc13)CCCC2,-7.38,324.4,2.08,74.3,2,3,3,2.41,0.908,0,2.33,0.4,TACRINE,0.176,novel,7.353
CHEMBL268972,CC1(C)C=C(n2ccccc2=O)c2cc(S(=O)(=O)NC3CCCC3)ccc2O1,-7.24,400.5,3.13,77.4,1,4,4,2.7,0.855,0,2.72,0.254,ACETOHEXAMIDE,0.102,novel,7.353
CHEMBL268292,Cn1cc(C2=C(c3cn(CCO)c4ccccc34)C(=O)NC2=O)c2ccccc21,-7.24,385.4,2.69,76.3,2,3,4,2.53,0.531,0,2.71,0.284,RAMOSETRON,0.167,novel,7.352
CHEMBL28143,c1cc2c(c(N3CCN(CCC4CCCCC4)CC3)c1)OCCO2,-7.36,330.5,3.55,24.9,0,4,4,2.24,0.843,0,2.37,0.379,CARIPRAZINE,0.097,novel,7.351
CHEMBL33597,CCc1ccccc1NC(=O)N1CCCC1C(=O)NCc1ccccc1,-7.29,351.4,3.56,61.4,2,2,5,2.3,0.865,0,2.56,0.394,ENALAPRILAT ANHYDROUS,0.179,novel,7.351
CHEMBL25094,Nc1nc(C2CCN(Cc3ccccc3)CC2)c2ccccc2n1,-7.31,318.4,3.59,55.0,1,4,3,2.02,0.802,0,2.51,0.328,DONEPEZIL,0.152,novel,7.35
CHEMBL7908,OCC1Cc2cc3c(-c4ccccc4F)noc3c(Cl)c2O1,-7.3,319.7,3.58,55.5,1,4,2,3.18,0.784,0,2.53,0.269,ATALUREN,0.118,novel,7.35
CHEMBL295039,COc1ccc(N2C[C@H](CN3CCC(O)(c4cccs4)CC3)OC2=O)cc1,-7.11,388.5,3.07,62.2,1,6,5,3.01,0.853,0,3.07,0.343,TOLOXATONE,0.111,novel,7.35
CHEMBL53151,OC(CCN1CCN(c2ccccn2)CC1)COc1ccc(Cl)cc1,-7.06,361.9,2.69,48.8,1,5,7,2.46,0.821,0,3.22,0.382,CHLORPHENESIN CARBAMATE,0.11,novel,7.35
CHEMBL35701,CCCn1c(=O)[nH]c2[nH]c(-c3ccc(Br)cc3)nc2c1=O,-7.33,349.2,2.25,83.5,2,3,3,2.59,0.761,0,2.44,0.23,MACITENTAN,0.103,novel,7.349
CHEMBL29869,CC(=O)O[C@@H]1CC[C@@H]2CN3CCc4cc5c(cc4[C@@H]3C[C@@H]2C1)OCO5,-7.05,343.4,3.07,48.0,0,5,1,3.74,0.734,0,3.27,0.408,BENZQUINAMIDE,0.086,novel,7.349
CHEMBL289107,O=C(Nc1ccccc1)C1=C(O)CCn2c1nc1ncccc12,-7.36,306.3,2.74,80.0,2,4,2,2.58,0.763,0,2.36,0.288,METABROMSALAN,0.138,novel,7.348
CHEMBL289244,c1ccc2c(c1)OC(N1CCCCC1)c1cnc(N3CCOCC3)nc1-2,-6.96,352.4,2.86,50.7,0,6,2,3.03,0.828,0,3.52,0.241,DOXAZOSIN,0.105,novel,7.348
CHEMBL428705,COc1cc(NC(=O)C2CC2)c(Cl)cc1C(=O)NC1CCN(Cc2ccccc2)C1,-7.52,427.9,3.7,70.7,2,4,7,2.51,0.706,0,1.9,0.375,CISAPRIDE,0.144,novel,7.347
CHEMBL290411,CCC(=O)N(c1ccccc1)[C@H]1CCN(CCc2ccccc2)C[C@@H]1C,-7.46,350.5,4.38,23.6,0,2,6,2.89,0.772,0,2.06,0.7,FENTANYL,0.153,novel,7.346
CHEMBL23114,O=C(OCc1ccccc1)N1CCCC1C(=O)N1CCCC1C1OCCO1,-6.96,374.4,2.15,68.3,0,5,4,3.09,0.808,0,3.49,0.357,ENALAPRIL,0.137,novel,7.345
CHEMBL30675,c1ccc2c(c1)OC(N1CCCCC1)c1cnc(N3CCCC3)nc1-2,-7.22,336.4,3.62,41.5,0,5,2,2.97,0.838,0,2.75,0.253,DOXAZOSIN,0.111,novel,7.344
CHEMBL21566,CCCc1c(C)nc(-c2cccc(C(F)(F)F)c2)n2nc(N)nc12,-7.22,335.3,3.65,69.1,1,4,3,2.6,0.793,0,2.76,0.322,FENFLURAMINE,0.136,novel,7.344
CHEMBL8261,Cn1cc(C2=NCC3(CN4CCC3CC4)O2)c2cc(O)ccc21,-7.3,311.4,2.13,50.0,1,4,1,4.7,0.878,0,2.51,0.288,CEVIMELINE,0.087,novel,7.341
CHEMBL281456,Cc1cc(NCCN2C3CCCC2CC3)nnc1-c1ccccc1O,-7.33,338.5,3.59,61.3,2,5,5,4.0,0.872,0,2.43,0.29,MINAPRINE,0.107,novel,7.34
CHEMBL423653,CC(=O)N1CCN(C(=O)Cc2ccc(Cl)c(Cl)c2)C(CN2CC[C@H](O)C2)C1,-7.3,414.3,1.66,64.1,1,4,4,3.15,0.814,0,2.51,0.244,FIPEXIDE,0.09,novel,7.338
CHEMBL428482,CC(C)Nc1cnnc(N2CCN(C(=O)c3ccc4[nH]ccc4c3)CC2)c1,-7.17,364.5,2.74,77.2,2,5,4,2.57,0.744,0,2.87,0.361,DELAVIRDINE,0.1,novel,7.337
CHEMBL290476,Nc1cccc(-c2ccc(OCCN3CCCC3)c3c2CCC3)n1,-7.25,323.4,3.29,51.4,1,4,5,2.34,0.917,0,2.64,0.286,PACRITINIB,0.093,novel,7.336
CHEMBL300616,Oc1nc2ccccc2n1C1CCN(Cc2ccccc2)CC1,-7.44,307.4,3.58,41.3,1,3,3,2.08,0.804,0,2.11,0.324,ASTEMIZOLE,0.134,novel,7.334
CHEMBL281107,Cc1ccccc1S(=O)(=O)N(C)[C@@H]1CCN2CCc3ccccc3[C@@H]2C1,-7.13,370.5,3.38,40.6,0,3,3,3.01,0.832,0,2.98,0.29,PRAZIQUANTEL,0.105,novel,7.334
CHEMBL32271,C[C@H]1CC2C3Cc4ccc(O)c5c4C2(CCN3CC2CC2)C(O5)C1=O,-7.11,339.4,2.66,49.8,1,4,2,5.31,0.9,0,3.05,0.537,HYDROMORPHONE,0.11,novel,7.334
CHEMBL48569,CN(C)c1nc(C(F)(F)F)nc2c1ncn2Cc1cccc(O)c1,-7.01,337.3,2.67,67.1,1,5,3,2.62,0.796,0,3.33,0.242,PENCICLOVIR,0.136,novel,7.332
CHEMBL264494,COc1ccccc1-c1nc2cc3c(cc2[nH]1)C(C)(C)C(=O)N3,-7.38,307.4,3.47,67.0,2,3,2,2.46,0.762,0,2.25,0.277,TRICLABENDAZOLE,0.093,novel,7.33
CHEMBL13281,Cc1ccc(C2NC(=O)N(C(C)C)c3cc4c(cc32)OCO4)cc1,-7.34,324.4,3.75,50.8,1,3,2,2.95,0.915,0,2.38,0.263,TADALAFIL,0.092,novel,7.33
CHEMBL276629,O=c1ccn(-c2ccc(Oc3ccc(Cl)cc3)c(Cl)c2)c(=O)[nH]1,-7.13,349.2,3.62,64.1,1,3,3,2.12,0.785,0,2.97,0.326,TRICLOSAN,0.064,novel,7.33
CHEMBL49731,C[C@@H]1C(=O)N(c2nccs2)[C@H]2CCN(C(=O)OCc3ccccc3)[C@H]12,-6.84,357.4,2.91,62.7,0,5,3,3.47,0.847,0,3.81,0.288,BENZYL BENZOATE,0.151,novel,7.33
CHEMBL293734,Clc1ccccc1N1CCN(CCN2CCC3(CCCC3)CC2)CC1,-7.4,362.0,4.12,9.7,0,3,4,2.64,0.798,0,2.19,0.352,BUSPIRONE,0.092,novel,7.329
CHEMBL7506,Clc1ccccc1N1CCN(Cc2cnn3ccccc23)CC1,-7.31,326.8,3.31,23.8,0,3,3,2.16,0.738,0,2.44,0.298,TICLOPIDINE,0.085,novel,7.329
CHEMBL49381,CC[C@H]1COc2c(-c3cc(C)nc(C)c3)c(F)cc3c(=O)c(C(=O)O)cn1c23,-7.33,382.4,3.86,81.4,1,4,3,3.35,0.744,0,2.39,0.472,OFLOXACIN,0.135,novel,7.328
CHEMBL283174,c1ccc2c(c1)CCC2N1CCN(c2cccc3c2OCCO3)CC1,-7.27,336.4,3.27,24.9,0,4,2,2.74,0.84,0,2.58,0.293,MIANSERIN,0.096,novel,7.328
CHEMBL287433,CC(=O)c1cc2c(s1)[C@@H](NC(=O)c1ccc(C)cc1)[C@H](O)C(C)(C)O2,-7.24,359.4,3.26,75.6,2,5,3,3.37,0.825,0,2.65,0.241,OXACILLIN,0.11,novel,7.328
CHEMBL298019,CCOC(=O)c1ccc(OCCC2CCN(c3ccc(C)nn3)CC2)cc1,-6.99,369.5,3.65,64.6,0,6,7,2.16,0.694,0,3.38,0.328,DYCLONINE,0.119,novel,7.328
CHEMBL39186,Nc1cccc(-c2ccc(OCC3CC4CCN3CC4)c3ccccc23)n1,-7.33,359.5,4.35,51.4,1,4,4,3.67,0.752,0,2.38,0.23,NAFTOPIDIL,0.135,novel,7.327
CHEMBL275967,O=C(O)COCC1CCN(C(=O)N2CCC3(CC2)CCN(c2ccncc2)C3)CC1,-7.33,416.5,2.31,86.2,1,5,5,3.16,0.793,0,2.4,0.247,CETIRIZINE,0.101,novel,7.326
CHEMBL38904,O=S1(=O)c2ccccc2CCC12CCN(Cc1ccccc1)CC2,-7.18,341.5,3.44,37.4,0,3,2,3.08,0.84,0,2.81,0.304,FENSPIRIDE,0.119,novel,7.325
CHEMBL34296,CC(=O)N1N=C2/C(=C/c3cccnc3)CSCC2C1c1cccnc1,-6.94,350.4,3.18,58.5,0,5,2,3.68,0.835,0,3.5,0.286,NICOTINE,0.113,novel,7.325
CHEMBL42138,CCn1cc(C2=NCCN2)c(=O)c2ccc(-c3ccncc3)cc21,-7.13,318.4,2.43,59.3,1,4,3,2.63,0.807,0,2.95,0.292,NORFLOXACIN,0.104,novel,7.324
CHEMBL17155,CN1CCCCC1CC(=O)N1c2ccccc2C(=O)Nc2cccnc21,-7.03,350.4,3.19,65.5,1,4,2,2.99,0.903,0,3.23,0.635,PIRENZEPINE,0.149,novel,7.324
CHEMBL6307,C#CCN(Cc1ccc2nc(C)nc(O)c2c1)c1ccc(C(=O)NCC)cc1,-7.26,374.4,3.03,78.3,2,5,6,2.62,0.649,0,2.59,0.282,GIVINOSTAT,0.165,novel,7.323
CHEMBL57254,CCC[C@H]1C2Cc3ccc(O)c4c3[C@]1(CCN2CCc1ccccc1)CO4,-7.48,363.5,4.31,32.7,1,3,5,4.88,0.859,0,1.96,0.329,MORPHINE,0.134,novel,7.322
CHEMBL11861,COC(=O)Nc1nc2cc(C(=O)N3CCCCC3)ccc2[nH]1,-7.46,302.3,2.37,87.3,2,4,2,2.15,0.891,0,2.0,0.627,MEBENDAZOLE,0.099,novel,7.322
CHEMBL274821,COC(=O)C1CC2=C(C(c3ccccc3)N1)N(C)c1ccccc1C2,-7.26,334.4,3.21,41.6,1,4,2,3.46,0.857,0,2.56,0.315,PHENSUXIMIDE,0.152,novel,7.322
CHEMBL284319,COc1ccccc1-c1ccc(C[C@H](NC(=O)[C@@]2(C)CCCO2)C(=O)O)cc1,-7.34,383.4,3.04,84.9,2,4,7,2.97,0.768,0,2.36,0.364,NATEGLINIDE,0.169,novel,7.321
CHEMBL417623,O=c1c(-c2ccc(F)cc2)cccn1C(CN1CCC(O)C1)c1ccccc1,-7.23,378.4,3.31,45.5,1,3,5,3.03,0.741,0,2.66,0.338,PIMOZIDE,0.157,novel,7.321
CHEMBL17519,CN1CCN(C(=O)N2c3ccccc3C(=O)Nc3cccnc32)CC1,-7.11,337.4,2.15,68.8,1,4,0,2.43,0.8,0,3.0,0.727,PIRENZEPINE,0.122,novel,7.321
CHEMBL52333,CCCn1c(=O)c2nc(C34CC5CC(CC3C5)C4)[nH]c2n(CCC)c1=O,-6.99,356.5,2.78,72.7,1,3,5,4.94,0.895,0,3.35,0.203,THEOPHYLLINE,0.089,novel,7.321
CHEMBL50026,Cc1ccc(OCC(O)CCN2CCN(c3ccccc3)CC2)cc1,-7.24,340.5,2.95,35.9,1,4,7,2.29,0.841,0,2.64,0.365,OXYPERTINE,0.145,novel,7.32
CHEMBL29179,COc1ccc(OCC(O)CN2CCC(Cc3ccccc3)CC2)cc1,-7.23,355.5,3.39,41.9,1,4,8,2.32,0.788,0,2.66,0.397,NAFTOPIDIL,0.141,novel,7.319
CHEMBL8179,Cc1cc(-c2c(F)cc3c(=O)c(C(=O)O)cn(C4CC4)c3c2F)cc(C)n1,-7.24,370.4,3.99,72.2,1,3,3,2.63,0.757,0,2.63,0.465,GATIFLOXACIN,0.119,novel,7.318
CHEMBL49391,C[C@H](NC(=O)OCc1ccccc1)c1nc2ccccc2c(=O)o1,-7.23,324.3,3.18,81.4,1,5,4,2.51,0.797,0,2.64,0.34,BENZYL BENZOATE,0.206,novel,7.318
CHEMBL282367,O=C(Cc1ccccc1)N1CCN(c2cccc(Cl)c2)CC1,-7.33,314.8,3.23,23.6,0,2,3,1.66,0.868,0,2.37,0.383,TRAZODONE,0.175,novel,7.317
CHEMBL47389,CC(=O)O[C@H]1CCC2C3CC[C@H]4CNC(=O)CC4(C)C3CCC21C,-7.17,333.5,3.3,55.4,1,3,1,4.22,0.749,0,2.81,0.468,DROMOSTANOLONE PROPIONATE,0.089,novel,7.317
CHEMBL267228,OCc1ccc(-c2nc(-c3ccccn3)c(-c3ccc4c(c3)OCO4)[nH]2)cc1,-7.45,371.4,4.03,80.3,2,5,4,2.38,0.566,0,2.02,0.267,FIPEXIDE,0.13,novel,7.315
CHEMBL30459,COc1cc(NC(C)=O)ccc1C(=O)NCC1CN(Cc2ccccc2)CCO1,-7.35,397.5,2.28,79.9,2,5,7,2.49,0.749,0,2.29,0.312,DONEPEZIL,0.143,novel,7.315
CHEMBL268541,CCNc1cccnc1N1CCN(C(=O)c2nc3ccccc3s2)CC1,-7.02,367.5,3.09,61.4,1,6,4,2.29,0.768,0,3.24,0.392,DELAVIRDINE,0.143,novel,7.315
CHEMBL25887,Cc1nnn(C2CCN(Cc3ccccc3)CC2)c1-c1ccccc1,-7.35,332.5,4.09,34.0,0,3,4,2.14,0.721,0,2.29,0.323,DONEPEZIL,0.104,novel,7.314
CHEMBL273292,CC(=O)c1c(C)nn(CCCN2CCN(c3cccc(Cl)c3)CC2)c(=O)c1N,-7.28,403.9,2.2,84.5,1,6,6,2.41,0.744,0,2.49,0.523,TRAZODONE,0.114,novel,7.314
CHEMBL275964,O=C(N[C@@H](Cc1ccccc1)CN1CCN(c2nsnc2Cl)CC1)C1CCCCC1,-7.38,448.0,3.62,61.4,1,6,7,2.94,0.702,0,2.21,0.348,NATEGLINIDE,0.148,novel,7.312
CHEMBL33410,O=C(OCCc1ccccc1)[C@@H]1CCCN1C(=O)NC12C[C@H]3C[C@@H](C1)C[C@@H](C2)C3,-7.29,396.5,3.92,58.6,1,3,5,3.97,0.768,0,2.45,0.394,ENALAPRIL,0.145,novel,7.312
CHEMBL265410,C#CCN(Cc1ccc2nc(C)nc(O)c2c1)c1ccc(C(=O)NCCC)cc1,-7.37,388.5,3.42,78.3,2,5,7,2.6,0.607,0,2.25,0.284,DIBUCAINE,0.16,novel,7.311
CHEMBL6205,Cn1cc(C2=C(c3cn(CCCO)c4ccccc34)C(=O)NC2=O)c2ccccc21,-7.32,399.5,3.08,76.3,2,3,5,2.54,0.507,0,2.38,0.275,RAMOSETRON,0.162,novel,7.311
CHEMBL51294,CCC[C@H]1CC(=O)CC23CCN(C)C(Cc4ccc(OC)cc42)[C@H]13,-7.3,327.5,3.59,29.5,0,3,3,4.54,0.85,0,2.42,0.533,DEXTROMETHORPHAN,0.105,novel,7.311
CHEMBL35938,O=C(COc1ccc(C(=O)Nc2ccc(F)cc2)cn1)NC1CCCC1,-7.2,357.4,2.91,80.3,2,4,6,1.97,0.833,0,2.72,0.313,ASCIMINIB,0.148,novel,7.311
CHEMBL40782,CCn1cc(C2=NCCO2)c(=O)c2ccc(-c3ccncc3)cc21,-6.98,319.4,2.86,56.5,0,4,3,2.69,0.746,0,3.35,0.261,CINOXACIN,0.117,novel,7.311
CHEMBL267804,COc1cc2nc(N3CCN(c4nccc(C)n4)CC3)cc(N)c2cc1OC,-7.23,380.5,2.26,89.6,1,8,4,2.4,0.737,0,2.62,0.412,PRAZOSIN,0.064,novel,7.31
CHEMBL51409,O=c1cc(-c2ccccc2F)[nH]c2ccc(N3CCCC3)cc12,-7.52,308.4,3.93,36.1,1,2,2,2.14,0.778,0,1.81,0.275,FLIBANSERIN,0.097,novel,7.309
CHEMBL430537,OC1CCCCC1CN1CCN(CCOC(c2ccccc2)c2ccccc2)CC1,-7.51,408.6,3.96,35.9,1,4,8,2.96,0.717,0,1.81,0.36,DIPHENYLPYRALINE,0.147,novel,7.309
CHEMBL56790,O=C(CCN1CCN(c2ccccn2)CC1)Nc1ccccc1,-7.27,310.4,2.23,48.5,1,4,5,1.75,0.92,0,2.52,0.396,VORINOSTAT,0.178,novel,7.309
CHEMBL49045,COc1cc2nc(/C=C/c3ccccc3)nc(O)c2cc1OC,-7.22,308.3,3.52,64.5,1,5,4,2.28,0.799,0,2.66,0.34,TAPINAROF,0.172,novel,7.309
CHEMBL416362,Cc1cc(C)cc(NC(=O)Cc2ccc(OC3(C(=O)O)CCCC3)cc2)c1,-7.44,367.4,4.26,75.6,2,3,6,2.31,0.8,0,2.03,0.327,BUFEXAMAC,0.141,novel,7.308
CHEMBL61075,Cn1c(NC2CCN(CCc3ccccc3)CC2)nc2ccccc21,-7.41,334.5,3.69,33.1,1,3,5,2.03,0.772,0,2.11,0.59,ASTEMIZOLE,0.13,novel,7.307
CHEMBL296746,O=C(O)c1ccc2c(c1)C(NCc1cccnc1)c1ccccc1CO2,-7.29,346.4,3.55,71.5,2,4,4,2.79,0.756,0,2.46,0.353,PICOTAMIDE,0.143,novel,7.307
CHEMBL44144,CCOC(=O)c1ccc(N2CCN(c3ccc(C(=O)OCC)cc3)CC2)cc1,-7.0,382.5,3.37,59.1,0,6,6,1.82,0.714,0,3.29,0.4,BUTAMBEN,0.138,novel,7.307
CHEMBL415106,Cc1cc(Cl)nnc1NS(=O)(=O)c1cccc2c(N(C)C)cccc12,-7.17,376.9,3.46,75.2,1,5,4,2.47,0.754,0,2.8,0.235,SITAXENTAN,0.125,novel,7.306
CHEMBL57515,O=c1cnn(-c2ccc(Cc3ccc(Cl)cc3)c(Cl)c2)c(=O)[nH]1,-6.97,348.2,2.82,67.8,1,3,3,2.22,0.791,0,3.36,0.24,RESMETIROM,0.068,novel,7.306
CHEMBL31503,CC(=O)[C@@]1(O)CCC2C3CCC4=CC(=O)CCC4(C)C3C(O)CC21C,-7.16,346.5,2.81,74.6,2,4,1,4.3,0.766,0,2.8,0.796,HYDROCORTISONE,0.108,novel,7.305
CHEMBL286591,O=C(CCCN1CCC(NC(=O)c2ccccc2)CC1)c1ccccc1,-7.2,350.5,3.54,49.4,1,3,7,1.78,0.777,0,2.7,0.556,INDORAMIN,0.2,novel,7.304
CHEMBL268921,O=C1Nc2cccc3c2C1(CCN1CCN(c2ccccc2)CC1)CCC3,-7.26,361.5,3.43,35.6,1,3,4,2.89,0.906,0,2.53,0.31,GLUTETHIMIDE,0.12,novel,7.301
CHEMBL45983,O=C1Nc2cccnc2N(C(=O)CN2CCCCC2CN2CCCCC2)c2ccccc21,-7.33,433.6,3.65,68.8,1,5,4,3.04,0.797,0,2.32,0.621,PIRENZEPINE,0.118,novel,7.299
CHEMBL30358,O=C1NN=C(c2ccc(-n3ccnc3)cc2)C2CCCCC12,-7.17,294.4,2.51,59.3,1,3,2,3.3,0.925,0,2.77,0.228,BIFONAZOLE,0.053,novel,7.299
CHEMBL417265,COc1ccc2c(c1)C(NC(=O)c1ccc(F)cc1)[C@H](O)C(C)(C)O2,-7.11,345.4,2.84,67.8,2,4,3,2.89,0.898,0,2.93,0.293,AVOBENZONE,0.122,novel,7.299
CHEMBL417484,CN([C@@H]1CCN2CCc3ccccc3[C@@H]2C1)S(=O)(=O)CCN1CCCCC1,-7.04,391.6,2.5,43.9,0,4,5,3.24,0.774,0,3.13,0.31,PRAZIQUANTEL,0.116,novel,7.299
CHEMBL7224,CCOC(=O)C1=C(O)C(=O)N(C2c3ccccc3-c3ccccc32)C1,-7.02,335.4,2.97,66.8,1,4,3,2.49,0.876,0,3.19,0.322,ETOMIDATE,0.147,novel,7.299
CHEMBL6199,Cn1cc(C2=C(c3cn(CCCCCO)c4ccccc34)C(=O)NC2=O)c2ccccc21,-7.54,427.5,3.86,76.3,2,3,7,2.57,0.347,0,1.69,0.268,RAMOSETRON,0.157,novel,7.297
CHEMBL53236,CC(O)C(C)OC(=O)C1CC2c3cccc4c3c(cn4C(C)C)CC2N(C)C1,-7.19,384.5,3.49,54.7,1,4,4,4.17,0.82,0,2.71,0.283,DIHYDROERGOTAMINE,0.124,novel,7.297
CHEMBL10417,CC(C)Oc1ccccc1N1CCN(Cc2ccc(C(=O)N3CCCCC3)cc2)CC1,-7.49,421.6,4.42,36.0,0,4,6,2.02,0.692,0,1.84,0.329,REPAGLINIDE,0.133,novel,7.294
CHEMBL48228,CC1(C)Cc2c(Oc3ccccc3)cc(-c3nn[nH]n3)cc2O1,-7.23,308.3,3.37,72.9,1,5,3,2.51,0.803,0,2.58,0.239,NIMESULIDE,0.092,novel,7.293
CHEMBL7818,COc1ccc2c(c1)c(C1=NCC3(CN4CCC3CC4)O1)cn2C,-7.1,325.4,2.43,39.0,0,4,2,4.57,0.851,0,2.96,0.279,CEVIMELINE,0.072,novel,7.293
CHEMBL18318,CN1Cc2c(NC(=O)CN3CCCC3)cccc2C(c2ccccc2)C1,-7.25,349.5,3.3,35.6,1,3,4,2.61,0.92,0,2.52,0.508,NOMIFENSINE MALEATE,0.16,novel,7.292
CHEMBL34858,COc1ccccc1CNC(=O)C1=Cc2ccncc2CC1,-7.2,294.4,2.74,51.2,1,3,4,2.34,0.943,0,2.67,0.375,PICOTAMIDE,0.15,novel,7.292
CHEMBL55801,Cc1cc(-n2ncc(=O)[nH]c2=O)ccc1Oc1ccc(Cl)cc1,-7.07,329.7,2.67,77.0,1,4,3,2.16,0.801,0,3.04,0.243,AZARIBINE,0.06,novel,7.29
CHEMBL266801,CN1CCN2CC(c3ccc([N+](=O)[O-])cc3)c3ccccc3C2C1,-7.03,323.4,3.03,49.6,0,4,2,3.02,0.63,0,3.14,0.345,MIANSERIN,0.087,novel,7.29
CHEMBL57894,O=c1cccccc1N1CCN(CC(O)c2ccc(F)cc2)CC1,-7.26,328.4,2.04,43.8,1,4,4,2.47,0.933,0,2.47,0.355,NAFTOPIDIL,0.181,novel,7.289
CHEMBL298766,CC[C@H]1CC(=O)CC23CCN(C)C(Cc4ccc(OC)cc42)[C@H]13,-7.25,313.4,3.2,29.5,0,3,2,4.53,0.84,0,2.51,0.552,DEXTROMETHORPHAN,0.118,novel,7.289
CHEMBL282611,N#Cc1c2n(c3c(NCCc4ccccc4)ncnc13)CCCC2,-7.13,317.4,3.29,66.5,1,4,4,2.55,0.802,0,2.85,0.259,PHENELZINE,0.092,novel,7.287
CHEMBL267853,Clc1ccc(N2CCN(Cc3cnc4ncccn34)CC2)cc1,-7.05,327.8,2.7,36.7,0,4,3,2.33,0.741,0,3.08,0.313,TRAZODONE,0.068,novel,7.287
CHEMBL27999,Cc1cc(-n2ncc(=O)[nH]c2=O)cc(C)c1Sc1ccc(Cl)cc1,-7.01,359.8,3.34,67.8,1,4,3,2.55,0.778,0,3.18,0.242,ZOMEPIRAC,0.068,novel,7.287
CHEMBL6236,Cc1cc(-n2ncc(=O)[nH]c2=O)cc(Cl)c1C(=O)c1ccc(Cl)cc1,-7.08,376.2,2.77,84.8,1,4,3,2.41,0.713,0,2.97,0.356,ZOMEPIRAC,0.084,novel,7.286
CHEMBL51846,CN(C)c1nc(C(F)(F)F)nc2c1ncn2Cc1ccc(O)cc1,-6.96,337.3,2.67,67.1,1,5,3,2.56,0.796,0,3.33,0.274,PENCICLOVIR,0.127,novel,7.285
CHEMBL298138,CN1C2CCC1[C@H](OC(=O)C(O)(c1ccccc1)c1ccccc1)CC2,-7.08,351.4,3.09,49.8,1,4,4,3.94,0.86,0,2.97,0.551,CLIDINIUM,0.167,novel,7.284
CHEMBL57567,COc1cccc2c1CCN(CCCc1c[nH]c3ccc(F)cc13)C2,-7.53,338.4,4.31,28.3,1,2,5,2.25,0.751,0,1.69,0.314,MELATONIN,0.088,novel,7.283
CHEMBL285302,COc1nc(C)ccc1-c1nc2cc3c(cc2[nH]1)C(C)(C)C(=O)N3,-7.33,322.4,3.17,79.9,2,4,2,2.78,0.759,0,2.27,0.232,TRICLABENDAZOLE,0.077,novel,7.283
CHEMBL274285,COc1ccc([C@]23OC[C@H](Cc4cc5c(cc42)OCO5)[C@@H]3C)cc1OC,-7.04,354.4,3.51,46.2,0,5,3,4.46,0.844,0,3.08,0.314,BERBERINE,0.067,novel,7.283
CHEMBL298166,Cc1cccc(C(=O)NCN2CCN(c3ccccc3Cl)CC2)c1,-7.23,343.9,3.16,35.6,1,3,4,1.95,0.926,0,2.54,0.368,CARIPRAZINE,0.156,novel,7.282
CHEMBL28065,c1ccc(C2(c3ccccc3)OCC(C3CCCCN3)CO2)cc1,-7.44,323.4,3.69,30.5,1,3,3,3.08,0.934,0,1.95,0.302,METHYLPHENIDATE,0.109,novel,7.281
CHEMBL276834,O=C(OC1CN2CCC1CC2)C(O)(c1ccccc1)c1cccc(F)c1,-6.99,355.4,2.7,49.8,1,4,4,3.82,0.857,0,3.22,0.509,CLIDINIUM,0.153,novel,7.281
CHEMBL51861,Cc1cc(C)cc(OCC(O)CCN2CCN(c3ccccc3)CC2)c1,-7.21,354.5,3.26,35.9,1,4,7,2.47,0.828,0,2.59,0.381,OXYPERTINE,0.143,novel,7.28
CHEMBL416839,Cc1cc(OCC(O)CCN2CCN(c3ccccn3)CC2)ccc1Cl,-7.09,375.9,3.0,48.8,1,5,7,2.59,0.806,0,2.93,0.297,NAFTOPIDIL,0.115,novel,7.279
CHEMBL57140,C[C@@H]1CN(CCCC(=O)c2ccc(F)cc2)CCC1(O)c1ccccc1,-7.32,355.5,4.02,40.5,1,3,6,2.91,0.796,0,2.28,0.542,HALOPERIDOL,0.205,novel,7.278
CHEMBL20721,OC1CC2CCCCC2CC1N1CCC(c2ccccc2)CC1,-7.62,313.5,4.2,23.5,1,2,2,3.32,0.884,0,1.42,0.288,NEFOPAM,0.108,novel,7.277
CHEMBL266484,Cc1cc(Cl)ccc1C(=O)c1ccc(-n2ncc(=O)[nH]c2=O)cc1C,-7.08,355.8,2.42,84.8,1,4,3,2.36,0.731,0,2.97,0.3,ZOMEPIRAC,0.086,novel,7.277
CHEMBL32314,O=C1CCC2C3Cc4ccc(O)c5c4C2(CCN3CC2CCC2)C1O5,-7.06,339.4,2.8,49.8,1,4,2,5.0,0.9,0,3.02,0.7,HYDROMORPHONE,0.101,novel,7.277
CHEMBL28531,O[C@H]1CCC2CN3CCc4cc5c(cc4[C@@H]3C[C@@H]2C1)OCO5,-7.26,301.4,2.5,41.9,1,4,0,3.72,0.799,0,2.44,0.31,BENZQUINAMIDE,0.053,novel,7.276
CHEMBL294146,CC1(CNC(=O)N2CCCC[C@H]2C(=O)OCc2ccccc2)CCCCC1,-7.25,372.5,4.26,58.6,1,3,5,2.76,0.786,0,2.48,0.351,ENALAPRIL,0.143,novel,7.276
CHEMBL15724,O=C(Nc1cc(C(F)(F)F)cc(C(F)(F)F)c1)Nn1cnnc1,-7.19,339.2,3.09,71.8,2,3,2,2.71,0.826,0,2.64,0.297,SELINEXOR,0.13,novel,7.275
CHEMBL274948,COc1cc2c(c(OC)c1OC)OC[C@H]1[C@H](CO)Cc3cc4c(cc3[C@@H]21)OCO4,-7.08,400.4,2.75,75.6,1,7,4,3.8,0.846,0,2.97,0.418,PODOFILOX,0.075,novel,7.275
CHEMBL12285,CCCN(Cc1ccccc1)C1Cc2cccc3nc(O)n(c23)C1,-7.33,321.4,3.58,41.3,1,3,5,3.09,0.781,0,2.23,0.338,ROTIGOTINE,0.147,novel,7.273
CHEMBL33682,CN1CCc2c1nc1ccccc1c2NC(=O)CN1CCCCC1,-7.1,324.4,2.65,48.5,1,4,3,2.25,0.943,0,2.88,0.333,RANOLAZINE,0.181,novel,7.273
CHEMBL58887,CCN(c1nc2ccccc2[nH]1)C1CCN(CCc2ccccc2)CC1,-7.39,348.5,4.1,35.2,1,3,6,2.26,0.728,0,2.06,0.458,FENTANYL,0.12,novel,7.272
CHEMBL33608,CC[C@H]1[C@H](C)C(=O)CC23CCN(CC4CCC4)C(Cc4ccc(O)cc42)[C@H]13,-7.38,367.5,4.31,40.5,1,3,3,4.94,0.865,0,2.09,0.443,BUTORPHANOL,0.109,novel,7.272
CHEMBL434980,Cc1cc(CN(C)c2ccc3c4c(cccc24)C(N)=N3)ccn1,-7.28,302.4,3.53,54.5,1,4,3,2.72,0.805,0,2.38,0.233,TILBROQUINOL,0.122,novel,7.272
CHEMBL57360,CCn1nc(C(=O)NC2CC3CCCC(C2)N3C)c2ccccc21,-7.09,326.4,2.8,50.2,1,3,3,3.74,0.943,0,2.91,0.765,GRANISETRON,0.177,novel,7.272
CHEMBL280833,CN(C(=O)c1ccccc1)[C@@H]1CCN2CCc3ccccc3[C@@H]2C1,-7.32,320.4,3.52,23.6,0,2,2,2.83,0.845,0,2.26,0.344,PRAZIQUANTEL,0.141,novel,7.271
CHEMBL19022,CN1C2CCCC1CC(NC(=O)c1cc(Cl)cc3[nH]cnc13)C2,-7.16,332.8,2.96,61.0,2,3,2,3.98,0.888,0,2.72,0.422,GRANISETRON,0.107,novel,7.271
CHEMBL278688,CC1(C)Oc2ccccc2C(NC(=O)c2ccc(F)cc2)[C@@H]1O,-7.21,315.3,2.83,58.6,2,3,2,2.82,0.896,0,2.58,0.25,LEVOCABASTINE,0.162,novel,7.268
CHEMBL286853,O=C(O)CCN1CCN(CCOC2c3ccccc3-c3ccccc32)CC1,-7.0,366.5,2.87,53.0,1,4,7,2.24,0.817,0,3.18,0.362,CETIRIZINE,0.154,novel,7.268
CHEMBL277693,N[C@H](C(=O)N1CC[C@@H](F)C1)[C@H]1CC[C@H](NC(=O)OCc2ccccc2)CC1,-7.26,377.5,2.37,84.7,2,4,5,3.14,0.825,0,2.42,0.304,BENZYL BENZOATE,0.157,novel,7.267
CHEMBL295680,O=C1C(Cc2c[nH]c3ccccc23)OCCN1Cc1ccccc1,-7.21,320.4,3.14,45.3,1,2,4,2.64,0.803,0,2.56,0.358,INDORAMIN,0.137,novel,7.267
CHEMBL20559,COc1ccc2c(c1)OCC1c3cc(O)c(OCC(C)C)cc3OC21,-7.22,342.4,4.05,57.2,1,5,4,3.31,0.908,0,2.52,0.254,METHOXAMINE,0.114,novel,7.266
CHEMBL502,COc1cc2c(cc1OC)C(=O)C(CC1CCN(Cc3ccccc3)CC1)C2,-7.79,379.5,4.36,38.8,0,4,6,2.68,0.747,0,2.32,1.0,DONEPEZIL,0.118,likely-known-drug-chemistry,7.264
CHEMBL51116,Fc1ccc(CCN2CC[C@@H]3[C@H](C2)c2cccc4c2N3CC4)cc1,-7.35,322.4,3.6,6.5,0,2,3,3.0,0.852,0,2.16,0.493,LUMATEPERONE,0.077,novel,7.264
CHEMBL10843,COc1ccc(C2(O)OC(=O)C(c3ccc4c(c3)OCO4)=C2CC2CCCC2)cc1,-7.35,408.5,4.16,74.2,1,6,5,3.08,0.749,0,2.14,0.288,TRAMADOL,0.112,novel,7.263
CHEMBL56755,Cc1cc(-n2ncc(=O)[nH]c2=O)cc(Cl)c1Oc1ccc(Cl)cc1,-7.07,364.2,3.33,77.0,1,4,3,2.34,0.774,0,2.95,0.319,RESMETIROM,0.06,novel,7.263
CHEMBL24815,CCN1C(=O)c2c(nc(OC)n2Cc2ccc(O)c(Cl)c2)N2C1=N[C@@H]1CCC[C@@H]12,-7.19,415.9,2.87,83.2,1,6,4,3.86,0.83,0,2.59,0.25,AVANAFIL,0.095,novel,7.262
CHEMBL25091,Nc1nc(C2CCN(C3CCCCC3)CC2)c2ccccc2n1,-7.28,310.4,3.72,55.0,1,4,2,2.28,0.918,0,2.36,0.32,TACRINE,0.134,novel,7.261
CHEMBL283173,CC1(C)N=C(N)N=C(N)N1c1ccc(SCc2ccccc2)cc1,-7.25,339.5,3.16,80.0,2,6,4,2.48,0.839,0,2.42,0.229,AMPHETAMINE,0.103,novel,7.261
CHEMBL487704,CCN1C(=O)c2c(nc(C(F)(F)F)n2Cc2ccc(O)cc2)N2C1=N[C@@H]1CCC[C@@H]12,-7.2,419.4,3.23,74.0,1,5,3,3.76,0.829,0,2.57,0.258,MIZOLASTINE,0.122,novel,7.261
CHEMBL274215,Cc1ccc(C)n1Nc1nnc(N2CCC(O)CC2)c2ccccc12,-7.1,337.4,2.88,66.2,2,5,3,2.74,0.769,0,2.87,0.23,LURASIDONE,0.132,novel,7.261
CHEMBL17213,CN1CCC(OC(=O)N2c3ccccc3C(=O)Nc3cccnc32)CC1,-7.0,352.4,3.02,74.8,1,5,1,2.55,0.854,0,3.14,0.639,PIRENZEPINE,0.115,novel,7.261
CHEMBL33633,CC1(C)N=C(N)N=C(N)N1c1ccc(Cl)c(CSc2ccccc2)c1,-7.36,373.9,3.82,80.0,2,6,4,2.68,0.798,0,2.12,0.206,CLOBENZOREX,0.095,novel,7.26
CHEMBL301196,CN1C2CCCC1CC(NC(=O)c1[nH]nc3ccc(F)cc13)C2,-7.2,316.4,2.45,61.0,2,3,2,4.02,0.894,0,2.58,0.468,GRANISETRON,0.133,novel,7.26
CHEMBL291031,Cn1cc(-c2noc(C3CN4CCC3CC4)n2)c2ccccc21,-7.07,308.4,3.04,47.1,0,4,2,3.72,0.73,0,2.94,0.278,RAMOSETRON,0.107,novel,7.259
CHEMBL14893,O=c1c(-c2ccccc2)cccn1C(CN1CCC(O)C1)c1ccccc1,-7.08,360.5,3.17,45.5,1,3,5,2.97,0.76,0,2.9,0.308,PIPERIDOLATE,0.153,novel,7.258
CHEMBL32040,c1ccc2c(c1)OC(N1CCOCC1)c1cnc(N3CCCC3)nc1-2,-6.92,338.4,2.47,50.7,0,6,2,3.05,0.838,0,3.36,0.244,DOXAZOSIN,0.107,novel,7.258
CHEMBL268880,CCOc1ccccc1N1CCN(C(=O)c2cc3ccccc3[nH]2)CC1,-7.16,349.4,3.53,48.6,1,3,4,1.99,0.784,0,2.68,0.377,DELAVIRDINE,0.151,novel,7.257
CHEMBL282196,CC1CN(c2nc3c(cc2F)c(=O)c(C(=O)O)cn3C(C)(C)C)CCN1C,-7.11,376.4,2.13,78.7,1,5,2,3.22,0.865,0,2.83,0.485,ENOXACIN,0.112,novel,7.257
CHEMBL28158,COc1ccc(Cc2cc(C3CCN(C(C)=O)CC3)nc(N)n2)cc1,-7.09,340.4,2.38,81.3,1,5,4,2.32,0.924,0,2.88,0.328,NABUMETONE,0.119,novel,7.257
CHEMBL15223,O=c1oc2cc(Cc3ccccc3)ccc2n1CCN1CCOCC1,-6.93,338.4,2.52,47.6,0,4,5,2.15,0.717,0,3.32,0.328,DOXAPRAM,0.111,novel,7.256
CHEMBL10327,CC(C)Oc1ccccc1N1CCN(Cc2ccccc2C(=O)N2CCCCC2)CC1,-7.45,421.6,4.42,36.0,0,4,6,2.1,0.692,0,1.84,0.329,NAFTOPIDIL,0.133,novel,7.255
CHEMBL268769,CN(C)CCCn1cc(C2=C(c3cn(C)c4ccccc34)C(=O)NC2=O)c2ccccc21,-7.28,426.5,3.65,59.3,1,3,6,2.58,0.479,0,2.34,0.356,IPRINDOLE,0.141,novel,7.254
CHEMBL29705,Cc1noc(NS(=O)(=O)c2ccc3cccc(N(C)C)c3c2)c1C,-7.08,345.4,3.31,75.4,1,5,4,2.37,0.785,0,2.9,0.529,SULFISOXAZOLE,0.153,novel,7.254
CHEMBL38056,COc1ccc(Cl)cc1C1C(=O)Nc2cc(C(F)(F)F)ccc21,-7.44,341.7,4.45,38.3,1,2,2,2.74,0.876,0,1.87,0.288,EFAVIRENZ,0.1,novel,7.253
CHEMBL9985,COc1ccccc1COC1(C2=NCCN2)COc2ccccc2O1,-6.99,340.4,2.38,61.3,1,6,5,3.3,0.905,0,3.16,0.279,NAPHAZOLINE,0.104,novel,7.253
CHEMBL282199,CC1CCN(CC[C@H]2CCCN2S(=O)(=O)c2cccc(O)c2)CC1,-6.89,352.5,2.67,60.9,1,4,5,2.71,0.885,0,3.42,0.303,ELETRIPTAN,0.105,novel,7.252
CHEMBL6238,Cc1cc(-n2ncc(=O)[nH]c2=O)cc(C)c1C(=O)c1ccc(Cl)cc1,-7.05,355.8,2.42,84.8,1,4,3,2.35,0.731,0,2.97,0.375,ZOMEPIRAC,0.087,novel,7.249
CHEMBL61083,CN1C2CCC1CC(NC(=O)N1CC3(CCCCC3)c3ccccc31)C2,-7.34,353.5,4.04,35.6,1,2,1,4.44,0.827,0,2.14,0.391,GRANISETRON,0.15,novel,7.248
CHEMBL280364,O=C1NCN(c2ccccc2)C12CCN(C1CCCCC1O)CC2,-7.33,329.4,1.72,55.8,2,4,2,3.68,0.867,0,2.17,0.483,FLUSPIRILENE,0.113,novel,7.248
CHEMBL418435,CS(=O)(=O)c1cnc2c(c1)CCC(c1ccc(Cl)cc1)O2,-6.97,323.8,3.2,56.3,0,4,2,2.89,0.851,0,3.2,0.295,ETORICOXIB,0.074,novel,7.248
CHEMBL28997,Fc1ccc(N2CCN(Cc3c[nH]c4ncccc34)CC2)cc1,-7.28,310.4,3.02,35.2,1,3,3,2.04,0.807,0,2.31,0.25,GEPIRONE,0.096,novel,7.247
CHEMBL43000,C[C@@H]1CCC[C@@H]2C[C@@H](NC(=O)c3cc(Cl)ccc3O)CCN21,-7.27,322.8,3.18,52.6,2,3,2,3.19,0.879,0,2.32,0.344,NICLOSAMIDE,0.107,novel,7.246
CHEMBL6297,CN(C)c1cccc2c(S(=O)(=O)Nc3ccc(Br)nn3)cccc12,-7.16,407.3,3.26,75.2,1,5,4,2.46,0.719,0,2.63,0.327,SULFAMETHOXYPYRIDAZINE,0.13,novel,7.245
CHEMBL41805,CC1(C)Oc2ccc3c(c2[C@H](NC(=O)c2ccc(F)cc2)[C@H]1O)CCCC3=O,-7.25,383.4,3.35,75.6,2,4,2,3.31,0.834,0,2.39,0.267,LEVOBUNOLOL,0.115,novel,7.244
CHEMBL297337,COc1ccc(C(=O)Nc2cnc3c(c2)CNCC3(C)C)cc1F,-7.11,329.4,2.86,63.2,2,4,3,2.62,0.909,0,2.79,0.304,CABOZANTINIB,0.114,novel,7.244
CHEMBL418253,CC(=O)N1CCc2c(sc(NC(=O)C3CC3)c2C(=O)c2ccccc2C)C1,-7.07,382.5,3.54,66.5,1,4,4,2.32,0.823,0,2.9,0.279,MEPIVACAINE,0.126,novel,7.244
CHEMBL14270,COc1ccc(OC)c(-c2cc(O)c3cc4c(cc3n2)OCO4)c1,-7.1,325.3,3.35,70.0,1,6,3,2.32,0.796,0,2.81,0.328,BERBERINE,0.095,novel,7.243
CHEMBL14866,CC1CN(c2cc3c(cc2F)c(=O)c(C(=O)O)cn3C2CCC2)CC(C)N1,-7.09,373.4,2.75,74.6,2,4,3,3.39,0.865,0,2.84,0.655,CIPROFLOXACIN,0.103,novel,7.242
CHEMBL17120,CN1CCC(CC(=O)N2c3ccccc3C(=O)Nc3cccnc32)CC1,-6.92,350.4,3.04,65.5,1,4,2,2.5,0.904,0,3.31,0.724,PIRENZEPINE,0.141,novel,7.242
CHEMBL6331,Cn1cc(C2=C(c3cn(CCC[N+](C)(C)C)c4ccccc34)C(=O)NC2=O)c2ccccc21,-7.37,441.6,3.8,56.0,1,2,6,2.79,0.366,1,2.05,0.25,RAMOSETRON,0.125,novel,7.241
CHEMBL50607,CN1CCN(C(Cc2nc(O)c3cc(Cl)ccc3n2)c2ccccc2)CC1,-7.15,382.9,3.52,52.5,1,5,4,2.85,0.748,0,2.66,0.373,CYCLIZINE,0.164,novel,7.241
CHEMBL57260,COC(=O)C1C2CC3CCC1N3C/C2=C\c1ccc(OC)cc1,-7.04,313.4,2.73,38.8,0,4,3,4.76,0.804,0,2.98,0.382,IOFLUPANE,0.12,novel,7.241
CHEMBL16860,CC(=O)NC[C@H]1CN(c2ccc3ccccc3c2)C(=O)O1,-7.19,284.3,2.3,58.6,1,3,3,2.5,0.941,0,2.55,0.603,LINEZOLID,0.157,novel,7.239
CHEMBL8245,c1ccc2c(c1)c(C1=NCC3(CN4CCC3CC4)O1)cn2CC1CC1,-7.14,335.5,3.29,29.8,0,3,3,4.59,0.861,0,2.67,0.276,CEVIMELINE,0.118,novel,7.238
CHEMBL6259,CN1CCN(c2cc3c(cc2F)c(=O)c(C(=O)O)cn3-c2ccc(F)cc2)CC1,-6.95,399.4,2.72,65.8,1,4,3,2.33,0.734,0,3.21,0.569,TEMAFLOXACIN,0.106,novel,7.238
CHEMBL35250,CC1(C)CC(=O)C2C(C1)Nc1ccnn1C2c1ccc(F)c(Br)c1,-7.35,392.3,4.17,46.9,1,3,1,4.17,0.793,0,2.09,0.216,REPOTRECTINIB,0.083,novel,7.237
CHEMBL35932,COc1ccccc1-c1ccc(C[C@H](NC(=O)C2CCCO2)C(=O)O)cc1,-7.15,369.4,2.65,84.9,2,4,7,2.7,0.784,0,2.64,0.435,NATEGLINIDE,0.187,novel,7.237
CHEMBL51833,CN1C2CCC1[C@H](OC(=O)CC(O)(c1ccccc1)c1ccccc1)CC2,-7.1,365.5,3.48,49.8,1,4,5,4.07,0.824,0,2.78,0.407,COCAINE,0.176,novel,7.237
CHEMBL42750,COc1ccc(C(=O)Nc2cnc3c(c2)CN(C)CC3(C)C)cc1Cl,-7.1,359.9,3.72,54.5,1,4,3,2.57,0.907,0,2.8,0.304,ROFLUMILAST,0.1,novel,7.236
CHEMBL267297,Cc1ccc2c(c1)c(C1=NCC3(CN4CCC3CC4)O1)cn2C,-7.12,309.4,2.73,29.8,0,3,1,4.61,0.811,0,2.74,0.293,CEVIMELINE,0.075,novel,7.235
CHEMBL37935,Cc1oc2nc3c(c(NC(=O)CN4CCCC4=O)c2c1C)CCCC3,-6.99,341.4,2.88,75.4,1,4,3,2.76,0.931,0,3.1,0.352,PIRACETAM,0.101,novel,7.235
CHEMBL33160,CCCOc1cc2c(cc1OC)CCN1CC[C@@]3(CNC(=O)O3)C[C@@H]21,-6.91,346.4,2.66,60.0,1,5,4,3.98,0.908,0,3.34,0.4,TETRABENAZINE,0.09,novel,7.235
CHEMBL25219,OC1(c2nc(-c3ccc(F)cc3)c(-c3ccncc3)[nH]2)CCCCC1,-7.39,337.4,4.43,61.8,2,3,3,2.58,0.743,0,1.96,0.217,BLONANSERIN,0.083,novel,7.234
CHEMBL277916,COc1ccc2c3c4c(cc5c3n(c2c1)C(=O)CC5)CCNC4,-7.22,306.4,3.04,43.3,1,3,1,2.79,0.751,0,2.44,0.25,CLOMETACIN,0.062,novel,7.234
CHEMBL27930,CCC(=O)N1CCC(c2cc(Cc3ccc(OC)cc3)nc(N)n2)CC1,-6.97,354.5,2.77,81.3,1,5,5,2.36,0.893,0,3.15,0.295,NABUMETONE,0.118,novel,7.234
CHEMBL269202,Clc1cccc(N2CCN(Cc3cnn4ccccc34)CC2)c1,-7.22,326.8,3.31,23.8,0,3,3,2.17,0.738,0,2.44,0.452,TRAZODONE,0.11,novel,7.233
CHEMBL43240,CN1CCC(Oc2ccc(-c3cccc(N)n3)c3ccccc23)C1,-7.22,319.4,3.57,51.4,1,4,3,2.71,0.802,0,2.45,0.315,DIPHENYLPYRALINE,0.125,novel,7.233
CHEMBL433272,NC(=O)c1ccc2c(c1)[C@@]13CCCC[C@H]1[C@@H](C2)N(CC1CCC1)CC3,-7.21,338.5,3.64,46.3,1,2,3,4.15,0.914,0,2.47,0.524,LEVALLORPHAN,0.086,novel,7.233
CHEMBL416588,COc1cc2c(cc1OC)[C@@H]1C[C@]3(CCN1CC2)CN(C(C)C)C(=O)O3,-6.84,360.5,3.0,51.2,0,5,3,3.92,0.829,0,3.52,0.46,TETRABENAZINE,0.095,novel,7.233
CHEMBL49248,C[C@H](NC(=O)Nc1ccccc1)c1nc2ccsc2c(=O)o1,-7.33,315.4,3.13,84.2,2,5,3,2.79,0.777,0,2.13,0.306,ACETANILIDE,0.167,novel,7.232
CHEMBL57420,Cc1ccc2c3c(ccc(N(C)Cc4ccnnc4)c13)N=C2N,-7.05,303.4,2.93,67.4,1,5,3,3.04,0.808,0,2.9,0.19,TRIPELENNAMINE,0.065,novel,7.232
CHEMBL38814,CN1CCN(c2nc3c(c4c2CCc2ccccc2-4)CCCC3)CC1,-7.26,333.5,3.48,19.4,0,3,1,2.44,0.796,0,2.33,0.345,AZATADINE,0.083,novel,7.231
CHEMBL26426,COc1ccccc1N1CCN(CCNC(=O)C2CCCc3c(OC)cccc32)CC1,-7.17,423.6,3.06,54.0,1,5,7,2.69,0.742,0,2.58,0.375,NAFTOPIDIL,0.124,novel,7.231
CHEMBL6791,NC(=O)c1cc(-c2ccc(C(F)(F)F)cc2)nnc1Cl,-7.07,301.7,2.91,68.9,1,3,2,2.2,0.927,0,2.87,0.291,LEFLUNOMIDE,0.125,novel,7.229
CHEMBL283820,O=C(O)CC[C@@H](NC(=O)c1cc(Cl)cc(Cl)c1)C(=O)N1CCC2(CCCC2)CC1,-7.66,441.4,4.14,86.7,2,3,6,3.29,0.695,0,1.18,0.355,PROGLUMIDE,0.15,novel,7.227
CHEMBL441172,Cn1cc(C2=C(c3cn(CCCCO)c4ccccc34)C(=O)NC2=O)c2ccccc21,-7.36,413.5,3.47,76.3,2,3,6,2.55,0.375,0,2.03,0.271,RAMOSETRON,0.159,novel,7.227
CHEMBL30114,OC[C@@H]1C[C@@H]2CN3CCc4cc5c(cc4[C@@H]3C[C@@H]2C[C@@H]1O)OCO5,-7.25,331.4,1.71,62.2,2,5,1,4.02,0.82,0,2.33,0.311,BENZQUINAMIDE,0.078,novel,7.227
CHEMBL416593,O=C(CN1CCCCC1=O)Nc1c2c(nc3ccccc13)CCCC2,-6.97,337.4,3.06,62.3,1,3,3,2.26,0.936,0,3.13,0.415,TACRINE,0.181,novel,7.225
CHEMBL43596,CC1(C)Oc2ccc(C#N)cc2C(O)[C@H]1NC(=O)c1ccccc1,-7.22,322.4,2.56,82.3,2,4,2,3.15,0.89,0,2.4,0.254,METHENAMINE HIPPURATE,0.15,novel,7.224
CHEMBL299479,O=C(OCC1CCN(Cc2ccccc2)CC1)c1ccc(Cl)cc1,-7.32,343.9,4.41,29.5,0,3,5,1.73,0.753,0,2.11,0.4,BENZYL BENZOATE,0.147,novel,7.222
CHEMBL6214,CSc1ccc(C(=O)c2ccc(-n3ncc(=O)[nH]c3=O)cc2Cl)cc1,-7.03,373.8,2.53,84.8,1,5,4,2.37,0.561,0,2.94,0.368,ENOXIMONE,0.081,novel,7.222
CHEMBL269496,Cc1cc(-n2ncc(=O)[nH]c2=O)ccc1C(O)c1ccc(Cl)cc1,-7.32,343.8,1.96,88.0,2,4,3,2.79,0.761,0,2.13,0.25,OLUTASIDENIB,0.123,novel,7.221
CHEMBL21077,CC1(C)N=C(N)N=C(N)N1c1cccc(SCc2ccc(Cl)cc2)c1,-7.32,373.9,3.82,80.0,2,6,4,2.6,0.798,0,2.12,0.241,CHLORPHENTERMINE,0.077,novel,7.219
CHEMBL285999,CN1C2CCC1CC(NC(=O)N1CC(C)(C)c3ccccc31)C2,-7.26,313.4,3.12,35.6,1,2,1,3.98,0.864,0,2.29,0.393,GRANISETRON,0.158,novel,7.219
CHEMBL36880,CN(c1ccccc1C(=O)O)S(=O)(=O)c1ccc2ccccc2c1,-7.06,341.4,3.36,74.7,1,3,4,1.92,0.789,0,2.85,0.338,LEVOPROPOXYPHENE NAPSYLATE,0.213,novel,7.219
CHEMBL7442,Clc1ccc(N2CCN(Cc3cnn4c3CCCC4)CC2)cc1,-7.16,330.9,3.2,24.3,0,3,3,2.35,0.863,0,2.55,0.304,PITOLISANT,0.054,novel,7.218
CHEMBL297193,COc1ccc(C(=O)Nc2cnc3c(c2)CN(C)CC3(C)C)cc1F,-7.03,343.4,3.2,54.5,1,4,3,2.59,0.93,0,2.94,0.3,CABOZANTINIB,0.112,novel,7.218
CHEMBL290360,CC(=O)c1ccc2c(c1C)[C@H](NC(=O)c1ccc(F)cc1)[C@@H](O)C(C)(C)O2,-7.18,371.4,3.34,75.6,2,4,3,3.2,0.812,0,2.51,0.227,TAMIBAROTENE,0.122,novel,7.215
CHEMBL33081,Oc1cc(COc2ccccc2)nc(SC2CCCCC2)n1,-7.3,316.4,4.19,55.2,1,5,5,2.36,0.838,0,2.16,0.312,MONOBENZONE,0.145,novel,7.214
CHEMBL35270,COc1ccccc1-c1ccc(C[C@H](NC(=O)C2(C)CCCO2)C(=O)O)cc1,-7.23,383.4,3.04,84.9,2,4,7,2.97,0.768,0,2.36,0.364,NATEGLINIDE,0.169,novel,7.214
CHEMBL19007,CC(/N=c1\c(O)c(O)\c1=N/c1cnc2ccccc2c1)C(C)(C)C,-7.23,323.4,3.09,78.1,2,5,2,3.74,0.76,0,2.36,0.219,AMBRISENTAN,0.129,novel,7.214
CHEMBL289653,Cc1nc(-c2ccc(F)cc2)c(-c2ccc(S(N)(=O)=O)c(F)c2)o1,-7.09,350.3,3.24,86.2,1,4,3,2.33,0.786,0,2.74,0.293,VALDECOXIB,0.075,novel,7.214
CHEMBL6344,Cc1cc(-n2ncc(=O)[nH]c2=O)ccc1C(=O)c1ccc(Cl)cc1Cl,-7.01,376.2,2.77,84.8,1,4,3,2.35,0.713,0,2.97,0.286,ZOMEPIRAC,0.083,novel,7.214
CHEMBL290891,Cc1ccc2c(c1)N=C(N1CCN(CCO)CC1)c1cscc1O2,-7.0,343.5,2.85,48.3,1,6,2,2.77,0.911,0,3.0,0.381,LOXAPINE,0.09,novel,7.212
CHEMBL6411,CN(C)c1cccc2c(S(=O)(=O)Nc3ccc(Br)cn3)cccc12,-7.18,406.3,3.86,62.3,1,4,4,2.21,0.715,0,2.47,0.268,SULFAPYRIDINE,0.129,novel,7.211
CHEMBL38999,C(=C\n1ncc2c(N3CCCCC3)ncnc21)\c1ccccc1,-7.11,305.4,3.44,46.8,0,4,3,2.5,0.743,0,2.69,0.237,CINNARIZINE,0.129,novel,7.211
CHEMBL296812,C[C@H]1COc2c(-c3ccncc3)c(F)cc3c(=O)c(C(=O)O)cn1c23,-7.01,340.3,2.85,81.4,1,4,2,3.13,0.776,0,2.97,0.619,OFLOXACIN,0.141,novel,7.21
CHEMBL416217,COc1ccccc1-c1ccc(C[C@H](NC(=O)C2CCOC2)C(=O)O)cc1,-7.15,369.4,2.51,84.9,2,4,7,2.71,0.783,0,2.57,0.483,NATEGLINIDE,0.171,novel,7.206
CHEMBL290520,COc1ccc2c(c1)nc1n2CCC(O)=C1C(=O)Nc1ccccc1F,-7.19,353.4,3.5,76.4,2,4,3,2.47,0.756,0,2.44,0.308,ENCAINIDE,0.136,novel,7.205
CHEMBL10242,c1cc(NC2=NCCN2)ccc1Cc1ccc(OCC2CCOCC2)cc1,-7.17,365.5,3.45,54.9,2,5,6,2.39,0.823,0,2.51,0.327,CLONIDINE,0.078,novel,7.205
CHEMBL289707,O=C(Nc1ccccc1)C1=C(O)CCn2c1nc1cccnc12,-7.22,306.3,2.74,80.0,2,4,2,2.51,0.763,0,2.36,0.288,METABROMSALAN,0.138,novel,7.204
CHEMBL45934,COc1ccc(C(=O)Nc2ccccc2C#N)cc1OC1CCCC1,-7.19,336.4,4.14,71.3,1,4,5,1.97,0.891,0,2.45,0.371,ENCAINIDE,0.133,novel,7.204
CHEMBL299050,Nc1nc2c(s1)CC(N1CCN(c3ccccn3)CC1)CC2,-7.15,315.4,1.8,58.3,1,6,2,2.97,0.916,0,2.55,0.356,PRAMIPEXOLE,0.078,novel,7.203
CHEMBL267358,C[C@]12CCC(=O)C=C1C(=O)CC1C2CC[C@@]2(C)C1CC[C@@H]2OC1CC1,-7.17,342.5,4.24,43.4,0,3,2,4.26,0.754,0,2.51,0.484,TESTOSTERONE PROPIONATE,0.068,novel,7.202
CHEMBL281290,CCC1NC(=O)OC12CCN(CC1COc3ccccc3O1)CC2,-7.01,332.4,2.18,60.0,1,5,3,4.04,0.919,0,2.95,0.292,FENSPIRIDE,0.133,novel,7.202
CHEMBL299767,Fc1ccc(CN2CC[C@@H]3[C@H](C2)c2cccc4c2N3CC4)cc1,-7.32,308.4,3.56,6.5,0,2,2,2.95,0.837,0,2.05,0.463,LUMATEPERONE,0.079,novel,7.201
CHEMBL6352,Cc1cc(Br)ccc1C(=O)c1ccc(-n2ncc(=O)[nH]c2=O)cc1Cl,-7.16,420.7,2.88,84.8,1,4,3,2.41,0.66,0,2.51,0.247,AZARIBINE,0.081,novel,7.2
CHEMBL268086,CCNc1cccnc1N1CCN(C(=O)c2cnc3ccccc3c2)CC1,-6.87,361.4,3.02,61.4,1,5,4,2.17,0.774,0,3.33,0.388,DELAVIRDINE,0.141,novel,7.199
CHEMBL296140,CC(=O)C1=CCC2C3CC[C@H]4C[C@H](O)CCC4(C)C3C(=O)CC12C,-7.15,330.5,3.69,54.4,1,3,1,4.39,0.797,0,2.55,0.456,BREXANOLONE,0.119,novel,7.198
CHEMBL35775,Cn1cc(-c2nc(C3CN4CCC3CC4)no2)c2ccccc21,-7.01,308.4,3.04,47.1,0,4,2,3.77,0.73,0,2.94,0.278,RAMOSETRON,0.122,novel,7.198
CHEMBL33939,O=C(OCc1ccccc1)[C@@H]1CCCN1C(=O)NC12C[C@H]3C[C@@H](C1)C[C@@H](C2)C3,-7.13,382.5,3.87,58.6,1,3,4,3.92,0.804,0,2.6,0.366,ENALAPRIL,0.148,novel,7.197
CHEMBL35870,O=C(O)CN(c1ccccc1)S(=O)(=O)c1ccc2ccccc2c1,-6.99,341.4,3.12,74.7,1,3,5,1.86,0.774,0,2.98,0.328,LEVOPROPOXYPHENE NAPSYLATE,0.241,novel,7.197
CHEMBL416048,COc1ccc(C2CCc3cc(CC(=O)O)cc(Cl)c3N2)cc1,-7.32,331.8,4.08,58.6,2,3,4,2.8,0.886,0,2.03,0.306,ALCLOFENAC,0.107,novel,7.196
CHEMBL300662,C[C@H]1CN(CC[C@H](O)C2CCCCC2)CC[C@@]1(C)c1cccc(O)c1,-7.44,345.5,4.32,43.7,2,3,5,3.47,0.835,0,1.69,0.507,ALVIMOPAN,0.106,novel,7.195
CHEMBL56232,Cc1ncccc1Oc1ccc(NC(=O)N2CCc3ccccc32)cn1,-7.12,346.4,4.17,67.3,1,4,3,2.26,0.773,0,2.61,0.288,AZATADINE MALEATE,0.128,novel,7.195
CHEMBL37482,CCCN1N=C2/C(=C/c3ccccc3)CS(=O)(=O)CC2C1c1ccccc1,-7.06,380.5,3.94,49.7,0,4,4,3.54,0.807,0,2.78,0.25,ETHOTOIN,0.134,novel,7.195
CHEMBL7528,CCNc1cccnc1N1CCN(C(=O)c2cccc3[nH]ccc23)CC1,-7.0,349.4,2.96,64.3,2,4,4,2.26,0.76,0,2.94,0.4,DELAVIRDINE,0.14,novel,7.195
CHEMBL21630,CN1CCN(CCNc2cc(-c3ccc(F)cc3)nc3ccccc23)CC1,-7.24,364.5,3.7,31.4,1,4,5,2.04,0.748,0,2.26,0.375,MINAPRINE,0.135,novel,7.193
CHEMBL51325,CCC[C@H]1CC(=O)CC23CCN(C)C(Cc4ccc(O)cc42)[C@H]13,-7.23,313.4,3.29,40.5,1,3,2,4.66,0.911,0,2.3,0.517,LEVORPHANOL,0.129,novel,7.193
CHEMBL35299,COc1ccc2c3c1OC1C(=O)[C@@H](C)CC4(O)C(C2)N(CC2CC2)CCC314,-6.97,369.5,2.07,59.0,1,5,3,5.28,0.884,0,3.03,0.586,NALTREXONE,0.103,novel,7.193
CHEMBL30460,CC(C)(C)OC(=O)NCC(=O)N1CCN(CCNc2ccnc3cc(Cl)ccc23)CC1,-7.41,448.0,2.97,86.8,2,6,6,2.36,0.708,0,1.77,0.358,GLAFENINE,0.105,novel,7.189
CHEMBL6692,CCNc1cccnc1N1CCN(C(=O)c2nc3ccccc3[nH]2)CC1,-7.1,350.4,2.35,77.2,2,5,4,2.31,0.755,0,2.65,0.423,DELAVIRDINE,0.141,novel,7.188
CHEMBL289297,O=C(O)c1ccc(OCC(O)CN2CCC(c3ccccc3)CC2)cc1,-7.02,355.4,3.0,70.0,2,4,7,2.35,0.799,0,2.88,0.353,RANOLAZINE,0.157,novel,7.188
CHEMBL58265,Nc1nc2c(s1)C[C@H](N1CCN(c3ccccn3)CC1)CC2,-7.13,315.4,1.8,58.3,1,6,2,2.97,0.916,0,2.55,0.356,PRAMIPEXOLE,0.078,novel,7.186
CHEMBL60815,c1ccc(-c2c[nH]c(CN3CCN(c4ccccc4)CC3)c2)cc1,-7.49,317.4,4.0,22.3,1,2,4,2.07,0.785,0,1.54,0.339,OXYPERTINE,0.108,novel,7.185
CHEMBL274685,Cc1ccc2c(c1)N(C(=O)N1CCN[C@H](C)C1)Cc1c(C(=O)OC(C)(C)C)ncn1-2,-7.08,411.5,2.87,79.7,1,5,1,3.42,0.73,0,2.71,0.333,FLUMAZENIL,0.082,novel,7.185
CHEMBL54619,Cc1ccc(-c2cc(F)c(F)cc2-c2ccc(S(N)(=O)=O)cc2)nc1,-7.01,360.4,3.65,73.1,1,3,3,2.18,0.775,0,2.89,0.393,CELECOXIB,0.077,novel,7.185
CHEMBL442107,c1ccc2c(c1)-c1ccccc1C21OC[C@H]([C@@H]2CCCCN2)O1,-7.34,307.4,3.43,30.5,1,3,1,3.79,0.875,0,1.95,0.281,METHYLPHENIDATE,0.071,novel,7.184
CHEMBL32218,CC(=O)Nc1ccc2c(c1)COc1ccc(CC(=O)O)cc1O2,-7.26,313.3,2.96,84.9,2,4,3,2.21,0.91,0,2.19,0.4,OLOPATADINE,0.127,novel,7.184
CHEMBL37225,COc1ccccc1-c1ccc(C[C@H](NC(=O)C2CCCCO2)C(=O)O)cc1,-7.2,383.4,3.04,84.9,2,4,7,2.73,0.768,0,2.36,0.429,NATEGLINIDE,0.184,novel,7.184
CHEMBL48095,COC[C@H]1OC(=O)c2coc3c2[C@@]1(C)C1=C(C3=O)C2CCC(O)[C@@]2(C)CC1,-6.98,372.4,2.79,86.0,1,6,2,4.64,0.804,0,2.97,0.253,TESTOSTERONE,0.09,novel,7.184
CHEMBL943,CN1C2CCCC1CC(NC(=O)c1[nH]nc3ccccc13)C2,-7.21,298.4,2.31,61.0,2,3,2,3.92,0.894,0,2.33,0.582,GRANISETRON,0.155,novel,7.182
CHEMBL18969,N#CCOc1ccc(OCc2cccc(Cl)c2)cc1CO,-7.08,303.7,3.31,62.5,1,4,6,2.06,0.889,0,2.69,0.306,MONOBENZONE,0.127,novel,7.182
CHEMBL31948,CC1CCCCN1c1ccc2c(c1Cl)CN1CC(=O)NC1=N2,-7.04,318.8,2.65,47.9,1,4,1,3.48,0.866,0,2.82,0.577,ANAGRELIDE,0.086,novel,7.182
CHEMBL22679,N[C@H](C(=O)N1CCCC1)[C@H]1CC[C@H](NC(=O)OCc2ccccc2)CC1,-7.11,359.5,2.42,84.7,2,4,5,2.62,0.845,0,2.6,0.327,BENZYL BENZOATE,0.151,novel,7.181
CHEMBL295740,Cc1c2c(c(O)c3occ(C(=O)O)c13)C1CCC(=O)[C@@]1(C)C=C2,-7.41,312.3,3.62,87.7,2,4,1,4.2,0.839,0,1.75,0.236,EXEMESTANE,0.118,novel,7.179
CHEMBL6240,O=C(c1ccccc1)c1ccc(-n2ncc(=O)[nH]c2=O)cc1Cl,-7.19,327.7,1.81,84.8,1,4,3,2.16,0.743,0,2.37,0.309,OXYBENZONE,0.127,novel,7.179
CHEMBL23168,O=C(O)C1=Cc2cc(C(c3ccccc3)n3ccnc3)sc2CC1,-7.16,336.4,4.0,55.1,1,3,4,3.37,0.783,0,2.44,0.426,BIFONAZOLE,0.147,novel,7.179
CHEMBL49525,CCN(C)CC1CCCCN1CC(=O)N1c2ccccc2C(=O)Nc2cccnc21,-7.02,407.5,3.12,68.8,1,5,5,3.12,0.825,0,2.85,0.609,PIRENZEPINE,0.137,novel,7.178
CHEMBL57606,OC(CCCN1CCN(c2ncc(F)cn2)CC1)C1CCCCC1,-6.98,336.5,2.46,52.5,1,5,6,2.87,0.865,0,2.98,0.323,BUSPIRONE,0.1,novel,7.178
CHEMBL26821,COc1ccc(Cc2cc(C3CCN(C(=O)C(C)(C)C)CC3)nc(N)n2)cc1,-7.09,382.5,3.41,81.3,1,5,4,2.46,0.876,0,2.64,0.29,NABUMETONE,0.116,novel,7.177
CHEMBL276282,CN1CCC(NC(=O)N2c3ccccc3C(=O)Nc3cccnc32)CC1,-7.04,351.4,2.59,77.6,2,4,1,2.48,0.828,0,2.78,0.639,PIRENZEPINE,0.128,novel,7.176
CHEMBL268801,CCc1nnc2c(NC3CC4CCC3C4)nc3ccccc3n12,-7.14,307.4,3.44,55.1,1,4,3,4.14,0.805,0,2.49,0.238,ASTEMIZOLE,0.106,novel,7.175
CHEMBL299313,O=C(NCCC1CCN(Cc2ccccc2)CC1)c1cccnc1,-7.11,323.4,3.11,45.2,1,3,6,1.86,0.888,0,2.6,0.431,NICORANDIL,0.165,novel,7.175
CHEMBL283368,N[C@H](C(=O)N1CCSC1)[C@H]1CC[C@H](NC(=O)c2ccccc2C(F)(F)F)CC1,-7.18,415.5,2.85,75.4,2,4,4,3.07,0.793,0,2.38,0.289,LOMITAPIDE,0.167,novel,7.174
CHEMBL36703,Cn1cc(-c2noc(C3CC4CCN3CC4)n2)c2ccccc21,-7.05,308.4,3.39,47.1,0,4,2,3.78,0.728,0,2.75,0.278,RAMOSETRON,0.107,novel,7.174
CHEMBL50012,COc1ccc(C(=O)NC2(C)C=C(C)ON2)cc1OC1CCCC1,-7.05,332.4,2.9,68.8,2,5,5,3.38,0.868,0,2.75,0.287,ZAFIRLUKAST,0.105,novel,7.174
CHEMBL35589,COc1ccccc1CCNC(=O)C1=Cc2ccncc2CC1,-7.04,308.4,2.78,51.2,1,3,5,2.38,0.924,0,2.78,0.324,PICOTAMIDE,0.146,novel,7.173
CHEMBL269264,Cn1cc(C2=C(c3cn(CCCN)c4ccccc34)C(=O)NC2=O)c2ccccc21,-7.21,398.5,3.05,82.0,2,3,5,2.56,0.507,0,2.28,0.257,RAMOSETRON,0.129,novel,7.171
CHEMBL36909,O=S(=O)(NCc1ccccc1)c1ccc2c(c1)CNC(CF)C2,-7.13,334.4,2.15,58.2,2,3,5,2.8,0.881,0,2.51,0.255,PHENELZINE SULFATE,0.125,novel,7.171
CHEMBL34118,N#CC(C(=O)O)C1C(=O)N(Cc2ccc(F)cc2)c2ccccc21,-7.0,324.3,2.68,81.4,1,3,4,3.2,0.937,0,2.9,0.253,KETANSERIN,0.169,novel,7.171
CHEMBL19146,Cc1nc2c([nH]1)N(Cc1ccc(Cl)cc1)C1=NC(C)(C)CN1C2=O,-6.86,343.8,2.98,64.6,1,4,2,3.12,0.911,0,3.29,0.238,IRBESARTAN,0.076,novel,7.171
CHEMBL41151,Cc1nn(C)c(NC(=O)C(C)(C)N2CCCC2)c1C(=O)c1ccccc1F,-6.85,372.4,2.91,67.2,1,4,5,2.64,0.82,0,3.32,0.258,MEPIVACAINE,0.146,novel,7.171
CHEMBL56079,O=C(NCCC1CCN(Cc2ccccc2)CC1)c1ccccn1,-7.1,323.4,3.11,45.2,1,3,6,1.87,0.888,0,2.6,0.343,DONEPEZIL,0.171,novel,7.17
CHEMBL33283,CCc1ccc(S(=O)(=O)N2CCCCC2C(=O)NCc2ccccc2)cc1,-6.93,386.5,3.11,66.5,1,3,6,2.31,0.83,0,3.1,0.349,ROPIVACAINE,0.165,novel,7.17
CHEMBL17909,Oc1ccc2c(c1)OC[C@@H](N1CCC(Cc3ccccc3)CC1)[C@H]2O,-7.13,339.4,3.14,52.9,2,4,3,3.08,0.902,0,2.5,0.263,LASOFOXIFENE,0.153,novel,7.169
CHEMBL30971,CCC(C)C(N)C(=O)N1CCN(CCNc2ccnc3cc(Cl)ccc23)CC1,-7.13,404.0,2.82,74.5,2,5,7,3.03,0.743,0,2.52,0.39,CHLOROQUINE PHOSPHATE,0.12,novel,7.169
CHEMBL46911,Cc1nn(C)c(NC(=O)CCN2CCCC2)c1C(=O)c1ccccc1F,-6.81,358.4,2.52,67.2,1,4,6,2.3,0.806,0,3.44,0.284,DYCLONINE,0.173,novel,7.169
CHEMBL267014,Clc1ccc(N2CCN(Cc3c[nH]c4ncccc34)CC2)cc1,-7.25,326.8,3.54,35.2,1,3,3,2.04,0.799,0,2.17,0.28,RUPATADINE,0.096,novel,7.168
CHEMBL6727,CCN(CC)c1cccnc1N1CCN(C(=O)c2cc3ccccc3[nH]2)CC1,-7.01,377.5,3.37,55.5,1,4,5,2.37,0.741,0,2.86,0.48,DELAVIRDINE,0.171,novel,7.168
CHEMBL283229,Cc1ccc(-n2cc(C(=O)O)c(=O)c3cc(F)c(N4CCN(C)CC4)cc32)cc1,-6.9,395.4,2.89,65.8,1,4,3,2.32,0.739,0,3.15,0.515,TEMAFLOXACIN,0.105,novel,7.168
CHEMBL52141,CCCc1nn(C)c2c(=O)[nH]c(-c3ccccc3OCC3CC3)nc12,-6.95,338.4,3.06,72.8,1,4,6,2.58,0.75,0,3.03,0.541,SILDENAFIL,0.112,novel,7.167
CHEMBL13595,CC(C)N1C(=O)NC(c2ccccc2)c2cc3c(cc21)OCO3,-7.16,310.4,3.44,50.8,1,3,2,2.91,0.924,0,2.42,0.36,ETHOTOIN,0.13,novel,7.166
CHEMBL282424,Fc1ccccc1N1CCN(Cc2c[nH]c3ncccc23)CC1,-7.2,310.4,3.02,35.2,1,3,3,2.07,0.807,0,2.31,0.278,RIOCIGUAT,0.11,novel,7.165
CHEMBL286470,CCCCc1nc2cc(C3=NNC(=O)CC3C)ccc2[nH]1,-7.18,284.4,2.77,70.1,2,3,4,3.08,0.906,0,2.36,0.254,ALBENDAZOLE,0.134,novel,7.165
CHEMBL57437,COc1ccc([C@H](O)[C@@H](C)N2CCN(c3cccccc3=O)CC2)cc1OC,-6.92,384.5,2.31,62.2,1,6,6,2.96,0.825,0,3.1,0.343,NAFTOPIDIL,0.167,novel,7.162
CHEMBL291105,CCOC(=O)Nc1cc2c(c(N)n1)N=C(c1ccccc1)C(C)S2,-7.35,342.4,3.85,89.6,2,6,3,3.26,0.884,0,1.85,0.362,FLUPIRTINE,0.155,novel,7.161
CHEMBL50343,OC(CCN1CCN(c2ccccn2)CC1)COc1ccc(F)cc1,-7.02,345.4,2.17,48.8,1,5,7,2.47,0.833,0,2.81,0.324,NAFTOPIDIL,0.123,novel,7.161
CHEMBL9844,CN(CCc1ccc2c(c1)OCO2)CC1CCCc2c(O)cccc21,-7.18,339.4,3.72,41.9,1,4,5,2.88,0.902,0,2.33,0.301,PROTOKYLOL,0.113,novel,7.16
CHEMBL52097,CNC(=O)N1c2ccccc2-n2cnc(-c3noc(C4CC4)n3)c2C1(C)C,-7.04,364.4,3.19,89.1,1,5,2,3.13,0.754,0,2.75,0.217,CRAVACITINIB,0.111,novel,7.16
CHEMBL18779,O=C1c2[nH]cnc2N(CCc2ccc(Cl)cc2)C2=NCCN12,-7.03,315.8,1.94,64.6,1,4,3,2.93,0.941,0,2.77,0.274,PITOLISANT,0.077,novel,7.16
CHEMBL23556,CS(=O)(=O)c1ccc(C2=C(/C=C/c3ccc(F)cc3)C(=O)CC2)cc1,-6.98,356.4,4.06,51.2,0,3,4,2.43,0.83,0,2.91,0.365,ROFECOXIB,0.085,novel,7.16
CHEMBL21152,COc1ccccc1N1CCN(C2CC3CCCCC3CC2O)CC1,-7.1,344.5,3.15,35.9,1,4,3,3.3,0.914,0,2.56,0.387,NAFTOPIDIL,0.087,novel,7.159
CHEMBL6243,Cc1cc(C)c(C(=O)c2ccc(-n3ncc(=O)[nH]c3=O)cc2)c(C)c1,-7.09,335.4,2.08,84.8,1,4,3,2.29,0.743,0,2.59,0.277,AZARIBINE,0.09,novel,7.158
CHEMBL433454,Cc1csc(N2CCc3cc(S(=O)(=O)Nc4ccccc4)ccc32)n1,-7.04,371.5,3.95,62.3,1,5,4,2.21,0.754,0,2.74,0.323,SULFISOMIDINE,0.115,novel,7.158
CHEMBL6463,Cc1ccc(NS(=O)(=O)c2cccc3c(N(C)C)cccc23)nc1,-6.96,341.4,3.41,62.3,1,4,4,2.16,0.79,0,2.98,0.273,SULFAPYRIDINE,0.13,novel,7.157
CHEMBL53222,CC(C)n1cc2c3c(cccc31)C1CC(C(=O)OCCO)CN(C)C1C2,-6.83,356.5,2.72,54.7,1,4,4,3.73,0.856,0,3.33,0.294,METHYSERGIDE,0.148,novel,7.157
CHEMBL277597,CC1=C(C(=O)OCc2ccccc2)C(c2ccccc2)NC(=O)N1,-7.08,322.4,3.06,67.4,2,3,4,2.38,0.85,0,2.6,0.442,BENZYL BENZOATE,0.149,novel,7.156
CHEMBL40087,CC(=O)NC[C@H]1CN(c2ccn(-c3ccc(F)cc3)c2)C(=O)O1,-7.0,317.3,2.08,63.6,1,3,4,2.99,0.939,0,2.84,0.565,LINEZOLID,0.13,novel,7.156
CHEMBL294602,Cc1ccc(C(O)c2ccn(S(=O)(=O)c3ccc(C)cc3)c2)cc1,-6.98,341.4,3.42,59.3,1,3,4,2.76,0.791,0,2.9,0.294,TOLAZAMIDE,0.129,novel,7.156
CHEMBL418101,CCCn1c(=O)c2nc(C34CC5CC(CC(C5)C3)C4)[nH]c2n(CCC)c1=O,-6.92,370.5,3.17,72.7,1,3,5,4.1,0.878,0,3.07,0.217,ADAPALENE,0.092,novel,7.156
CHEMBL291250,NC(=O)c1cn(-c2ccc(F)cc2)c2cc(Cl)ccc2c1=O,-6.91,316.7,2.88,65.1,1,2,2,2.08,0.79,0,3.1,0.357,SERTINDOLE,0.099,novel,7.155
CHEMBL290076,CCCn1c(=O)c2nc(-c3ccc(F)cc3F)[nH]c2n(CCC)c1=O,-6.84,348.4,2.65,72.7,1,3,5,2.59,0.77,0,3.3,0.25,DIFLUNISAL,0.111,novel,7.155
CHEMBL34889,O=C(NC1=NCCS1)c1cnc2c(C(F)(F)F)cccc2c1O,-7.03,341.3,2.79,74.6,2,5,1,2.78,0.836,0,2.77,0.273,LEFLUNOMIDE,0.16,novel,7.154
CHEMBL280525,CCOc1nc2c(n1Cc1ccc(O)cc1)C(=O)N(CC)C1=N[C@@H]3CCC[C@@H]3N12,-7.01,395.5,2.61,83.2,1,6,5,3.76,0.841,0,2.82,0.279,CANDESARTAN CILEXETIL,0.109,novel,7.154
CHEMBL49388,CCNC(=O)N1Cc2c(-c3noc(C4CC4)n3)ncn2-c2ccccc21,-6.98,350.4,2.85,89.1,1,5,3,2.78,0.784,0,2.89,0.241,FLUMAZENIL,0.136,novel,7.154
CHEMBL30769,C[C@@H]1C(=O)c2c(O)cc(O)cc2O[C@@H]1c1ccc(OCCN2CCCCC2)cc1,-7.34,397.5,3.92,79.2,2,6,5,3.2,0.796,0,1.87,0.411,LASOFOXIFENE,0.113,novel,7.153
CHEMBL10198,Cc1cc(C)c(C(=O)OCc2cc(=O)c(OC(=O)C(C)(C)C)co2)c(C)c1,-7.0,372.4,3.87,82.8,0,6,4,2.57,0.758,0,2.84,0.29,DIPIVEFRIN,0.1,novel,7.153
CHEMBL23230,COc1cc2c3c4c(cc5c3n(c2cc1OC)C(=O)CC5)CCNC4,-6.97,336.4,3.04,52.5,1,4,2,2.82,0.781,0,2.92,0.222,TETRABENAZINE,0.051,novel,7.153
CHEMBL57512,Fc1ccc2[nH]cc(CCCN3CCc4ccccc4C3)c2c1,-7.56,308.4,4.3,19.0,1,1,4,2.1,0.761,0,1.24,0.324,INDORAMIN,0.098,novel,7.152
CHEMBL266269,CC[C@@H]1Cc2cc3c(C(F)(F)F)cc(O)nc3cc2N[C@@H]1C,-7.5,310.3,4.34,45.2,2,3,1,3.83,0.823,0,1.4,0.233,MEFLOQUINE,0.111,novel,7.152
CHEMBL45824,CN1C(=O)CCC2(C)C1=CCC1C2CCC2(C)C1CC[C@@H]2O,-7.23,303.4,3.34,40.5,1,2,0,4.13,0.745,0,2.19,0.519,TESTOSTERONE,0.09,novel,7.152
CHEMBL43801,CC(=O)N1CCc2c(sc(NC(=O)C3CC3)c2C(=O)c2ccccc2)C1,-6.87,368.5,3.23,66.5,1,4,4,2.23,0.843,0,3.19,0.291,PRASUGREL,0.146,novel,7.152
CHEMBL289972,O=C(CN1CCCC(/C=C\c2ccccc2)C1)Nc1ccccc1,-7.37,320.4,4.05,32.3,1,2,5,2.42,0.901,0,1.76,0.346,VORINOSTAT,0.191,novel,7.151
CHEMBL34416,C[C@H](NC1=NS(=O)(=O)c2cc(Cl)cnc2N1)C1CCCCC1,-7.08,342.9,2.76,83.5,2,5,2,3.47,0.863,0,2.6,0.226,DIAZOXIDE,0.087,novel,7.15
CHEMBL39663,Cc1c(C(=O)CN2CCOCC2)c(C)n(C)c1C(=O)c1ccc(Cl)cc1,-6.81,374.9,3.04,51.5,0,4,5,2.31,0.755,0,3.38,0.481,MOCLOBEMIDE,0.096,novel,7.15
CHEMBL294881,CCc1nc(C(=O)NC2CC3CCCC(C2)N3C)c2ccccn12,-6.97,326.4,2.64,49.6,1,3,3,3.97,0.943,0,2.92,0.586,GRANISETRON,0.173,novel,7.149
CHEMBL276667,CN(CCc1ccc2c(c1)OCO2)CC1CCCc2c1ccc1c2OCO1,-7.01,367.4,3.74,40.2,0,5,5,3.07,0.805,0,2.8,0.26,PROTOKYLOL,0.089,novel,7.148
CHEMBL60978,COc1ccc(C(O)CN2CCN(c3ccccc3)CC2)cc1OC,-6.96,342.4,2.56,45.2,1,5,6,2.29,0.874,0,2.92,0.441,OXYPERTINE,0.162,novel,7.148
CHEMBL47400,CC(CN1CCOCC1)c1cccc(C(=O)c2ccccc2)c1,-7.15,309.4,3.35,29.5,0,3,5,2.4,0.793,0,2.39,0.511,KETOPROFEN,0.194,novel,7.146
CHEMBL26980,CN1CC=C(c2c[nH]c3ccc(NS(C)(=O)=O)cc23)CC1,-7.13,305.4,2.26,65.2,2,3,3,2.52,0.914,0,2.45,0.329,NARATRIPTAN HYDROCHLORIDE,0.071,novel,7.146
CHEMBL430568,CCNC[C@@H]1CCC(c2c(F)cc3c(=O)c(C(=O)O)cn(CC)c3c2F)C1,-7.13,378.4,3.49,71.3,2,3,6,3.48,0.807,0,2.45,0.5,LOMEFLOXACIN,0.136,novel,7.146
CHEMBL28737,CC(=O)c1cc2c(s1)[C@@H](NC(=O)c1ccccc1F)[C@H](O)C(C)(C)O2,-7.03,363.4,3.09,75.6,2,5,3,3.44,0.822,0,2.72,0.247,OXACILLIN,0.146,novel,7.144
CHEMBL290507,C/C=C(\c1ccccc1)c1ccc2nc(N)n(S(=O)(=O)C(C)C)c2c1,-7.03,355.5,3.66,78.0,1,4,4,2.58,0.775,0,2.74,0.255,AMPHETAMINE SULFATE,0.171,novel,7.144
CHEMBL268770,O=c1oc2c(F)c(F)ccc2c2cc(O)c(O)cc12,-7.22,264.2,2.64,70.7,2,4,0,2.5,0.372,0,2.17,0.239,DICUMAROL,0.101,novel,7.143
CHEMBL285459,CC[C@@H]1[C@@H](C)C(=O)CC23CCN(CC4CC4)C(Cc4ccc(O)cc42)[C@@H]13,-7.17,353.5,3.92,40.5,1,3,3,4.95,0.895,0,2.32,0.429,LEVALLORPHAN,0.111,novel,7.143
CHEMBL290890,O=S(=O)(Nc1ccc(Cl)cc1)c1ccc2c(c1)CNC(CF)C2,-7.01,354.8,3.12,58.2,2,3,4,2.83,0.886,0,2.77,0.267,CHLORPROPAMIDE,0.084,novel,7.143
CHEMBL35462,COc1ccccc1CNC(=O)c1ccc2c(OC)nccc2n1,-6.93,323.4,2.58,73.3,1,5,5,2.07,0.781,0,3.02,0.318,PICOTAMIDE,0.169,novel,7.143
CHEMBL280661,CC(=O)NC[C@@H]1OC(=O)N2c3ccc(-c4cncnc4)cc3C[C@@H]12,-7.21,324.3,1.53,84.4,1,5,3,3.39,0.925,0,2.19,0.347,LINEZOLID,0.136,novel,7.142
CHEMBL30731,CC(N)C(=O)N1CCN(CCNc2ccnc3cc(Cl)ccc23)CC1,-7.12,361.9,1.79,74.5,2,5,5,2.67,0.849,0,2.47,0.397,CHLOROQUINE PHOSPHATE,0.126,novel,7.142
CHEMBL55978,C=Cc1ccc2c(cc1=O)CC[C@@H]1[C@@H]2CC[C@]2(C)[C@@H](O)CC[C@@H]12,-7.33,310.4,3.91,37.3,1,2,1,4.0,0.854,0,1.86,0.673,ESTRADIOL,0.107,novel,7.141
CHEMBL41516,C(=C\n1ncc2c(N3CCOCC3)ncnc21)\c1ccccc1,-6.9,307.4,2.29,56.1,0,5,3,2.57,0.743,0,3.1,0.234,TIMOLOL MALEATE,0.125,novel,7.141
CHEMBL44041,C[C@H](O)[C@H]1CC[C@H]2[C@@H]3CC[C@H]4C[C@@H](O)CC[C@]4(C)[C@H]3CC[C@]12C,-7.5,320.5,4.39,40.5,2,2,1,4.15,0.752,0,1.36,0.6,BREXANOLONE,0.062,novel,7.14
CHEMBL418515,C[C@@H](NC(=O)C(C#N)C(C)(C)C)[C@@H](Oc1ccccc1C#N)c1ccccc1,-7.26,375.5,4.37,85.9,1,4,6,3.53,0.812,0,2.07,0.259,EPHEDRINE,0.227,novel,7.14
CHEMBL280857,COc1ccccc1-c1ccc(C[C@@H](NC(=O)[C@@]2(C)CCCO2)C(=O)O)cc1,-7.16,383.4,3.04,84.9,2,4,7,2.97,0.768,0,2.36,0.364,NATEGLINIDE,0.169,novel,7.14
CHEMBL36116,O=C(NC1CCCCC1)c1cnc2c(C(F)(F)F)cccc2c1O,-7.21,338.3,4.02,62.2,2,3,2,2.34,0.869,0,2.21,0.338,MEFLOQUINE,0.167,novel,7.138
CHEMBL290875,CN1CCN(CCOc2ccc(-c3cccc(N)n3)c3c2CCC3)CC1,-6.87,352.5,2.45,54.6,1,5,5,2.41,0.896,0,3.16,0.286,EMEDASTINE,0.09,novel,7.138
CHEMBL293819,Cc1ccccc1NC(=O)CCN1CCN(c2ccccn2)CC1,-6.99,324.4,2.54,48.5,1,4,5,1.82,0.918,0,2.82,0.329,DASATINIB ANHYDROUS,0.169,novel,7.137
CHEMBL286286,Cc1cc(-n2ncc(=O)[nH]c2=O)ccc1Sc1ccc(Cl)cc1,-6.85,345.8,3.03,67.8,1,4,3,2.37,0.792,0,3.23,0.234,ZOMEPIRAC,0.066,novel,7.137
CHEMBL285584,CC(=O)C1(O)CCC2C3CCC4=CC(=O)CCC4(C)C3CCC21C,-7.11,330.5,3.84,54.4,1,3,1,4.07,0.795,0,2.46,0.739,METHYLTESTOSTERONE,0.113,novel,7.136
CHEMBL18792,CCc1ccccc1-c1n[nH]c(-c2ccc(OC)c(OC)c2)n1,-7.11,309.4,3.72,60.0,1,4,5,2.09,0.78,0,2.46,0.257,ISTRADEFYLLINE,0.115,novel,7.134
CHEMBL6630,CN(C)c1cccc2c(S(=O)(=O)Nc3ncc(Br)cn3)cccc12,-7.05,407.3,3.26,75.2,1,5,4,2.31,0.719,0,2.63,0.309,SULFAMETER,0.149,novel,7.133
CHEMBL267458,Cc1noc(NS(=O)(=O)c2cccc3c(N(C)C)cccc23)c1C,-6.96,345.4,3.31,75.4,1,5,4,2.36,0.785,0,2.9,0.48,SULFISOXAZOLE,0.129,novel,7.133
CHEMBL274010,CCC(=O)c1ccc2c(c1)oc(=O)n2CCCN1CCCCC1,-6.86,316.4,3.06,55.5,0,4,6,2.24,0.769,0,3.19,0.39,DYCLONINE,0.123,novel,7.133
CHEMBL19039,CN1C2CCCC1CC(OC(=O)c1cc(Cl)cc3[nH]cnc13)C2,-6.98,333.8,3.39,58.2,1,4,2,4.1,0.856,0,2.83,0.45,TROPISETRON,0.097,novel,7.132
CHEMBL284109,CC(=O)[C@H]1CC[C@H]2[C@@H]3CCC4=CC(=O)CC[C@@H]4[C@H]3CC[C@]12C,-7.32,300.4,4.33,34.1,0,2,1,4.08,0.722,0,1.87,0.585,PROGESTERONE,0.113,novel,7.131
CHEMBL295216,CNC(=O)N1Cc2c(-c3noc(C4CC4)n3)ncn2-c2ccccc21,-7.02,336.4,2.46,89.1,1,5,2,2.82,0.776,0,2.72,0.225,CRAVACITINIB,0.115,novel,7.131
CHEMBL10451,CN(CCc1ccc2c(c1)OCO2)CC1CCCc2ccccc21,-7.28,323.4,4.01,21.7,0,3,5,2.69,0.83,0,1.98,0.305,BUTRIPTYLINE,0.105,novel,7.13
CHEMBL298763,O=C(NCN1CCN(c2ccccc2Cl)CC1)c1ccccc1,-7.06,329.8,2.85,35.6,1,3,4,1.85,0.937,0,2.59,0.422,METHENAMINE HIPPURATE,0.171,novel,7.13
CHEMBL14983,CN(C)C(=O)N1Cc2c(C(=O)OC(C)(C)C)ncn2-c2ccccc21,-6.67,342.4,2.83,67.7,0,4,1,2.71,0.748,0,3.71,0.343,FLUMAZENIL,0.123,novel,7.129
CHEMBL61301,Fc1ccc(Cn2c(NC3CCNCC3)nc3ccccc32)cc1,-7.27,324.4,3.39,41.9,2,3,4,2.15,0.773,0,1.98,0.613,ASTEMIZOLE,0.111,novel,7.127
CHEMBL6225,CCNCC1CCN(c2c(F)cc3c(=O)c(C(=O)O)cn(CC4CC4)c3c2F)C1,-7.09,405.4,2.82,74.6,2,4,7,3.19,0.741,0,2.51,0.574,LOMEFLOXACIN,0.133,novel,7.127
CHEMBL31710,c1ccc2c(c1)OC(N1CCCC1)c1cnc(N3CCOCC3)nc1-2,-6.79,338.4,2.47,50.7,0,6,2,3.03,0.838,0,3.36,0.244,DOXAZOSIN,0.107,novel,7.127
CHEMBL54206,O=C(CCCN1CCC(O)(c2ccccc2)CC1)c1ccc(F)cc1,-7.16,341.4,3.77,40.5,1,3,6,2.05,0.813,0,2.29,0.787,HALOPERIDOL,0.176,novel,7.126
CHEMBL31991,O[C@@H](COc1ccccc1)CN1CCC(Oc2ccccc2)CC1,-7.04,327.4,2.97,41.9,1,4,7,2.31,0.849,0,2.64,0.373,NAFTOPIDIL,0.139,novel,7.126
CHEMBL33271,c1ccc(-c2nc(C3OCCCO3)[nH]c2-c2ccccc2)cc1,-7.3,306.4,4.18,47.1,1,3,3,2.19,0.789,0,1.89,0.271,TRIAMTERENE,0.127,novel,7.125
CHEMBL51099,OC(CCOc1ccccc1)CN1CCN(c2ccccc2)CC1,-7.05,326.4,2.64,35.9,1,4,7,2.26,0.848,0,2.61,0.373,NAFTOPIDIL,0.139,novel,7.125
CHEMBL290314,O=C(O)c1cn(-c2ccc(F)cc2)c2cc(N3CCOCC3)c(F)cc2c1=O,-6.86,386.4,2.8,71.8,1,4,3,2.33,0.75,0,3.15,0.545,TEMAFLOXACIN,0.103,novel,7.124
CHEMBL46399,CC1C2Cc3ccc(O)cc3C1(C)CCN2CCc1ccccc1,-7.43,321.5,4.16,23.5,1,2,3,3.91,0.917,0,1.52,0.648,PENTAZOCINE,0.11,novel,7.123
CHEMBL300354,Cc1ccc(C(O)c2ccn(S(=O)(=O)c3ccccc3)c2)cc1,-6.93,327.4,3.12,59.3,1,3,4,2.73,0.801,0,2.94,0.286,EPHEDRINE SULFATE,0.171,novel,7.123
CHEMBL9896,COc1cccc2c1CCC[C@H]2CN(C)CCc1ccc2[nH]cnc2c1,-7.21,349.5,4.17,41.1,1,3,6,3.01,0.726,0,2.16,0.275,VERAPAMIL,0.081,novel,7.121
CHEMBL8693,O=C(O)C1=NN2C(=O)Nc3cc(Cl)c(Cl)cc3C2C1,-7.17,300.1,2.73,82.0,2,3,1,3.37,0.836,0,2.26,0.242,CLORAZEPIC ACID,0.087,novel,7.121
CHEMBL274755,COc1cc([C@@H]2c3cc4c(cc3[C@H]3OC[C@@H]2[C@@H]3CO)OCO4)cc(OC)c1OC,-6.95,400.4,2.88,75.6,1,7,5,4.54,0.827,0,2.9,0.533,PODOFILOX,0.105,novel,7.121
CHEMBL266239,CCNc1cccnc1N1CCN(C(=O)c2c[nH]c3ccccc23)CC1,-6.93,349.4,2.96,64.3,2,4,4,2.19,0.76,0,2.94,0.388,DELAVIRDINE,0.141,novel,7.121
CHEMBL45757,CC(C)(C)c1cnc(CSc2cnc(NC(=O)CC3CCNCC3)s2)o1,-7.33,394.6,4.05,80.0,2,7,6,2.93,0.72,0,1.8,0.227,TIROFIBAN,0.111,novel,7.12
CHEMBL286573,COc1cc2c(cc1OC(C)C)[C@@H]1C[C@@]3(CCN1CC2)CNC(=O)O3,-6.79,346.4,2.65,60.0,1,5,3,4.05,0.912,0,3.34,0.448,TETRABENAZINE,0.101,novel,7.12
CHEMBL26023,CC(C)(C)n1cc(C(=O)O)c(=O)c2cc(F)c(N3CC4CCC3CN4)cc21,-6.99,373.4,2.53,74.6,2,4,2,4.34,0.846,0,2.77,0.478,CIPROFLOXACIN,0.112,novel,7.119
CHEMBL297194,CC(=O)Nc1sc2c(c1C(=O)c1ccccc1Cl)CCN(C(C)=O)C2,-6.92,376.9,3.5,66.5,1,4,3,2.3,0.834,0,2.97,0.296,CLOPIDOGREL,0.134,novel,7.118
CHEMBL279516,O=C(NC1CCN(CCc2c[nH]c3ccccc23)CC1)c1ccccc1,-7.68,347.5,3.6,48.1,2,2,5,1.91,0.741,0,2.21,1.0,INDORAMIN,0.167,likely-known-drug-chemistry,7.117
CHEMBL34759,C[C@H](NC1=NS(=O)(=O)c2cc(Cl)cnc2N1)c1ccccc1,-7.08,336.8,2.56,83.5,2,5,2,3.19,0.88,0,2.5,0.339,MAVACAMTEN,0.169,novel,7.117
CHEMBL54691,OC(CCC(c1ccc(F)cn1)N1CCNCC1)c1ccc(F)cc1,-7.03,347.4,2.82,48.4,2,4,6,3.27,0.844,0,2.65,0.288,EZETIMIBE,0.114,novel,7.117
CHEMBL32176,CCc1ccc(S(=O)(=O)N2CCCCC2C(=O)NCCc2ccccc2)cc1,-6.92,400.5,3.15,66.5,1,3,7,2.36,0.776,0,2.95,0.365,GLIPIZIDE,0.16,novel,7.117
CHEMBL282455,CCCCN1CC2(CCN(CC(O)COc3ccccc3OC)CC2)OC1=O,-6.89,392.5,2.52,71.5,1,6,9,3.35,0.696,0,3.06,0.444,RANOLAZINE,0.174,novel,7.117
CHEMBL30692,CC[C@H]1NC(=O)O[C@]12CCN1CCc3cc(OC)c(OC)cc3[C@@H]1C2,-6.79,346.4,2.65,60.0,1,5,3,4.31,0.912,0,3.34,0.429,EMETINE,0.093,novel,7.117
CHEMBL52740,O=C(O)c1cc2ccccc2cc1C(=O)NCC12CC3CC(CC(C3)C1)C2,-7.2,363.5,4.48,66.4,2,2,4,3.44,0.841,0,2.15,0.306,ADAPALENE,0.188,novel,7.116
CHEMBL295214,CCN(CC)CC1CCCN(CC(=O)N2c3ccccc3C(=O)Nc3cccnc32)C1,-7.05,421.5,3.37,68.8,1,5,6,3.07,0.775,0,2.58,0.632,PIRENZEPINE,0.137,novel,7.116
CHEMBL59046,CN(C)CC(O)COc1ccc2c(=O)cc(-c3ccccc3)oc2c1,-6.79,339.4,2.76,62.9,1,5,6,2.61,0.748,0,3.33,0.333,CROMOLYN,0.167,novel,7.116
CHEMBL20657,OC1CCCCC1N1CCC(O)(c2ccc(Cl)cc2)CC1,-7.21,309.8,2.93,43.7,2,3,2,3.03,0.883,0,2.14,0.375,HALOPERIDOL,0.075,novel,7.115
CHEMBL9649,c1cc(Sc2ccc3c(c2)OCCO3)ccc1NC1=NCCN1,-7.07,327.4,2.98,54.9,2,6,3,2.52,0.908,0,2.52,0.367,CLONIDINE,0.085,novel,7.115
CHEMBL58200,O=C(OCn1ccc(=O)[nH]c1=O)c1c(Cl)cc(C(F)(F)F)cc1Cl,-6.9,383.1,2.68,81.2,1,4,3,2.61,0.827,0,3.02,0.288,URIDINE TRIACETATE,0.128,novel,7.115
CHEMBL18829,CC(C)(/N=c1\c(O)c(O)\c1=N/c1ccc(C#N)cc1)c1ccccc1,-7.15,331.4,2.91,89.0,2,5,3,3.07,0.773,0,2.29,0.226,LETROZOLE,0.123,novel,7.114
CHEMBL42968,Nc1cccc(-c2ccc(OCCN3CCCC3)c3c2CCCC3)n1,-7.06,337.5,3.68,51.4,1,4,5,2.35,0.904,0,2.55,0.286,PACRITINIB,0.093,novel,7.114
CHEMBL25816,Cc1onc(NS(=O)(=O)c2cccc3c(N(C)C)cccc23)c1C,-6.94,345.4,3.31,75.4,1,5,4,2.4,0.785,0,2.9,0.311,SPARSENTAN,0.145,novel,7.114
CHEMBL54338,O=C(OCC1CC1)c1ncn2c1C1CCN1C(=O)c1c(Cl)cccc1-2,-6.62,357.8,2.99,64.4,0,4,3,3.22,0.792,0,3.81,0.287,FLUMAZENIL,0.108,novel,7.114
CHEMBL33790,C[C@@H]1[C@@H](C)C(=O)CC23CCN(CC4CC4)C(Cc4ccc(O)cc42)[C@@H]13,-7.11,339.5,3.53,40.5,1,3,2,4.85,0.896,0,2.41,0.448,LEVALLORPHAN,0.104,novel,7.113
CHEMBL275411,CCN1CCN(c2cc3c(cc2F)c(=O)c(C(=O)O)cn3C(C)C)CC1,-6.73,361.4,2.56,65.8,1,4,4,2.4,0.907,0,3.49,0.593,NORFLOXACIN,0.133,novel,7.113
CHEMBL54152,CN1CCN(C(=O)C23CC(c4ccccc42)c2ccccc23)CC1,-7.03,318.4,2.6,23.6,0,2,1,3.2,0.807,0,2.65,0.32,CYCLIZINE LACTATE,0.125,novel,7.112
CHEMBL14526,COc1ccc(-c2cc(O)c3cc4c(cc3n2)OCO4)c(OC)c1,-6.97,325.3,3.35,70.0,1,6,3,2.32,0.796,0,2.81,0.309,BERBERINE,0.095,novel,7.112
CHEMBL424214,CN1CCN(C(=O)C2=C/C(=C\c3ccncc3)c3ccccc32)CC1,-6.88,331.4,2.79,36.4,0,3,2,2.5,0.849,0,3.05,0.308,AZATADINE MALEATE,0.127,novel,7.112
CHEMBL15541,CCNCC1CCN(c2c(F)cc3c(=O)c(C(=O)O)cn4c3c2OCC4C)C1,-7.16,389.4,2.23,83.8,2,5,5,3.52,0.816,0,2.25,0.672,OFLOXACIN,0.138,novel,7.111
CHEMBL7637,CCCC(=O)Nc1ccc(S(=O)(=O)c2cccc(OC)c2)cc1,-6.95,333.4,3.27,72.5,1,4,6,1.78,0.88,0,2.87,0.339,AGOMELATINE,0.192,novel,7.111
CHEMBL43320,CCCOc1ccccc1-c1nc2c(c(C)nn2CC(F)(F)F)c(=O)[nH]1,-6.92,366.3,3.45,72.8,1,4,5,2.6,0.751,0,2.95,0.27,SILDENAFIL,0.153,novel,7.111
CHEMBL8815,CN1CC=C(c2c(O)cc(O)c3c(=O)cc(C4CCCCC4)oc23)CC1,-7.16,355.4,3.97,73.9,2,5,2,3.01,0.853,0,2.25,0.283,CICLOPIROX,0.096,novel,7.109
CHEMBL287029,CC(C)(C)CNC1=NC(=O)C2(CC(C)(C)Oc3ccccc32)N1,-7.02,315.4,2.56,62.7,2,4,1,4.07,0.836,0,2.67,0.238,PHENOBARBITAL SODIUM,0.123,novel,7.109
CHEMBL22157,CC(=O)Nc1nc2ccnc(-c3cccc(C(F)(F)F)c3)n2n1,-6.88,321.3,2.77,72.2,1,4,2,2.44,0.788,0,3.05,0.315,NILOTINIB,0.148,novel,7.109
CHEMBL6230,O=c1cnn(-c2ccc(C(O)c3ccc(Cl)cc3)c(Cl)c2)c(=O)[nH]1,-7.1,364.2,2.31,88.0,2,4,3,2.81,0.747,0,2.43,0.25,RESMETIROM,0.099,novel,7.108
CHEMBL22921,COc1ccc2cc(C(C)C(=O)N[C@H](C(=O)O)C(C)C)ccc2c1,-7.1,329.4,3.18,75.6,2,3,6,2.72,0.853,0,2.42,0.675,NAPROXEN,0.183,novel,7.107
CHEMBL296394,COC(=O)C1C(c2ccc(-c3ccc(OC)cc3)cc2)CC2CCC1N2C,-7.04,365.5,4.1,38.8,0,4,4,3.9,0.765,0,2.59,0.517,IOFLUPANE,0.135,novel,7.107
CHEMBL27222,COc1ccc([C@]2(C#N)C[C@H]3C[C@H](C(=O)O)C[C@H]3C2)cc1OC1CCCC1,-7.14,369.5,4.3,79.5,1,4,5,3.9,0.837,0,2.3,0.278,ADAPALENE,0.092,novel,7.106
CHEMBL37196,NC(=O)CCN1CCN(CCOC(c2ccccc2)c2ccccc2)CC1,-6.84,367.5,2.29,58.8,1,4,9,2.08,0.739,0,3.17,0.426,CETIRIZINE,0.227,novel,7.106
CHEMBL10637,c1cc(CN2CCC(C3=NCCN3)CC2)ccc1CN1CCC(C2=NCCN2)CC1,-7.17,408.6,2.11,55.3,2,6,6,2.9,0.757,0,2.21,0.381,PLERIXAFOR,0.077,novel,7.105
CHEMBL295099,CN(C)CCC1CCN(CC(=O)N2c3ccccc3NC(=O)c3ccccc32)CC1,-7.08,406.5,3.58,55.9,1,4,5,2.43,0.825,0,2.49,0.515,PIRENZEPINE,0.141,novel,7.105
CHEMBL28014,Cc1cc2c(c(CCC(=O)O)c1C)CCC(NS(=O)(=O)c1ccc(Cl)cc1)C2,-7.38,421.9,3.81,83.5,2,3,6,2.9,0.742,0,1.61,0.39,RAMATROBAN,0.138,novel,7.104
CHEMBL8069,COc1ccc(Cl)c(C2(F)C(=O)Nc3c(C#N)cccc32)c1,-6.98,316.7,3.39,62.1,1,3,2,3.22,0.923,0,2.76,0.25,OXYPHENISATIN ACETATE,0.083,novel,7.104
CHEMBL287467,C[C@@H](NC(=O)N1C(=O)CC1SCc1ccccn1)c1ccccc1,-6.89,341.4,3.34,62.3,1,4,5,3.23,0.847,0,3.02,0.29,CYCLIZINE LACTATE,0.203,novel,7.104
CHEMBL41283,Cc1nn(C)c(NC(=O)CN2CCCCC2)c1C(=O)c1ccccc1F,-6.74,358.4,2.52,67.2,1,4,5,2.26,0.834,0,3.44,0.289,RANOLAZINE,0.159,novel,7.104
CHEMBL275377,CCC1(CC)C(=O)Nc2cc3[nH]c(-c4ccncc4)nc3cc21,-7.22,306.4,3.63,70.7,2,3,3,2.8,0.776,0,2.07,0.283,BARBITAL,0.096,novel,7.103
CHEMBL294232,CN1C2CCCC1CC(NC(=O)c1cn(C)c3ccccc13)C2,-7.1,311.4,2.92,37.3,1,2,2,3.65,0.926,0,2.42,0.635,GRANISETRON,0.159,novel,7.103
CHEMBL6329,Cc1cc(-n2ncc(=O)[nH]c2=O)ccc1C(=O)c1ccccc1Cl,-7.01,341.8,2.11,84.8,1,4,3,2.26,0.739,0,2.67,0.254,MECLOFENAMIC ACID,0.11,novel,7.103
CHEMBL293810,CNC1=Nc2ccc(N(C)Cc3ccnnc3)c3c(C)ccc1c23,-7.0,317.4,3.19,53.4,1,5,3,3.09,0.806,0,2.68,0.188,TRIPELENNAMINE,0.071,novel,7.103
CHEMBL46697,O=C(c1ccc(Cl)c(Cl)c1)N1CCC(CNCc2ccccn2)CC1,-7.15,378.3,4.03,45.2,1,3,5,2.06,0.855,0,2.25,0.325,MITAPIVAT,0.119,novel,7.101
CHEMBL299595,CN([C@H]1CCN2CCc3c(oc4ccccc34)[C@H]2C1)S(=O)(=O)CCO,-6.95,364.5,1.75,74.0,1,5,4,3.63,0.895,0,2.83,0.243,BENZARONE,0.167,novel,7.101
CHEMBL283908,CCCn1c(=O)c2nc(/C=C/c3ccccc3)[nH]c2n(CCC)c1=O,-6.84,338.4,2.88,72.7,1,3,6,2.65,0.751,0,3.13,0.29,ISTRADEFYLLINE,0.159,novel,7.101
CHEMBL301180,CCc1cccc2c1C(=O)N1CCCC1c1c(C(=O)OC(C)(C)C)ncn1-2,-6.76,367.4,3.68,64.4,0,4,2,3.21,0.76,0,3.37,0.284,FLUMAZENIL,0.122,novel,7.101
CHEMBL50872,OCCNc1cc(N2CCc3ccccc3C2)nc2ccccc12,-7.17,319.4,3.2,48.4,2,4,4,2.18,0.775,0,2.18,0.296,DEBRISOQUIN,0.171,novel,7.099
CHEMBL38041,CC(C)n1c(=O)n(C(=O)CC2CC3CCC(C2)N3C)c2ccccc21,-6.85,341.5,3.29,47.2,0,3,3,4.06,0.861,0,3.11,0.356,ATROPINE,0.143,novel,7.099
CHEMBL40869,O=C(CN1CCOCC1)c1c[nH]c(C(=O)c2ccc(Cl)cc2)c1,-6.84,332.8,2.41,62.4,1,4,5,2.24,0.854,0,3.13,0.453,MOCLOBEMIDE,0.096,novel,7.099
CHEMBL18951,Cc1cc(/N=c2\c(O)c(O)\c2=N/[C@H](C)C(C)(C)C)ccc1C#N,-7.16,311.4,2.72,89.0,2,5,2,3.91,0.893,0,2.21,0.25,PINACIDIL ANHYDROUS,0.09,novel,7.098
CHEMBL23847,COc1ccccc1N1CCN(CCNC(=O)C2CC3CCC2C3)CC1,-6.91,357.5,2.37,44.8,1,4,6,3.72,0.849,0,2.95,0.371,NAFTOPIDIL,0.128,novel,7.098
CHEMBL34913,Cc1nc(C2CCCCC2)c(-c2ccc(S(N)(=O)=O)c(F)c2)o1,-7.06,338.4,3.48,86.2,1,4,3,2.6,0.928,0,2.5,0.254,CICLOPIROX,0.071,novel,7.097
CHEMBL17543,Oc1ccc2c(c1)OC[C@@H](N1CCC(O)(c3ccc(F)cc3)CC1)C2,-6.99,343.4,2.82,52.9,2,4,2,3.0,0.88,0,2.71,0.313,HALOPERIDOL,0.078,novel,7.097
CHEMBL268529,Cn1cc(C2=C(c3cn(CCN)c4ccccc34)C(=O)NC2=O)c2ccccc21,-7.03,384.4,2.66,82.0,2,3,4,2.56,0.531,0,2.58,0.269,RAMOSETRON,0.134,novel,7.096
CHEMBL57074,Cc1ccc(C(=O)N2c3ccccc3[C@H](N3CCCC3)[C@@H](O)[C@@H]2C)cc1,-7.03,350.5,3.54,43.8,1,3,2,3.27,0.901,0,2.58,0.319,MOZAVAPTAN,0.113,novel,7.096
CHEMBL54863,O=C(O)C1CCCN(Cc2ccc(CN3CCCC(C(=O)O)C3)cc2)C1,-7.02,360.5,2.28,81.1,2,4,6,2.72,0.81,0,2.6,0.462,TIAGABINE,0.133,novel,7.096
CHEMBL277396,CCCc1cc2nc(N)nn2c(-c2cccc(C(F)(F)F)c2)n1,-6.96,321.3,3.34,69.1,1,4,3,2.56,0.803,0,2.8,0.305,FENFLURAMINE,0.138,novel,7.096
CHEMBL300516,COc1ccc(S(=O)(=O)N(C)C)cc1CN1CCN(Cc2ccccc2)CC1,-6.85,403.5,2.26,53.1,0,5,7,1.95,0.71,0,3.1,0.385,DONEPEZIL,0.125,novel,7.096
CHEMBL27060,CCCN(C1COc2cccc(OC)c2C1)N1C(=O)c2ccccc2S1(=O)=O,-6.8,402.5,2.47,76.2,0,6,5,3.46,0.765,0,3.24,0.237,BENZGALANTAMINE,0.119,novel,7.096
CHEMBL22601,COc1ccccc1N1CCN(CCNC(=O)c2ccc(C)s2)CC1,-6.85,359.5,2.62,44.8,1,5,6,2.0,0.861,0,3.1,0.388,NAFTOPIDIL,0.146,novel,7.094
CHEMBL12778,CC(C)NS(=O)(=O)c1ccc2c(c1)C(n1ccccc1=O)=CC(C)(C)O2,-6.84,374.5,2.6,77.4,1,4,4,2.71,0.892,0,3.14,0.217,MAVACAMTEN,0.106,novel,7.094
CHEMBL53778,COc1c(C(=O)N[C@H]2CCN(C3CCCC3)C2)cc(Br)c2ccccc12,-7.36,417.3,4.36,41.6,1,3,4,2.74,0.804,0,1.64,0.329,GRANISETRON,0.143,novel,7.093
CHEMBL298746,CC(Oc1ccc(Oc2cnc3ccc(F)cc3n2)cc1)C(=O)O,-7.04,328.3,3.41,81.5,1,5,5,2.58,0.773,0,2.55,0.286,NAPROXEN,0.174,novel,7.092
CHEMBL429401,CCn1cc(C2=NCC3(CN4CCC3CC4)O2)c2ccccc21,-7.01,309.4,2.9,29.8,0,3,2,4.53,0.854,0,2.65,0.304,CEVIMELINE,0.12,novel,7.092
CHEMBL37371,Cc1ccc(Sc2cc3c(cc2NS(C)(=O)=O)CCC3=O)nc1,-6.86,348.4,3.04,76.1,1,5,4,2.69,0.919,0,3.06,0.265,ABAMETAPIR,0.082,novel,7.092
CHEMBL58792,COc1ccccc1N1CCN(CCCC(=O)c2ccc(F)cc2)CC1,-6.97,356.4,3.62,32.8,0,4,7,1.84,0.71,0,2.74,0.475,HALOPERIDOL,0.169,novel,7.091
CHEMBL285057,COc1ccc2c3c1OC1C(=O)CCC4(O)C(C2)N(CC2CCC2)CCC314,-6.84,369.5,2.22,59.0,1,5,3,4.99,0.885,0,3.11,0.734,NALTREXONE,0.103,novel,7.091
CHEMBL432072,O=C1c2ccc(O)cc2C23CCCCC2C1N(CC1CCCO1)CC3,-6.96,341.5,3.27,49.8,1,4,2,4.6,0.897,0,2.78,0.448,LEVALLORPHAN,0.104,novel,7.09
CHEMBL288323,c1ccc2c(c1)OC(N1CCCC1)c1cnc(N3CCCC3)nc1-2,-6.93,322.4,3.23,41.5,0,5,2,2.98,0.849,0,2.84,0.256,DOXAZOSIN,0.113,novel,7.09
CHEMBL274454,CCCCC(=O)c1ccc2c(c1)oc(=O)n2CCN1CCCCC1,-6.84,330.4,3.45,55.5,0,4,7,2.24,0.73,0,3.1,0.474,DYCLONINE,0.163,novel,7.09
CHEMBL35808,CCCCN1CCC(COc2nc3ccccc3c3c2CCCN3)CC1,-7.25,353.5,4.48,37.4,1,4,6,2.52,0.831,0,1.94,0.273,PRAMOXINE,0.136,novel,7.089
CHEMBL277666,O=C(O)Cc1nc(-c2cccc(C(F)(F)F)c2)oc1-c1ccco1,-7.13,337.3,4.25,76.5,1,4,4,2.47,0.77,0,2.28,0.274,OXAPROZIN,0.164,novel,7.089
CHEMBL269331,CNc1cccnc1N1CCN(C(=O)c2cc3ccccc3[nH]2)CC1,-6.92,335.4,2.57,64.3,2,4,3,2.24,0.772,0,2.89,0.588,DELAVIRDINE,0.132,novel,7.089
CHEMBL285552,O=C(NCc1ccccc1)C1CCCCN1S(=O)(=O)c1ccccc1,-6.71,358.5,2.55,66.5,1,3,5,2.21,0.893,0,3.47,0.357,MELAGATRAN,0.164,novel,7.088
CHEMBL301931,COc1cccc2c1C(=O)N1CCCC1c1c(C(=O)OC(C)(C)C)ncn1-2,-6.71,369.4,3.13,73.7,0,5,2,3.16,0.761,0,3.48,0.268,FLUMAZENIL,0.098,novel,7.087
CHEMBL278414,Cc1ccc2c(c1)N(C(=O)N1CCNCC1)Cc1c(C(=O)OC(C)(C)C)ncn1-2,-6.94,397.5,2.48,79.7,1,5,1,2.88,0.748,0,2.81,0.355,FLUMAZENIL,0.087,novel,7.084
CHEMBL292413,Cc1ccc(-c2cc(F)c(F)cc2-c2ccc(S(N)(=O)=O)cc2)cn1,-6.91,360.4,3.65,73.1,1,3,3,2.15,0.775,0,2.89,0.46,ETORICOXIB,0.095,novel,7.084
CHEMBL35006,Cc1ccc2oc(-c3cc(NC(=O)CC#N)ccc3Cl)nc2c1,-7.19,325.8,4.31,78.9,1,4,3,2.25,0.778,0,2.09,0.324,BENOXAPROFEN,0.128,novel,7.083
CHEMBL268097,O=C(c1ccc(Cl)cc1Cl)c1ccc(-n2ncc(=O)[nH]c2=O)cc1Cl,-7.01,396.6,3.11,84.8,1,4,3,2.35,0.689,0,2.6,0.254,LORAZEPAM,0.083,novel,7.083
CHEMBL40934,NC(=O)c1cn(C2CC2)c2cc(-c3ccncc3)ccc2c1=O,-6.98,305.3,2.5,78.0,1,3,3,2.26,0.807,0,2.7,0.369,CIPROFLOXACIN,0.11,novel,7.083
CHEMBL37872,CC1CC=C(N(C)c2ccccc2)c2ncc(C(=O)O)c(=O)n21,-6.96,311.3,2.38,75.4,1,4,3,3.32,0.942,0,2.75,0.266,NALIDIXIC ACID,0.137,novel,7.083
CHEMBL47359,Cc1cc(-c2ccc(NS(C)(=O)=O)cc2)n(-c2ccccc2)n1,-6.88,327.4,3.22,64.0,1,3,4,1.94,0.8,0,2.99,0.368,CELECOXIB,0.135,novel,7.082
CHEMBL268174,COc1nc(C)cnc1NS(=O)(=O)c1cccc2c(N(C)C)cccc12,-6.87,372.5,2.81,84.4,1,6,5,2.41,0.741,0,2.99,0.339,SULFALENE,0.137,novel,7.082
CHEMBL265667,Cc1cc(-n2ncc(=O)[nH]c2=O)cc(C)c1C(O)c1ccc(Cl)cc1,-7.07,357.8,2.27,88.0,2,4,3,2.94,0.752,0,2.43,0.274,CARPROFEN,0.113,novel,7.08
CHEMBL7729,CN(c1ncnc2c1ncn2Cc1ccccc1)C1CCCC1,-6.94,307.4,3.25,46.8,0,4,4,2.31,0.742,0,2.81,0.266,MIZOLASTINE,0.11,novel,7.08
CHEMBL283156,CCn1cc(C(=O)O)c(=O)c2cc(F)c(C3=NC(C)(C)CO3)cc21,-6.93,332.3,2.41,80.9,1,4,3,2.78,0.936,0,2.83,0.516,NORFLOXACIN,0.128,novel,7.08
CHEMBL413966,CN1CCC(CC(=O)N2c3ccccc3C(=O)Nc3cccnc32)C1,-6.75,336.4,2.65,65.5,1,4,2,2.96,0.916,0,3.35,0.683,PIRENZEPINE,0.14,novel,7.08
CHEMBL279292,CCN1CCC[C@@H]1CNC(=O)c1cc(Cl)cc2c1OCC(=O)N2C,-6.86,351.8,1.91,61.9,1,4,4,3.01,0.9,0,3.02,0.431,SULPIRIDE,0.133,novel,7.079
CHEMBL7829,Cc1ccc(S(=O)(=O)NC(=O)Nc2ccc(Cl)cc2)cc1,-7.08,324.8,3.16,75.3,2,3,3,1.67,0.91,0,2.4,0.548,CHLORPROPAMIDE,0.113,novel,7.078
CHEMBL418233,C[C@@H](NC1=NS(=O)(=O)c2cc(Cl)cnc2N1)c1ccccc1,-7.04,336.8,2.56,83.5,2,5,2,3.19,0.88,0,2.5,0.339,MAVACAMTEN,0.169,novel,7.078
CHEMBL29523,COc1ccc(C(O)(c2cncnc2)c2ccc(C)c(C)c2)cc1C,-7.01,334.4,3.69,55.2,1,4,4,2.86,0.79,0,2.6,0.25,PICOTAMIDE,0.082,novel,7.078
CHEMBL278701,CN1CCN(CCC(=O)N2c3ccccc3C(=O)Nc3cccnc32)CC1,-6.85,365.4,1.95,68.8,1,5,3,2.42,0.9,0,3.05,0.833,PIRENZEPINE,0.157,novel,7.078
CHEMBL25966,O=c1cnn(-c2ccc(Sc3ccc(Cl)cc3)cc2)c(=O)[nH]1,-6.78,331.8,2.73,67.8,1,4,3,2.24,0.801,0,3.26,0.261,TILUDRONIC ACID,0.075,novel,7.078
CHEMBL287919,CS(=O)(=O)Nc1cc2c(cc1Sc1ccc(F)cc1F)C(=O)CC2,-6.88,369.4,3.62,63.2,1,4,4,2.63,0.894,0,2.96,0.226,TROVAFLOXACIN MESYLATE,0.093,novel,7.076
CHEMBL20402,CC(C)CCn1c(=O)c2nc(-c3ccccc3)[nH]c2n(CC(C)C)c1=O,-6.84,354.5,3.26,72.7,1,3,6,2.5,0.738,0,3.07,0.266,IMIQUIMOD,0.139,novel,7.076
CHEMBL27220,COc1ccc([C@]2(C#N)CC[C@H](C(=O)O)CC2)cc1OC1CCCC1,-7.08,343.4,4.05,79.5,1,4,5,2.59,0.872,0,2.38,0.315,LEVOCABASTINE,0.095,novel,7.075
CHEMBL301888,CN1C2CCC1CC(NC(=O)N1CC3(CC3)c3ccccc31)C2,-7.07,311.4,2.87,35.6,1,2,1,4.42,0.865,0,2.41,0.387,GRANISETRON,0.156,novel,7.075
CHEMBL299081,CC(Oc1ccc(Oc2cnc3ccc(Cl)cc3n2)cc1)C(N)=O,-7.0,343.8,3.33,87.3,1,5,5,2.62,0.767,0,2.61,0.293,CHLORPHENESIN CARBAMATE,0.139,novel,7.074
CHEMBL23828,OC1(c2nc(-c3ccc(F)cc3)c(-c3ccncc3)[nH]2)CCCC1,-7.2,323.4,4.04,61.8,2,3,3,2.58,0.764,0,2.05,0.217,FLORTAUCIPIR F 18,0.085,novel,7.073
CHEMBL287778,Cc1nn(C(=O)c2ccc(NC(=O)NC3CCCCC3)cc2)c(C)c1Br,-7.4,419.3,4.41,76.0,2,3,3,2.23,0.774,0,1.47,0.367,ACETOHEXAMIDE,0.095,novel,7.072
CHEMBL34077,Cc1ccc2oc(-c3cc(NC(=O)CO)ccc3Cl)nc2c1,-7.14,316.7,3.39,75.4,2,4,3,2.12,0.776,0,2.19,0.344,BENOXAPROFEN,0.151,novel,7.072
CHEMBL53938,COc1ccc2c(c1)C(CCCN1CCN(C3=NCCCC3)CC1)CCC2,-7.1,369.6,4.1,28.1,0,4,5,3.06,0.782,0,2.31,0.284,DEXTROMETHORPHAN,0.065,novel,7.072
CHEMBL13374,CN(C)C(=O)c1ccc(N(c2ccccc2)[C@@H]2C[C@H]3CC[C@@H](C2)N3C)cc1,-7.1,363.5,4.15,26.8,0,3,4,3.97,0.816,0,2.31,0.396,HOMATROPINE,0.167,novel,7.071
CHEMBL59079,O=c1cccccc1N1CCN(CC(O)c2ccccc2)CC1,-7.13,310.4,1.9,43.8,1,4,4,2.39,0.937,0,2.23,0.38,ZIPEPROL,0.194,novel,7.07
CHEMBL33091,CC[C@H]1[C@H](C)C(=O)CC23CCN(C)C(Cc4ccc(O)cc42)[C@H]13,-7.07,313.4,3.14,40.5,1,3,1,4.95,0.866,0,2.39,0.517,LEVORPHANOL,0.129,novel,7.07
CHEMBL23649,CS(=O)(=O)c1ccc(C2=C(Oc3ccccc3)C(=O)CC2)cc1,-6.75,328.4,3.24,60.4,0,4,4,2.27,0.864,0,3.31,0.489,ROFECOXIB,0.11,novel,7.068
CHEMBL50036,C[C@@H]1C(=O)N(C(=O)C(C)(C)C)[C@H]2CCN(C(=O)OCc3ccccc3)C12,-6.55,358.4,2.82,66.9,0,4,2,3.45,0.815,0,3.88,0.34,BENZYL BENZOATE,0.16,novel,7.068
CHEMBL21386,CN1CCOc2c(C(=O)NC[C@@H]3CCCN3Cc3ccccc3)cc(Cl)cc21,-7.1,399.9,3.56,44.8,1,4,5,2.82,0.834,0,2.31,0.372,SULPIRIDE,0.144,novel,7.067
CHEMBL268707,c1ccc(-c2ccccc2-c2nnc(C3=NCCN3)s2)cc1,-7.03,306.4,3.22,50.2,1,5,3,2.47,0.808,0,2.49,0.341,TOLAZOLINE,0.125,novel,7.067
CHEMBL6335,O=c1oc2c(Cl)c(Cl)ccc2c2cc(O)c(O)cc12,-7.22,297.1,3.66,70.7,2,4,0,2.48,0.377,0,1.97,0.244,CHLOROXINE,0.097,novel,7.066
CHEMBL19922,CC(/N=c1\c(O)c(O)\c1=N/CCc1ccc(C#N)cc1)C(C)(C)C,-7.16,325.4,2.32,89.0,2,5,4,3.71,0.904,0,2.14,0.246,METOPROLOL,0.103,novel,7.066
CHEMBL9345,FC(F)(F)COc1ccc(Cc2ccc(NC3=NCCN3)cc2)cc1,-7.14,349.4,3.59,45.6,2,4,5,2.33,0.867,0,2.18,0.353,CLONIDINE,0.101,novel,7.066
CHEMBL39370,C[C@H]1CC(=O)CC23CCN(CC4CCC4)C(Cc4ccc(O)cc42)C13,-7.09,339.5,3.68,40.5,1,3,2,4.64,0.894,0,2.32,0.47,BUTORPHANOL,0.103,novel,7.066
CHEMBL40916,CCOC(=O)Nc1cc2c(c(N)n1)N=C(c1ccccc1)CS2,-7.22,328.4,3.46,89.6,2,6,3,2.72,0.9,0,1.94,0.368,FLUPIRTINE,0.158,novel,7.065
CHEMBL279235,CC(C)c1cccc(C(C)C)c1OC(=O)NS(=O)(=O)N1CCc2ccccc21,-7.18,402.5,4.33,75.7,1,4,5,2.6,0.808,0,2.07,0.324,CLOPIDOGREL BISULFATE,0.138,novel,7.065
CHEMBL286322,C[C@@H](NC(=O)N1C(=O)CC1SCCc1ccccc1)c1ccccc1,-7.04,354.5,3.99,49.4,1,3,6,3.1,0.798,0,2.49,0.319,IMIDAPRIL,0.216,novel,7.065
CHEMBL9112,O=C(c1cccc(C(F)(F)F)c1)c1ccc2n1CCC2C(=O)O,-6.92,323.3,3.31,59.3,1,2,3,2.92,0.882,0,2.8,0.689,KETOROLAC,0.141,novel,7.065
CHEMBL26823,CCN1CC2(CCN(CC(O)COc3ccccc3OC)CC2)OC1=O,-6.9,364.4,1.74,71.5,1,6,7,3.35,0.795,0,2.88,0.471,RANOLAZINE,0.141,novel,7.065
CHEMBL52231,CNc1nc(C(F)(F)F)nc2c1ncn2CCc1ccccc1,-6.92,321.3,3.13,55.6,1,4,4,2.39,0.802,0,2.8,0.27,IMIQUIMOD,0.171,novel,7.064
CHEMBL23913,COc1ccc2c(c1)c1c3c(cc4c1n2C(=O)CC4)CCNC3,-7.05,306.4,3.04,43.3,1,3,1,2.77,0.751,0,2.44,0.26,INDOMETHACIN,0.062,novel,7.063
CHEMBL417763,CNC1=Nc2ccc(N(C)Cc3ccnnc3)c3cccc1c23,-6.95,303.4,2.88,53.4,1,5,3,2.94,0.808,0,2.73,0.21,TRIPELENNAMINE,0.123,novel,7.062
CHEMBL37481,CCc1nc(C2CCCCC2)c(-c2ccc(S(N)(=O)=O)c(F)c2)o1,-7.03,352.4,3.74,86.2,1,4,4,2.64,0.908,0,2.48,0.226,PITAVASTATIN,0.093,novel,7.06
CHEMBL429188,c1cc(NC2=NCCN2)ccc1Cc1ccc(OC2CCCCC2)cc1,-7.29,349.5,4.36,45.7,2,4,5,2.29,0.843,0,1.75,0.346,CLONIDINE,0.067,novel,7.059
CHEMBL15309,Cc1nc2ccccc2c(=O)n1CCNC(=O)C1=CC(C)(C)NC1(C)C,-7.04,354.5,1.91,76.0,2,4,4,2.74,0.879,0,2.47,0.35,METHAQUALONE,0.173,novel,7.059
CHEMBL15210,NCC1CCCN(c2cc3c(cc2F)c(=O)c(C(=O)O)cn3C2CC2)C1,-7.03,359.4,2.35,88.6,2,4,4,2.95,0.875,0,2.48,0.65,CIPROFLOXACIN,0.125,novel,7.059
CHEMBL39499,CC1N=CN(Nc2cccc(Cl)c2)C1c1cccc(C(N)=O)c1,-7.03,328.8,3.24,70.7,2,4,4,3.56,0.905,0,2.49,0.295,BUPROPION,0.107,novel,7.059
CHEMBL15997,COc1cccc(C2CC(=O)c3cc(N4CCCC4)ccc3N2)c1,-7.2,322.4,4.04,41.6,1,4,3,2.74,0.926,0,1.99,0.268,ANISINDIONE,0.078,novel,7.058
CHEMBL41681,Cn1cc(C(=O)CN2CCCCC2)cc1C(=O)c1ccc(Cl)cc1,-6.89,344.8,3.58,42.3,0,3,5,2.2,0.779,0,2.87,0.351,ZOMEPIRAC,0.101,novel,7.058
CHEMBL284015,CN1CCC(O)(c2cc(-c3ccncc3)c(-c3ccc(F)cc3)[nH]2)CC1,-7.12,351.4,3.8,52.1,2,3,3,2.71,0.755,0,2.22,0.275,BLONANSERIN,0.089,novel,7.057
CHEMBL55983,O=C(O)Cc1ccc2c(=O)cc(Cc3ccc(O)cc3)oc2c1,-7.12,310.3,2.72,87.7,2,4,4,2.22,0.773,0,2.23,0.311,FELBINAC,0.152,novel,7.057
CHEMBL15700,O=C1c2ccccc2NS(=O)(=O)N1COCc1ccccc1,-7.0,318.4,1.97,75.7,1,4,4,2.5,0.935,0,2.58,0.277,BENZYL BENZOATE,0.119,novel,7.057
CHEMBL25648,COc1ccccc1OCC(O)CN1CCC2(CC1)CN(C(C)C)C(=O)O2,-6.86,378.5,2.13,71.5,1,6,7,3.41,0.784,0,2.97,0.471,RANOLAZINE,0.128,novel,7.057
CHEMBL440301,CC1C2Cc3ccc(O)cc3[C@]1(C)CCN2CCc1ccccc1,-7.37,321.5,4.16,23.5,1,2,3,3.91,0.917,0,1.52,0.648,PENTAZOCINE,0.11,novel,7.056
CHEMBL54023,CN1CCN(CC23CC(c4ccccc42)c2ccccc23)CC1,-7.09,304.4,3.07,6.5,0,2,2,3.14,0.841,0,2.29,0.367,MAPROTILINE,0.109,novel,7.056
CHEMBL279518,O=S(=O)(NC1c2ccccc2Oc2ccccc21)c1ccccc1,-7.01,337.4,3.86,55.4,1,3,3,2.12,0.789,0,2.54,0.289,SULFABENZAMIDE,0.119,novel,7.056
CHEMBL282680,COc1cccc2c3c4c(cc5c3n(c12)C(=O)CC5)CNCC4,-7.04,306.4,3.04,43.3,1,3,1,2.89,0.751,0,2.44,0.229,NOSCAPINE,0.104,novel,7.055
CHEMBL33715,Cc1ccc(S(=O)(=O)N2CCCC2C(=O)NCCc2ccccc2)cc1,-6.72,372.5,2.51,66.5,1,3,6,2.28,0.847,0,3.35,0.373,ENALAPRILAT ANHYDROUS,0.15,novel,7.054
CHEMBL48157,N#Cc1ccc2c(c1)[C@@]13CCCC[C@H]1[C@@H](C2)N(CC1CCC1)CC3,-7.25,320.5,4.42,27.0,0,2,2,4.21,0.806,0,1.84,0.516,LEVALLORPHAN,0.065,novel,7.053
CHEMBL279850,CN1C2CCCC1CC(NC(=O)c1cccc3[nH]cnc13)C2,-7.08,298.4,2.31,61.0,2,3,2,3.85,0.894,0,2.33,0.483,GRANISETRON,0.136,novel,7.053
CHEMBL56444,CC1(C)Oc2ccc(C#N)cc2[C@H](NCc2ccccc2)[C@H]1O,-6.98,308.4,2.92,65.3,2,4,3,3.06,0.915,0,2.6,0.254,ISOCARBOXAZID,0.125,novel,7.053
CHEMBL295534,Cc1ccc(Cn2c(=O)n(C)c3c(N(C)C)nc(C(F)(F)F)nc32)cc1,-6.61,365.4,2.57,56.0,0,4,3,2.61,0.716,0,3.68,0.25,CELECOXIB,0.123,novel,7.053
CHEMBL285647,O=C(CCCn1c2c(c3ccccc31)C(=O)CN1CCCCC21)NC1CCCC1,-7.11,393.5,4.2,54.3,1,3,5,3.11,0.828,0,2.22,0.286,RAMATROBAN,0.163,novel,7.052
CHEMBL295462,CNC(=O)Oc1ccc2c(c1)c(C)cn2Nc1ccncc1F,-7.01,314.3,3.08,68.2,2,4,3,2.84,0.779,0,2.5,0.288,PHYSOSTIGMINE,0.116,novel,7.051
CHEMBL301202,CN(C)C(=O)N1CCc2cc(S(=O)(=O)Nc3ccccc3)ccc21,-6.75,345.4,2.53,69.7,1,3,3,2.09,0.929,0,3.27,0.367,BELINOSTAT,0.139,novel,7.051
CHEMBL6265,CCNCC1CCN(c2c(F)cc3c(=O)c(C(=O)O)cn(C4CCCC4)c3c2F)C1,-7.2,419.5,3.53,74.6,2,4,6,3.13,0.749,0,1.98,0.542,BESIFLOXACIN,0.144,novel,7.05
CHEMBL9573,COc1ccc(S(=O)(=O)c2ccc(NC3=NCCN3)cc2)cc1,-7.13,331.4,1.9,79.8,2,6,4,2.18,0.894,0,2.17,0.375,CLONIDINE,0.077,novel,7.05
CHEMBL44974,CC(O)(C(=O)Nc1cccc2c1C(=O)c1sccc1CO2)C(F)(F)F,-6.97,371.3,3.12,75.6,2,5,2,3.33,0.851,0,2.63,0.23,TASIMELTEON,0.143,novel,7.05
CHEMBL38845,Nc1cccc(-c2ccc(OCCN3CCCC3)c3ccccc23)n1,-7.06,333.4,3.96,51.4,1,4,5,2.1,0.768,0,2.36,0.306,FLAVOXATE,0.143,novel,7.049
CHEMBL416330,O=C(c1ccc2ccccc2c1)c1ccc2n1CCC2C(=O)O,-6.99,305.3,3.44,59.3,1,2,3,2.75,0.754,0,2.56,0.738,KETOROLAC,0.182,novel,7.049
CHEMBL273872,O=C1c2ccccc2CCCN1CCN1CCC(n2c(O)nc3ccccc32)CC1,-6.95,404.5,3.47,61.6,1,4,4,2.51,0.723,0,2.69,0.308,BENPERIDOL,0.111,novel,7.049
CHEMBL276871,CC(C)(C)NC(=O)[C@H]1CC[C@H]2[C@@H]3CCC4=CC(=O)CCN4[C@H]3CC[C@]12C,-6.94,358.5,3.66,49.4,1,3,1,4.28,0.778,0,2.71,0.471,FINASTERIDE,0.105,novel,7.049
CHEMBL268071,FC(F)(F)c1nnc2c(NC3CCCC3)nc3ccccc3n12,-7.01,321.3,3.65,55.1,1,4,2,2.47,0.783,0,2.5,0.273,ASTEMIZOLE,0.128,novel,7.048
CHEMBL34716,Cc1ccc(S(=O)(=O)NC2CCCc3cc(C)cnc32)cc1,-6.88,316.4,3.05,59.1,1,3,3,2.73,0.947,0,2.88,0.345,GLICLAZIDE,0.074,novel,7.048
CHEMBL418560,CCCCN1CCC[C@H]1CNC(=O)c1cc(Cl)cc2c1OCC(=O)N2C,-6.72,379.9,2.69,61.9,1,4,6,3.01,0.825,0,3.34,0.372,SULPIRIDE,0.144,novel,7.048
CHEMBL298789,C[C@@H]1C(=O)N(C(=O)C(C)(C)C)[C@H]2CCN(C(=O)OCc3ccccc3)[C@H]12,-6.53,358.4,2.82,66.9,0,4,2,3.45,0.815,0,3.88,0.34,BENZYL BENZOATE,0.16,novel,7.048
CHEMBL20538,O=S1(=O)CCC(NC2c3ccccc3Oc3ccccc32)C1,-6.85,315.4,2.66,55.4,1,4,2,2.91,0.926,0,2.96,0.308,ASENAPINE,0.096,novel,7.047
CHEMBL34840,CC[C@@H](NC(=O)N1C(=O)[C@@H](C)[C@@H]1SCc1ccccn1)c1ccccc1,-6.93,369.5,3.98,62.3,1,4,6,3.56,0.783,0,2.74,0.271,PHENIRAMINE MALEATE,0.244,novel,7.046
CHEMBL35077,COc1ccc(OC)c(CCNC(=O)C2=Cc3ccncc3CC2)c1,-6.75,338.4,2.79,60.5,1,4,6,2.45,0.88,0,3.25,0.348,AGOMELATINE,0.115,novel,7.046
CHEMBL35337,CCn1cc(C(=O)O)c(=O)c2ccc(Cc3ccccc3)nc21,-6.85,308.3,2.71,72.2,1,3,4,2.14,0.804,0,2.96,0.66,NALIDIXIC ACID,0.189,novel,7.045
CHEMBL13512,COC(=O)c1coc2c(O)c3c(c(C)c12)C=C[C@]1(C)C(=O)CC[C@@H]31,-7.02,326.3,3.71,76.7,1,5,1,4.16,0.808,0,2.47,0.263,METHYL SALICYLATE,0.126,novel,7.043
CHEMBL42912,CN1CCN(c2nc3ccccc3c(-c3ccccc3)c2CO)CC1,-6.99,333.4,3.15,39.6,1,4,3,2.11,0.799,0,2.54,0.323,EMEDASTINE,0.185,novel,7.043
CHEMBL440765,CN(C(=O)Cc1ccccc1)[C@H]1CC[C@@]2(CCCO2)C[C@@H]1N1CCCC1,-6.85,356.5,3.25,32.8,0,3,4,3.92,0.83,0,2.95,0.29,FENTANYL,0.145,novel,7.043
CHEMBL39862,O=C(O)CN1CCN(CCOC(c2ccccc2)c2ccc(F)cc2)CC1,-6.77,372.4,2.63,53.0,1,4,8,2.5,0.772,0,3.18,0.446,CETIRIZINE,0.197,novel,7.042
CHEMBL417637,OC(c1ccc(F)cc1)C1CCN(CCc2ccccc2)CC1,-7.31,313.4,3.81,23.5,1,2,5,2.33,0.907,0,1.64,0.444,FENTANYL,0.183,novel,7.041
CHEMBL57595,CN1C2CCCC1CC(NC(=O)c1[nH]nc3ccc(Cl)cc13)C2,-6.93,332.8,2.96,61.0,2,3,2,4.01,0.888,0,2.72,0.468,GRANISETRON,0.119,novel,7.041
CHEMBL296984,NS(=O)(=O)c1ccc(-n2cc(C(F)(F)F)nc2-c2ccccc2)cc1,-6.84,367.4,3.21,78.0,1,3,3,2.23,0.772,0,2.96,0.444,CELECOXIB,0.135,novel,7.041
CHEMBL27634,CN(CCc1ccccc1)c1ncnc2c(C#N)c3n(c12)CCCC3,-6.75,331.4,3.32,57.7,0,4,4,2.67,0.736,0,3.23,0.239,IPRINDOLE,0.099,novel,7.041
CHEMBL48518,CCC[C@@H]1CC(=O)CC23CCN(C)C(Cc4ccc(OC)cc42)[C@@H]13,-7.03,327.5,3.59,29.5,0,3,3,4.54,0.85,0,2.42,0.533,DEXTROMETHORPHAN,0.105,novel,7.04
CHEMBL278948,COc1cc2c(c(OC)c1OC)OC[C@@H]1[C@H]2c2cc3c(cc2C[C@H]1C)OCO3,-6.84,384.4,3.77,55.4,0,6,3,3.74,0.803,0,2.97,0.422,PODOFILOX,0.047,novel,7.04
CHEMBL300033,NC(=O)c1ccc2c(c1)[C@@]13CCCC[C@H]1[C@@H](C2)N(CC1CC1)CC3,-6.98,324.5,3.25,46.3,1,2,3,4.15,0.927,0,2.56,0.532,LEVALLORPHAN,0.087,novel,7.039
CHEMBL284160,Cc1cc2c(cc1Cl)Nc1ncccc1N(C)S2(=O)=O,-6.84,309.8,2.93,62.3,1,4,0,2.82,0.813,0,2.96,0.3,PIRENZEPINE,0.073,novel,7.038
CHEMBL275597,O=C1c2[nH]cnc2N(Cc2ccc(Cl)c(Cl)c2)C2=NCCN12,-6.73,336.2,2.55,64.6,1,4,2,3.01,0.917,0,3.29,0.239,MUZOLIMINE,0.076,novel,7.038
CHEMBL281800,COc1cc(N2CCCC2)c(Cl)cc1C(=O)NC1CCN(Cc2ccccc2)C1,-7.19,413.9,3.95,44.8,1,4,6,2.55,0.778,0,1.97,0.384,CISAPRIDE,0.148,novel,7.036
CHEMBL44136,CCN1CCc2c(sc(NC(=O)C(C)C)c2C(=O)c2ccc3c(c2)OCO3)C1,-6.96,400.5,3.68,67.9,1,6,5,2.5,0.776,0,2.62,0.278,FIPEXIDE,0.135,novel,7.036
CHEMBL38394,O=C(O)c1cn(-c2ccccc2)c2cc(N3CCNCC3)c(F)cc2c1=O,-6.94,367.4,2.24,74.6,2,4,3,2.35,0.743,0,2.66,0.661,CIPROFLOXACIN,0.133,novel,7.036
CHEMBL26141,CC(C)(C)n1cc(C(=O)O)c(=O)c2cc(F)c(N3CC4CC3CN4)cc21,-6.94,359.4,2.14,74.6,2,4,2,4.35,0.859,0,2.67,0.441,CIPROFLOXACIN,0.114,novel,7.036
CHEMBL7501,COc1c2c(cc3c(-c4ccccc4F)noc13)CC(C(=O)O)O2,-6.91,329.3,3.03,81.8,1,5,3,3.16,0.795,0,2.76,0.309,ATALUREN,0.128,novel,7.036
CHEMBL45876,Oc1nc(CC(c2ccccc2)N2CCOCC2)nc2ccc(Cl)cc12,-6.87,369.9,3.6,58.5,1,5,4,2.85,0.761,0,2.87,0.302,MOCLOBEMIDE,0.164,novel,7.036
CHEMBL301316,CN1CCC(C(=O)Nc2ncc(SCc3ncc(C(C)(C)C)o3)s2)CC1,-7.03,394.6,4.0,71.3,1,7,5,2.77,0.773,0,2.42,0.273,LASMIDITAN,0.103,novel,7.035
CHEMBL9359,O=C(c1ccc(C(F)(F)F)cc1)c1ccc2n1CCC2C(=O)O,-6.89,323.3,3.31,59.3,1,2,3,2.87,0.882,0,2.8,0.714,KETOROLAC,0.133,novel,7.035
CHEMBL25808,CN1CCN(c2nc3c(cc2F)c(=O)c(C(=O)O)cn3C(C)(C)C)CC1,-6.92,362.4,1.74,78.7,1,5,2,2.61,0.877,0,2.74,0.557,ENOXACIN,0.107,novel,7.034
CHEMBL279590,O=C(c1ccccc1)c1c[nH]c2nncc-2c1OC1CCCCC1,-6.98,321.4,3.85,67.9,1,4,4,2.73,0.741,0,2.55,0.302,HEXYLCAINE,0.12,novel,7.033
CHEMBL266315,CN(C)c1cccc2c(S(=O)(=O)Nc3ccc(Cl)cn3)cccc12,-6.85,361.9,3.76,62.3,1,4,4,2.17,0.768,0,2.93,0.288,BETRIXABAN,0.129,novel,7.033
CHEMBL42495,N[C@@H](C(=O)N1CCC[C@H]1C(=O)NCc1cc(Cl)ccc1Cl)C1CCCCC1,-7.16,412.4,3.51,75.4,2,3,5,3.01,0.777,0,2.04,0.395,MELAGATRAN,0.115,novel,7.031
CHEMBL55392,C[C@H]1C2Cc3ccc(N4CCN(C)CC4)cc3[C@@]1(C)CCN2CC1CC1,-6.97,353.6,3.37,9.7,0,3,3,4.14,0.825,0,2.57,0.475,PENTAZOCINE,0.077,novel,7.031
CHEMBL435949,COc1ccccc1N1CCN(Cc2c[nH]c3ncccc23)CC1,-6.93,322.4,2.89,44.4,1,4,4,2.06,0.802,0,2.69,0.444,NAFTOPIDIL,0.105,novel,7.031
CHEMBL288710,CC(=O)NC[C@H]1CN(c2ccn(-c3cccc(F)c3)c2)C(=O)O1,-6.88,317.3,2.08,63.6,1,3,4,3.05,0.939,0,2.84,0.53,LINEZOLID,0.136,novel,7.031
CHEMBL25013,Cc1[nH]c2cccc3c2c1C[C@@H]1C3C[C@H](NC(=O)C(C)(C)C)CN1C,-7.07,339.5,3.35,48.1,2,2,1,3.7,0.837,0,2.28,0.321,PERGOLIDE MESYLATE,0.128,novel,7.029
CHEMBL28345,Cc1ncc2n1CCC=C2c1ccc(NS(C)(=O)=O)cc1,-6.86,303.4,2.4,64.0,1,3,3,2.7,0.947,0,2.9,0.281,SOTALOL,0.074,novel,7.029
CHEMBL12791,COc1ccc2c(c1)CN(C)c1cc(CC(=O)O)ccc1C2=O,-6.82,311.3,2.5,66.8,1,4,3,2.25,0.943,0,3.01,0.327,NABUMETONE,0.113,novel,7.029
CHEMBL6433,CN(C)c1cccc2c(S(=O)(=O)Nc3ncc(Cl)cn3)cccc12,-6.79,362.8,3.15,75.2,1,5,4,2.29,0.771,0,3.1,0.309,SULFAMETER,0.149,novel,7.029
CHEMBL295255,CC(=O)[C@H]1CCC2C3CCC4NC(=O)CCC4(C)C3CCC21C,-7.09,317.5,3.71,46.2,1,2,1,4.18,0.801,0,2.23,0.52,BREXANOLONE,0.104,novel,7.028
CHEMBL19200,CC(/N=c1\c(O)c(O)\c1=N/c1ccc(-c2ccccc2)cc1)C(C)(C)C,-7.08,348.4,4.21,65.2,2,4,3,3.35,0.745,0,2.25,0.256,FELBINAC,0.145,novel,7.028
CHEMBL22468,CN1CCOc2c(C(=O)NC[C@H]3CCCN3Cc3ccccc3)cc(Cl)cc21,-7.06,399.9,3.56,44.8,1,4,5,2.82,0.834,0,2.31,0.372,SULPIRIDE,0.144,novel,7.027
CHEMBL28748,CCn1cc(C(=O)O)c(=O)c2cc(F)c(N3CCC(N(C)C)CC3)cc21,-6.68,361.4,2.39,65.8,1,4,4,2.46,0.906,0,3.4,0.714,NORFLOXACIN,0.129,novel,7.027
CHEMBL289442,CS(=O)(=O)Nc1ccc(OCC(O)CN2CCC(c3ccccc3)CC2)cc1,-7.0,404.5,2.68,78.9,2,5,8,2.5,0.707,0,2.48,0.344,DOFETILIDE,0.159,novel,7.026
CHEMBL11342,CCn1c(=O)c2nc(-c3ccc(Br)cc3)[nH]c2n(CC)c1=O,-6.74,363.2,2.36,72.7,1,3,3,2.51,0.777,0,3.21,0.269,ISTRADEFYLLINE,0.091,novel,7.026
CHEMBL286291,COc1ccc(C2CCN(C(=O)c3cccn3C)C2)cc1OC1CCCC1,-6.91,368.5,3.98,43.7,0,3,5,2.78,0.802,0,2.74,0.276,VERNAKALANT,0.102,novel,7.025
CHEMBL266277,CN(C)c1cccc2c(S(=O)(=O)Nc3ccc(Br)nc3)cccc12,-7.0,406.3,3.86,62.3,1,4,4,2.27,0.669,0,2.47,0.25,MITAPIVAT,0.129,novel,7.024
CHEMBL267296,COc1c2c(cc(O)c1-c1ccc(-c3ccccc3)cc1)OCO2,-7.21,320.3,4.46,47.9,1,4,3,2.09,0.774,0,1.88,0.333,NOSCAPINE,0.122,novel,7.023
CHEMBL6830,Cc1ccc(Sc2cncc3sc(C(N)=O)cc23)c(C)c1,-7.1,314.4,4.16,56.0,1,4,3,2.62,0.789,0,2.17,0.3,VORTIOXETINE,0.111,novel,7.023
CHEMBL265589,CC1=NN(C(=O)NC2CCCCC2)C(C)=NN1C(=O)NC1CCCCC1,-7.07,362.5,3.36,89.4,2,4,2,3.08,0.789,0,2.27,0.333,ACETOHEXAMIDE,0.093,novel,7.023
CHEMBL39238,Cn1cc(C(=O)c2ccc(Cl)cc2)cc1C(=O)CN1CCCCC1,-6.86,344.8,3.58,42.3,0,3,5,2.2,0.779,0,2.87,0.362,DYCLONINE HYDROCHLORIDE,0.101,novel,7.022
CHEMBL6762,Cc1ccc(Sc2cncc3sc(C(=O)NCCCN4CCOCC4)cc23)cc1,-7.19,427.6,4.21,54.5,1,6,7,2.54,0.573,0,1.91,0.343,MOCLOBEMIDE,0.117,novel,7.021
CHEMBL441226,CCOC(=O)c1ccc(NC(=O)CCc2ccc(C)cc2)cc1,-7.03,311.4,3.74,55.4,1,3,6,1.55,0.827,0,2.37,0.364,BENZONATATE,0.169,novel,7.021
CHEMBL417077,COc1cccc(C2NC(=O)N(C(C)C)c3cc4c(cc32)OCO4)c1,-6.85,340.4,3.45,60.0,1,4,3,2.97,0.93,0,2.89,0.292,PODOFILOX,0.104,novel,7.021
CHEMBL43599,CCN(CC)CCC1CCN(CC(=O)N2c3ccccc3NC(=O)c3ccccc32)CC1,-7.23,434.6,4.36,55.9,1,4,7,2.5,0.704,0,1.8,0.5,PIRENZEPINE,0.138,novel,7.02
CHEMBL6208,COc1cc2nc(N3CCN(/C(S)=N/C4CCCCC4)CC3)nc(N)c2cc1OC,-7.21,430.6,2.97,89.1,2,7,4,2.81,0.438,0,1.87,0.585,TERAZOSIN,0.06,novel,7.02
CHEMBL20977,CCC1(CCC(=O)O)Cc2cc(OCc3ccccc3)ccc2C1=O,-6.99,338.4,4.27,63.6,1,3,7,2.77,0.819,0,2.5,0.353,MONOBENZONE,0.177,novel,7.02
CHEMBL10254,O=c1oc(Nc2ccccc2OC(F)(F)F)nc2ccccc12,-6.95,322.2,3.83,64.4,1,5,3,2.22,0.794,0,2.62,0.302,AMSACRINE,0.147,novel,7.02
CHEMBL9207,COc1cc(C2c3cc4c(cc3N=C3COC(=O)N32)OCO4)cc(OC)c1OC,-6.83,398.4,3.03,88.1,0,8,4,3.38,0.782,0,2.95,0.431,PODOFILOX,0.076,novel,7.02
CHEMBL28564,OC(CN1CCC(Cc2ccc(F)cc2)CC1)c1ccc(Cl)cc1,-7.3,347.9,4.47,23.5,1,2,5,2.38,0.862,0,1.58,0.317,EZETIMIBE,0.117,novel,7.019
CHEMBL290089,CC(=O)N1CCc2c(sc(NC(=O)C(C)C)c2C(=O)c2ccccc2)C1,-6.8,370.5,3.48,66.5,1,4,4,2.26,0.838,0,3.04,0.31,TIAPROFENIC ACID,0.165,novel,7.019
CHEMBL6553,CN(C)c1cccc2c(S(=O)(=O)Nc3cnc(Cl)cn3)cccc12,-6.78,362.8,3.15,75.2,1,5,4,2.41,0.771,0,3.1,0.246,SULFAPYRIDINE,0.129,novel,7.019
CHEMBL19491,O=C(c1ccc(F)cc1)C1CCN(CCc2ccccc2)CC1,-7.21,311.4,3.96,20.3,0,2,5,1.7,0.779,0,1.86,0.582,KETANSERIN,0.152,novel,7.018
CHEMBL6226,Cc1cc(-n2ncc(=O)[nH]c2=O)ccc1Cc1ccccc1,-7.0,293.3,1.82,67.8,1,3,3,2.15,0.801,0,2.44,0.25,AZARIBINE,0.115,novel,7.018
CHEMBL26095,Cc1ccccc1NC(=O)c1c(C)n(-c2ccccc2C)c(C)cc1=O,-7.06,346.4,4.32,51.1,1,2,3,2.01,0.768,0,2.27,0.333,PRILOCAINE,0.149,novel,7.017
CHEMBL20903,CC(=O)NC[C@@H]1OC(=O)N2c3ccc(C(C)=O)cc3CC[C@@H]12,-7.06,302.3,1.67,75.7,1,4,3,3.27,0.862,0,2.27,0.347,LINEZOLID,0.13,novel,7.016
CHEMBL45746,CN1C(=O)CCC2(C)C3CCC4(C)C(CC[C@@H]4CN)C3CCC12,-7.01,318.5,3.42,46.3,1,2,1,4.25,0.805,0,2.41,0.311,TESTOSTERONE,0.092,novel,7.015
CHEMBL57852,c1ccc(CCN2CCC(N(c3nc4ccccc4[nH]3)C3CC3)CC2)cc1,-7.13,360.5,4.24,35.2,1,3,6,2.42,0.714,0,2.08,0.431,FENTANYL,0.141,novel,7.014
CHEMBL6275,Cc1cc(C)cc(Sc2cncc3sc(C(N)=O)cc23)c1,-7.09,314.4,4.16,56.0,1,4,3,2.69,0.789,0,2.17,0.25,PYRAZINAMIDE,0.1,novel,7.014
CHEMBL42328,CCn1c(C)c(C(N)=O)c(=O)c2ccc(-c3ccncc3)cc21,-6.9,307.4,2.49,78.0,1,3,3,2.31,0.807,0,2.72,0.29,INAMRINONE LACTATE,0.125,novel,7.013
CHEMBL279698,CCN1CCC[C@H]1CNC(=O)c1cc(Cl)cc2c1OCC(=O)N2C,-6.8,351.8,1.91,61.9,1,4,4,3.01,0.9,0,3.02,0.431,SULPIRIDE,0.133,novel,7.013
CHEMBL37575,COC(=O)C(C)Oc1ccc(N(C)c2ccc(C(F)(F)F)cn2)cc1,-6.79,354.3,3.81,51.7,0,5,5,2.75,0.765,0,3.04,0.286,FLUOXETINE,0.152,novel,7.013
CHEMBL27107,COc1ccc([C@]2(C#N)C[C@H]3C[C@@H](C(=O)O)C[C@H]3C2)cc1OC1CCCC1,-7.05,369.5,4.3,79.5,1,4,5,3.9,0.837,0,2.3,0.278,ADAPALENE,0.092,novel,7.012
CHEMBL295877,CC(=O)N1CCc2c(sc(NC(=O)C3CC3)c2C(=O)c2ccccc2Cl)C1,-6.97,402.9,3.89,66.5,1,4,4,2.33,0.789,0,2.52,0.276,CLOPIDOGREL,0.126,novel,7.012
CHEMBL57059,CCN(CC)C(=O)NC1C=C2c3cccc4[nH]cc(c34)CC2N(C)C1,-6.93,338.5,2.84,51.4,2,2,3,3.68,0.904,0,2.62,0.586,METHYLERGONOVINE,0.136,novel,7.012
CHEMBL34847,O=C(O)c1ccc(C(=O)c2ccc(C(=O)C3CCCCC3)cc2)cc1,-7.04,336.4,4.38,71.4,1,3,5,1.81,0.823,0,2.31,0.286,HEXYLCAINE,0.121,novel,7.01
CHEMBL36325,[2H]C([2H])([2H])/C=C(\c1ccccc1)c1ccc2nc(N)n(S(=O)(=O)C(C)C)c2c1,-6.88,358.5,3.66,78.0,1,4,4,3.49,0.772,0,2.76,0.241,AMPHETAMINE SULFATE,0.164,novel,7.01
CHEMBL40935,CN1CC(=O)C2CCC(OC(=O)c3c[nH]c4ccccc34)C1C2,-6.82,312.4,2.38,62.4,1,4,2,4.25,0.865,0,2.93,0.586,DOLASETRON,0.132,novel,7.01
CHEMBL287503,CCN1C[C@]2(CCN3CCc4cc(OC)c(OC)cc4[C@@H]3C2)OC1=O,-6.62,346.4,2.61,51.2,0,5,3,3.87,0.842,0,3.52,0.431,TETRABENAZINE,0.094,novel,7.01
CHEMBL6235,Cn1cc(C2=C(c3cn(CCCCCN)c4ccccc34)C(=O)NC2=O)c2ccccc21,-7.29,426.5,3.83,82.0,2,3,7,2.58,0.348,0,1.59,0.25,RAMOSETRON,0.127,novel,7.009
CHEMBL20785,CCS(=O)(=O)c1ccc(OC)c(-c2ccc(C(C)N3CCCCC3)[nH]2)c1,-6.92,376.5,4.03,62.4,1,4,6,3.04,0.827,0,2.65,0.289,SULPIRIDE,0.093,novel,7.009
CHEMBL297570,CC(C)(C)c1cnc(CSc2cnc(NC(=O)C3CCCNC3)s2)o1,-7.1,380.5,3.66,80.0,2,7,5,3.34,0.771,0,2.15,0.205,MELOXICAM,0.099,novel,7.008
CHEMBL276596,CN(C)CCNC(=O)c1cccc2c(-c3ccccc3)ccnc12,-6.97,319.4,3.19,45.2,1,3,5,1.95,0.785,0,2.52,0.373,DIBUCAINE,0.224,novel,7.008
CHEMBL15331,CCCCC(=O)c1ccc2c(c1)oc(=O)n2CCCN1CCCCC1,-6.79,344.5,3.84,55.5,0,4,8,2.24,0.683,0,3.01,0.466,DYCLONINE,0.16,novel,7.008
CHEMBL266483,Cn1cc(C2=C(c3cn(CCCCN)c4ccccc34)C(=O)NC2=O)c2ccccc21,-7.17,412.5,3.44,82.0,2,3,6,2.56,0.376,0,1.93,0.254,RAMOSETRON,0.127,novel,7.007
CHEMBL39059,O=C(O)c1cn(-c2ccc(F)cc2)c2cc(N3CCCC3)c(F)cc2c1=O,-6.81,370.4,3.57,62.5,1,3,3,2.26,0.766,0,2.97,0.571,TEMAFLOXACIN,0.107,novel,7.007
CHEMBL30383,Cc1cc2c(=O)n(-c3ccccn3)c(C)nc2c(C(=O)O)c1C,-6.96,309.3,2.4,85.1,1,4,2,2.49,0.785,0,2.53,0.364,METHAQUALONE,0.155,novel,7.006
CHEMBL13139,O=C(O)CCN1CCC(C(=O)N2CCC3(CC2)CCN(c2ccncc2)C3)CC1,-6.93,400.5,2.09,77.0,1,5,5,2.95,0.816,0,2.63,0.299,BEPOTASTINE,0.106,novel,7.005
CHEMBL18148,CC(C)S(=O)(=O)c1c(O)n(Cc2ccc(F)cc2)c(=O)c2ccccc12,-6.8,375.4,3.08,76.4,1,4,4,2.3,0.76,0,3.0,0.282,KETANSERIN,0.159,novel,7.005
CHEMBL40122,O=C(O)Cc1cc(Cl)c2c(c1)CCC(c1ccccc1)N2,-7.3,301.8,4.07,49.3,2,2,3,2.79,0.898,0,1.56,0.319,FELBINAC,0.145,novel,7.003
CHEMBL6400,CN(C)c1cccc2c(S(=O)(=O)Nc3ccc(Br)cc3)cccc12,-7.19,405.3,4.47,49.4,1,3,4,1.98,0.697,0,1.86,0.254,BELINOSTAT,0.138,novel,7.003
CHEMBL9749,Cc1nn(CCCN2CCN(c3cccc(Cl)c3)CC2)c(=O)c(N)c1C(C)O,-7.17,405.9,2.05,87.6,2,6,6,2.94,0.764,0,1.92,0.515,TRAZODONE,0.125,novel,7.002
CHEMBL55968,O=C(NCCC1CCN(Cc2ccccc2)CC1)c1ccncc1,-6.93,323.4,3.11,45.2,1,3,6,1.87,0.888,0,2.6,0.421,NIALAMIDE,0.171,novel,7.002
CHEMBL35797,CC[C@@H](NC(=O)N1C(=O)CC1SCc1ccccn1)c1ccccc1,-6.82,355.5,3.73,62.3,1,4,6,3.3,0.802,0,2.93,0.271,PHENIRAMINE MALEATE,0.212,novel,7.002
CHEMBL46188,CN1C2CCC1CC(OC(=O)C(CO)c1ccc(Cl)cc1)C2,-6.84,323.8,2.58,49.8,1,4,4,4.0,0.865,0,2.87,0.773,ATROPINE,0.147,novel,7.001
CHEMBL288328,O=C(O)CN1CN(Cc2ccc(Br)cc2F)c2ccc(Cl)cc2C1=O,-7.03,427.7,3.75,60.9,1,3,4,2.53,0.807,0,2.31,0.274,HALAZEPAM,0.105,novel,7.0
CHEMBL46342,CSC1(C)C(=O)Nc2ccc(C3=NNC(=O)CC3C)cc21,-7.06,303.4,2.08,70.6,2,4,2,3.9,0.878,0,2.22,0.22,OXYPHENISATINE,0.068,novel,6.999
CHEMBL49399,Cc1ccc2ncc(Oc3ccc(OC(C)C(=O)O)cc3)nc2c1,-6.99,324.3,3.58,81.5,1,5,5,2.56,0.772,0,2.42,0.291,NAPROXEN,0.176,novel,6.999
CHEMBL21118,CCS(=O)(=O)c1ccc(OC)c(-c2ccc(CN3CCCCC3)[nH]2)c1,-6.76,362.5,3.47,62.4,1,4,6,2.42,0.855,0,3.09,0.3,TRIMETAZIDINE,0.082,novel,6.999
CHEMBL8167,O=C(O)CN(C(=O)c1ccccc1)c1ccc2ccccc2c1,-6.98,305.3,3.57,57.6,1,2,4,1.81,0.801,0,2.45,0.39,CHLORNAPHAZINE,0.228,novel,6.998
CHEMBL286252,CCCCN1CCCC1CNC(=O)c1cc(C#N)c2ccccc2c1OC,-6.79,365.5,3.71,65.4,1,4,7,2.81,0.812,0,2.98,0.459,REMOXIPRIDE HYDROCHLORIDE,0.195,novel,6.998
CHEMBL39313,N#CCCN1CCN(CCOC(c2ccccc2)c2ccccc2)CC1,-6.79,349.5,3.32,39.5,0,4,8,2.14,0.733,0,2.99,0.415,DIPHENHYDRAMINE,0.145,novel,6.998
CHEMBL38488,CNC(=O)n1ccc(-c2ccc(Oc3ccc(F)cc3)cc2)n1,-6.99,311.3,3.67,56.2,1,3,3,2.2,0.803,0,2.42,0.271,CABOZANTINIB,0.12,novel,6.997
CHEMBL285896,CC(C)CC1C(=O)Nc2cc3[nH]c(-c4ccncc4)nc3cc21,-7.13,306.4,3.71,70.7,2,3,3,3.15,0.775,0,2.02,0.258,INAMRINONE LACTATE,0.105,novel,6.996
CHEMBL279124,COc1cc([C@@H]2c3cc4c(cc3[C@@H]3OC[C@H]2[C@@H]3CO)OCO4)cc(OC)c1OC,-6.82,400.4,2.88,75.6,1,7,5,4.54,0.827,0,2.9,0.533,PODOFILOX,0.105,novel,6.996
CHEMBL22397,COc1cc2c3c4c(cc5c3n(c2cc1OC)C(=O)CC5)CNCC4,-6.81,336.4,3.04,52.5,1,4,2,2.8,0.781,0,2.92,0.222,TETRABENAZINE,0.051,novel,6.996
CHEMBL15467,CCN1CCN(c2cc3c(cc2F)c(=O)c(C(=O)O)cn3CC)CC1,-6.76,347.4,2.0,65.8,1,4,4,2.31,0.916,0,3.08,0.784,NORFLOXACIN,0.138,novel,6.994
CHEMBL43568,Cc1cc(-n2cc(S(C)(=O)=O)nc2C)cc2ccc(O)nc12,-6.97,317.4,2.15,85.1,1,5,2,2.99,0.783,0,2.46,0.268,NITREFAZOLE,0.083,novel,6.993
CHEMBL15262,CCc1nc2ccccc2c(=O)n1CCNC(=O)C1=CC(C)(C)NC1(C)C,-6.93,368.5,2.16,76.0,2,4,5,2.78,0.848,0,2.58,0.303,DIBUCAINE,0.171,novel,6.993
CHEMBL16512,COc1cccc(C(=O)NCC2(c3ccccc3)CCC(=O)CC2)c1,-6.88,337.4,3.51,55.4,1,3,5,2.15,0.908,0,2.73,0.364,OXYBENZONE,0.167,novel,6.993
CHEMBL292381,COc1cc(C)cc(S(=O)(=O)c2cccc(F)c2C#N)c1,-6.65,305.3,2.85,67.2,0,4,3,2.25,0.874,0,3.37,0.233,BELZUTIFAN,0.087,novel,6.993
CHEMBL286490,CS(=O)(=O)c1ccc(C2=C(c3cncc(Cl)c3)C(=O)CC2)cc1,-6.62,347.8,3.41,64.1,0,4,3,2.5,0.853,0,3.47,0.4,ETORICOXIB,0.062,novel,6.992
CHEMBL9950,O=C(NCCc1c2n(c3ccccc13)CCc1ccccc1-2)C1CCC1,-7.17,344.5,4.32,34.0,1,1,4,2.25,0.751,0,1.87,0.278,GRANISETRON,0.145,novel,6.99
CHEMBL37535,O=S1(=O)CCCC2Nc3ccnn3C(c3ccc(F)c(Br)c3)C21,-6.72,400.3,2.75,64.0,1,4,1,4.36,0.8,0,3.18,0.206,CHLORMEZANONE,0.055,novel,6.99
CHEMBL18901,Cc1cc(C)cc(NC(=O)Cc2ccc(OC(C)(C)C(=O)O)cc2)c1,-7.05,341.4,3.73,75.6,2,3,6,2.01,0.839,0,2.22,0.408,FENOFIBRIC ACID,0.164,novel,6.989
CHEMBL36884,CN1CCC(OC(=O)c2ccccc2Cc2ccccc2)CC1,-7.03,309.4,3.53,29.5,0,3,4,1.93,0.809,0,2.29,0.463,PROPIVERINE,0.167,novel,6.989
CHEMBL273362,Cc1cc(C#N)ccc1/N=c1\c(O)c(O)\c1=N/[C@H](C)C(C)(C)C,-7.05,311.4,2.72,89.0,2,5,2,3.85,0.893,0,2.21,0.246,PINACIDIL ANHYDROUS,0.089,novel,6.988
CHEMBL18796,CC1(O)OC(=O)C(Oc2ccc(F)c(F)c2)=C1c1ccc(S(C)(=O)=O)cc1,-6.93,396.4,2.42,89.9,1,6,4,3.08,0.799,0,2.56,0.305,ROFECOXIB,0.099,novel,6.988
CHEMBL282323,O[C@H](COc1ccccc1)CN1CCC(Oc2ccccc2)CC1,-6.9,327.4,2.97,41.9,1,4,7,2.31,0.849,0,2.64,0.373,NAFTOPIDIL,0.139,novel,6.988
CHEMBL34934,C(=C1\CSCC2C1=NNC2c1ccccc1)\c1ccccc1,-7.33,306.4,4.13,24.4,1,3,2,3.42,0.902,0,1.42,0.244,TRANYLCYPROMINE,0.101,novel,6.987
CHEMBL47431,CC(=O)C1CCC2C3CC[C@H]4C[C@H](O)CCC4(C)C3C(=O)CC12C,-6.95,332.5,3.77,54.4,1,3,1,4.28,0.795,0,2.52,0.696,BREXANOLONE,0.102,novel,6.987
CHEMBL36736,CC(=O)NC[C@H]1CN(c2ccn(-c3ccccc3F)c2)C(=O)O1,-6.83,317.3,2.08,63.6,1,3,4,3.04,0.939,0,2.84,0.562,LINEZOLID,0.143,novel,6.986
CHEMBL52030,CCOC(=O)c1ncn2c1[C@@H]1CCCN1C(=O)c1cc(OC)ccc1-2,-6.62,341.4,2.35,73.7,0,5,3,2.96,0.801,0,3.44,0.458,FLUMAZENIL,0.099,novel,6.986
CHEMBL25396,COc1ccccc1N1CCN(c2nc3ccccc3o2)CC1,-6.86,309.4,3.16,41.7,0,5,3,1.98,0.743,0,2.77,0.39,NAFTOPIDIL,0.092,novel,6.985
CHEMBL280958,C[C@H]1C2C(=O)c3ccc(O)cc3[C@@]1(C)CCN2CC1CCCO1,-6.83,315.4,2.74,49.8,1,4,2,4.57,0.912,0,2.83,0.403,PENTAZOCINE,0.115,novel,6.984
CHEMBL301243,O=C(NCCC1CCN(Cc2ccccc2)CC1)C1CCCCC1,-7.17,328.5,3.99,32.3,1,2,6,1.86,0.856,0,1.87,0.354,DONEPEZIL,0.16,novel,6.983
CHEMBL40838,CCC(C#N)C(=O)N[C@H](C)[C@@H](Oc1ccccc1C#N)c1ccccc1,-6.97,347.4,3.73,85.9,1,4,7,3.37,0.827,0,2.45,0.259,EPHEDRINE,0.243,novel,6.983
CHEMBL47226,CC(=O)N1C(=O)C(C)(C)[C@@H]2[C@@H]1CCN2C(=O)OCc1ccccc1,-6.63,330.4,2.18,66.9,0,4,2,3.34,0.833,0,3.4,0.338,PHENOTHRIN,0.136,novel,6.983
CHEMBL301197,CN1CCC(Nc2nc3cccnc3n2Cc2ccccc2)CC1,-6.89,321.4,2.99,46.0,1,4,4,2.18,0.802,0,2.67,0.443,ASTEMIZOLE,0.123,novel,6.982
CHEMBL278820,Cn1nc(-c2ccc(OCC(=O)O)c(Cl)c2Cl)c2ccccc21,-6.85,351.2,4.01,64.4,1,3,4,2.3,0.771,0,2.78,0.429,BENDAZAC,0.171,novel,6.982
CHEMBL277876,C[C@H]1COc2c(N3CC(C)(N(C)C)C3)c(F)cc3c(=O)c(C(=O)O)cn1c23,-6.84,375.4,1.93,75.0,1,5,3,3.56,0.884,0,2.81,0.721,OFLOXACIN,0.122,novel,6.982
CHEMBL35783,Cc1nc(C2CCCCC2)c(-c2ccc(S(N)(=O)=O)c(C)c2)o1,-6.99,334.4,3.65,86.2,1,4,3,2.59,0.928,0,2.37,0.241,CICLOPIROX,0.066,novel,6.981
CHEMBL43230,OCC1CCC(n2cnc3c(NCc4ccccc4)ncnc32)O1,-7.08,325.4,2.11,85.1,2,6,5,3.14,0.747,0,2.11,0.5,DIDANOSINE,0.118,novel,6.98
CHEMBL406785,CC1(C)Oc2ccncc2C(NC(=O)c2ccc(F)cc2)[C@@H]1O,-6.98,316.3,2.22,71.5,2,4,2,3.13,0.891,0,2.39,0.275,ISONIAZID,0.125,novel,6.98
CHEMBL415929,CC(C)(C)CC(=O)Nc1ccc(OC(=O)NN2CCOCC2)cc1,-6.95,335.4,2.4,79.9,2,5,4,2.33,0.883,0,2.48,0.316,BUCETIN,0.141,novel,6.98
CHEMBL443783,CCCN1N=C2/C(=C/c3ccccc3)CN(C)CC2C1c1ccccc1,-7.16,345.5,4.45,18.8,0,3,4,3.28,0.815,0,1.9,0.283,NOMIFENSINE,0.125,novel,6.979
CHEMBL17297,O=C1Nc2ccc(Cl)cc2C(OCc2cccnc2)(C(F)(F)F)O1,-6.9,358.7,4.23,60.5,1,4,3,3.37,0.892,0,2.64,0.431,EFAVIRENZ,0.103,novel,6.979
CHEMBL18915,COc1ccc(-c2nc(C(N)=O)sc2-c2ccc(OC)cc2)cc1,-6.87,340.4,3.59,74.4,1,5,5,2.06,0.77,0,2.72,0.38,MOFEZOLAC,0.109,novel,6.978
CHEMBL49394,CS(=O)(=O)c1ccc(-c2cc(C(F)(F)F)cnc2N2CCCC(CO)C2)cc1,-6.91,414.4,3.38,70.5,1,5,4,2.85,0.831,0,2.61,0.3,ETORICOXIB,0.125,novel,6.977
CHEMBL18354,O=S1NC(Cc2ccc(OCCc3ccccc3)cc2)=NO1,-6.8,316.4,2.36,59.9,1,4,6,3.16,0.89,0,2.9,0.327,TOLAZOLINE,0.114,novel,6.977
CHEMBL39665,CN(C)c1ccc(F)c(CCNC(=O)Nc2ccc(Br)cn2)c1F,-7.05,399.2,3.55,57.3,2,3,5,2.51,0.809,0,2.2,0.241,RIPRETINIB,0.119,novel,6.976
CHEMBL24545,CCC(=O)OC1CCC2C3CCC4=CC(=O)CCC4C3CCC12C,-7.02,330.5,4.45,43.4,0,3,2,4.12,0.703,0,2.28,0.789,NANDROLONE DECANOATE,0.107,novel,6.976
CHEMBL35264,Cc1ccccc1NC1=CCC(C)n2c1ncc(C(=O)O)c2=O,-7.0,311.3,2.67,84.2,2,4,3,3.15,0.91,0,2.31,0.364,MEFENAMIC ACID,0.136,novel,6.974
CHEMBL284449,CCOC(=O)c1ccc(NC(=O)CCc2ccc(OC)cc2)cc1,-6.8,327.4,3.44,64.6,1,4,7,1.57,0.791,0,2.88,0.385,BUCETIN,0.162,novel,6.974
CHEMBL301701,C[C@H]1[C@H]2Cc3cc4sc(N)nc4cc3[C@]1(C)CCN2CC1CCC1,-7.08,341.5,4.2,42.1,1,4,2,4.46,0.89,0,2.09,0.391,PENTAZOCINE,0.063,novel,6.973
CHEMBL289015,O=C1CCN(c2c(F)cc3c(=O)c(C(=O)O)cn(C4CC4)c3c2F)C1,-6.82,348.3,2.09,79.6,1,4,3,2.73,0.919,0,2.83,0.552,GATIFLOXACIN,0.106,novel,6.973
CHEMBL286725,COc1cccc(C(=O)NCCN2CCN(c3ccccc3OC)CC2)c1,-6.75,369.5,2.26,54.0,1,5,7,1.82,0.811,0,3.02,0.409,NAFTOPIDIL,0.146,novel,6.973
CHEMBL26993,COc1ccc([C@@]2(C#N)C[C@H]3C[C@H](C(=O)O)C[C@H]3C2)cc1OC1CCCC1,-7.0,369.5,4.3,79.5,1,4,5,3.9,0.837,0,2.3,0.278,ADAPALENE,0.092,novel,6.971
CHEMBL6517,CON(C)C(=O)c1cc2c(Sc3ccc(C)cc3)cncc2s1,-6.96,344.5,4.39,42.4,0,5,4,2.68,0.658,0,2.42,0.225,AXITINIB,0.135,novel,6.971
CHEMBL298914,COc1ccc2c(c1)C13CCN(CC4CCC4)C(C2)[C@H]1CCC(=O)C3,-6.95,339.5,3.73,29.5,0,3,3,4.23,0.84,0,2.45,0.532,DEXTROMETHORPHAN,0.082,novel,6.971
CHEMBL417500,O=C(OC1CN2CCC1CC2)C1c2ccccc2Oc2ccccc21,-6.86,335.4,3.56,38.8,0,4,2,3.63,0.787,0,2.72,0.474,SOLIFENACIN,0.132,novel,6.971
CHEMBL28006,Fc1ccc(CN2CCc3ccccc3C2Cn2cncn2)c(F)c1,-6.84,340.4,3.36,34.0,0,3,4,2.9,0.73,0,2.77,0.377,FLUCONAZOLE,0.087,novel,6.971
CHEMBL6423,NC(=O)c1cc(-c2ccc(F)c(Cl)c2)nnc1Cl,-6.82,286.1,2.69,68.9,1,3,2,2.23,0.922,0,2.84,0.255,RUFINAMIDE,0.095,novel,6.971
CHEMBL26809,CN1c2ccccc2N(C(=O)CN2CCCC2)c2ccccc2S1(=O)=O,-6.5,371.5,2.59,60.9,0,4,2,2.46,0.814,0,3.74,0.381,PIRENZEPINE,0.135,novel,6.971
CHEMBL431892,Oc1cccc(-c2noc(C3CN4CCC3CC4)n2)c1,-6.94,271.3,2.25,62.4,1,5,2,3.61,0.907,0,2.49,0.295,TEMOPORFIN,0.111,novel,6.969
CHEMBL428710,CS(=O)(=O)c1ccc(C2=C(c3cc(Cl)ccn3)C(=O)CC2)cc1,-6.59,347.8,3.41,64.1,0,4,3,2.51,0.853,0,3.47,0.385,ROFECOXIB,0.071,novel,6.969
CHEMBL22835,CSc1cc(C(=O)NC[C@@H]2CCCN2Cc2ccccc2)c2c(c1)N(C)CCO2,-7.05,411.6,3.63,44.8,1,5,6,3.0,0.736,0,2.17,0.358,SULPIRIDE,0.14,novel,6.967
CHEMBL280142,CCNC(=O)N1CCN([C@@H]2CCc3ccc(OC)cc32)CC1,-7.01,303.4,2.03,44.8,1,3,3,2.62,0.929,0,2.26,0.309,ELACESTRANT,0.136,novel,6.967
CHEMBL283433,Cc1ccc2c(-c3ccccc3)nc(=O)n(C(C)C(=O)O)c2c1,-6.83,308.3,3.02,72.2,1,3,3,2.65,0.807,0,2.79,0.286,FLURBIPROFEN,0.197,novel,6.967
CHEMBL284927,CC1CC=C(Nc2cccc(F)c2)c2ncc(C(=O)O)c(=O)n21,-7.02,315.3,2.5,84.2,2,4,3,3.19,0.909,0,2.26,0.274,MEFENAMIC ACID,0.129,novel,6.966
CHEMBL15511,CCN1CCN(c2cc3c(cc2F)c(=O)c(C(=O)O)cn3C2CC2)CC1,-6.63,359.4,2.32,65.8,1,4,4,2.37,0.908,0,3.37,0.727,CIPROFLOXACIN,0.131,novel,6.966
CHEMBL7782,Cc1ccccc1-c1noc2c(Cl)c3c(cc12)CC(C(=O)O)O3,-6.92,329.7,3.84,72.6,1,4,2,3.14,0.773,0,2.52,0.293,CLOXACILLIN,0.132,novel,6.965
CHEMBL10066,COc1cccc2c1CCC[C@H]2CN(C)CCc1ccc2c(c1)CCS2(=O)=O,-6.85,399.6,3.62,46.6,0,4,6,3.19,0.744,0,2.72,0.28,IVABRADINE,0.093,novel,6.964
CHEMBL20655,CC1(C(=O)NCCN2CCN(c3ccc(Cl)cc3)CC2)CCCCC1,-6.95,363.9,3.55,35.6,1,3,5,2.17,0.869,0,2.44,0.453,MOCLOBEMIDE,0.114,novel,6.963
CHEMBL279127,Cc1nc2c([nH]1)C(=O)N1CC(C)N=C1N2Cc1ccc(Cl)cc1,-6.66,329.8,2.59,64.6,1,4,2,3.46,0.921,0,3.26,0.234,AZELASTINE,0.081,novel,6.962
CHEMBL6455,CN1CCN2CC(c3ccc(N)cc3)c3ccccc3C2C1,-7.01,293.4,2.7,32.5,1,3,1,3.0,0.821,0,2.27,0.438,NOMIFENSINE,0.079,novel,6.961
CHEMBL276605,Cc1cc(-n2ccc(=O)[nH]c2=O)cc(C)c1Sc1ccc(Cl)cc1,-6.87,358.9,3.95,54.9,1,3,3,2.5,0.771,0,2.67,0.288,DASABUVIR,0.077,novel,6.96
CHEMBL290338,OC1=C2C(=Nc3nnnn3C2c2ccc(F)c(Br)c2)CCC1,-6.75,364.2,3.25,76.2,1,5,1,3.59,0.843,0,3.01,0.2,CILOSTAZOL,0.056,novel,6.96
CHEMBL31479,COc1ccc(CO[C@H]2CNCC[C@@H]2c2ccc(Cl)cc2)cc1,-7.15,331.8,4.01,30.5,1,3,5,2.73,0.898,0,1.85,0.313,PAROXETINE,0.069,novel,6.959
CHEMBL15324,CN(C)CC1CCN(c2cc3c(cc2F)c(=O)c(C(=O)O)cn3C2CC2)C1,-6.62,373.4,2.56,65.8,1,4,5,3.0,0.873,0,3.38,0.639,CIPROFLOXACIN,0.124,novel,6.959
CHEMBL279145,Cc1c(N2CC[C@H](N)C2)c(F)cn2c(=O)c(C(=O)O)cc(C3CCCC3)c12,-6.91,373.4,2.64,88.0,2,4,3,3.2,0.864,0,2.53,0.427,BESIFLOXACIN,0.088,novel,6.958
CHEMBL294715,NS(=O)(=O)c1ccc(-c2ccccc2-c2ccc(F)cc2)cc1,-6.89,327.4,3.81,60.2,1,2,3,1.66,0.795,0,2.58,0.433,SULFANILAMIDE,0.123,novel,6.958
CHEMBL41896,CCCn1cc(C(N)=O)c(=O)c2ccc(-c3ccncc3)cc21,-6.83,307.4,2.57,78.0,1,3,4,2.22,0.804,0,2.76,0.333,NALIDIXIC ACID,0.125,novel,6.958
CHEMBL35972,CN1CCC(COc2nc3ccccc3c3c2CCCN3)CC1,-7.03,311.4,3.31,37.4,1,4,3,2.55,0.943,0,2.21,0.288,TACRINE,0.132,novel,6.957
CHEMBL266930,Fc1ccccc1Cn1cnc2c(NC3CCCC3)ncnc21,-6.89,311.4,3.37,55.6,1,4,4,2.25,0.802,0,2.58,0.286,ABACAVIR,0.111,novel,6.957
CHEMBL32731,Cc1ccc(NC(=O)CC#N)cc1-c1nc2ccccc2s1,-6.99,307.4,4.12,65.8,1,4,3,2.16,0.791,0,2.32,0.265,FLUTEMETAMOL,0.149,novel,6.956
CHEMBL15322,CC1CN(c2cc3c(cc2F)c(=O)c(C(=O)O)cn3C2CC2)CC(C)N1,-6.82,359.4,2.36,74.6,2,4,3,3.39,0.88,0,2.79,0.709,CIPROFLOXACIN,0.106,novel,6.956
CHEMBL17861,O=C(O)[C@H]1CC[C@@H]1c1nc2cc(F)ccc2n1Cc1ccc(Cl)cc1,-6.96,358.8,4.46,55.1,1,2,4,2.97,0.749,0,2.39,0.342,LAROPIPRANT,0.118,novel,6.955
CHEMBL442152,C[C@@H](NC1=NS(=O)(=O)c2cc(Cl)cnc2N1)C1CCCCC1,-6.88,342.9,2.76,83.5,2,5,2,3.47,0.863,0,2.6,0.226,DIAZOXIDE,0.087,novel,6.955
CHEMBL284761,Cc1nc(-c2ccc(C)s2)c(-c2ccc(S(N)(=O)=O)c(F)c2)o1,-6.87,352.4,3.47,86.2,1,5,3,2.66,0.782,0,2.63,0.254,VALDECOXIB,0.071,novel,6.954
CHEMBL50700,CO[C@@H]1OC2COC(c3ccccc3)O[C@H]2C(OCc2ccccc2)[C@H]1O,-6.64,372.4,2.42,66.4,1,6,5,3.63,0.87,0,3.3,0.274,TENIPOSIDE,0.11,novel,6.953
CHEMBL298777,CCOC(=O)c1ncn2c1C1CCCN1C(=O)c1c(Cl)cccc1-2,-6.5,345.8,2.99,64.4,0,4,2,3.04,0.785,0,3.7,0.368,FLUMAZENIL,0.11,novel,6.953
CHEMBL20720,OC1CCCCC1N1CCC(CCCC2CCN(C3CCCCC3O)CC2)CC1,-7.25,406.7,4.19,46.9,2,4,6,3.58,0.694,0,1.55,0.278,SPARTEINE,0.075,novel,6.951
CHEMBL59352,CN1C2CCC1CC(NC(=O)Nc1ccccc1Oc1ccccc1)C2,-7.08,351.5,4.23,53.6,2,3,4,3.47,0.867,0,2.02,0.418,HOMATROPINE,0.156,novel,6.951
CHEMBL289608,Cc1cccc(NN2C=NC(C)C2c2cccc(C(N)=O)c2)c1,-6.92,308.4,2.89,70.7,2,4,4,3.54,0.912,0,2.5,0.259,NIACINAMIDE,0.108,novel,6.951
CHEMBL274914,Cc1ccc2c(c1)N(C(=O)N1CCN[C@@H](C)C1)Cc1c(C(=O)OC(C)(C)C)ncn1-2,-6.84,411.5,2.87,79.7,1,5,1,3.42,0.73,0,2.71,0.333,FLUMAZENIL,0.082,novel,6.951
CHEMBL57458,CCc1cc(Cc2cnc(N)nc2N)cc2c1N(C)CCC2C,-6.96,311.4,2.74,81.1,2,5,3,3.34,0.911,0,2.38,0.446,TRIMETHOPRIM,0.076,novel,6.95
CHEMBL269705,CCOC(=O)c1ncn2c1C1CCCN1C(=O)c1cc(Cl)ccc1-2,-6.5,345.8,2.99,64.4,0,4,2,2.98,0.785,0,3.7,0.465,FLUMAZENIL,0.1,novel,6.95
CHEMBL35881,Cc1oc2nc3c(c(NC(=O)Cn4ccnc4)c2c1C)CCCC3,-6.79,324.4,3.16,73.0,1,4,3,2.84,0.803,0,2.84,0.284,OZAGREL,0.113,novel,6.949
CHEMBL288749,CC(=O)c1ccc(N2C[C@H](CNC(=O)OC(C)(C)C)OC2=O)cc1,-6.77,334.4,2.74,84.9,1,5,4,2.62,0.856,0,2.9,0.477,LINEZOLID,0.131,novel,6.949
CHEMBL43182,COCCC1CN(c2ccc(OCc3ccccc3)cc2)NC1=O,-6.76,326.4,2.77,50.8,1,4,7,2.79,0.85,0,2.94,0.367,MONOBENZONE,0.123,novel,6.949
CHEMBL53368,OC(CCN1CC=C(c2ccccc2)CC1)COc1ccccc1,-7.07,323.4,3.61,32.7,1,3,7,2.53,0.845,0,2.04,0.3,PHENOXYPROPAZINE,0.132,novel,6.948
CHEMBL287483,OCCN1N=C2/C(=C/c3ccccc3)CSCC2C1c1ccccc1,-7.0,350.5,3.84,35.8,1,4,4,3.48,0.91,0,2.23,0.217,ETHOTOIN,0.137,novel,6.946
CHEMBL284063,Cc1cccc(NC2=CCC(C)n3c2ncc(C(=O)O)c3=O)c1,-6.98,311.3,2.67,84.2,2,4,3,3.17,0.91,0,2.31,0.297,TORSEMIDE,0.118,novel,6.946
CHEMBL6287,CCNCC1CCN(c2c(F)cc3c(=O)c(C(=O)O)cn(C)c3c2F)C1,-6.9,365.4,1.95,74.6,2,4,5,3.11,0.847,0,2.52,0.529,LOMEFLOXACIN,0.138,novel,6.946
CHEMBL275686,CC(C)Oc1ccccc1NC(=O)Nc1ccc2cnccc2n1,-7.13,322.4,4.06,76.1,2,4,4,2.13,0.759,0,1.86,0.26,TORSEMIDE,0.138,novel,6.945
CHEMBL283936,CN1CC=C(c2c[nH]c3ccc(C4COCCO4)cc23)CC1,-6.99,298.4,2.97,37.5,1,3,2,3.24,0.926,0,2.28,0.276,NARATRIPTAN HYDROCHLORIDE,0.055,novel,6.945
CHEMBL41388,CS(=O)(=O)c1cnc2c(c1)CCC(c1ccc(Cl)c(Cl)c1)O2,-6.68,358.2,3.86,56.3,0,4,2,3.01,0.818,0,3.15,0.283,SERTRALINE,0.072,novel,6.945
CHEMBL19722,CNC1(C)CN(c2c(F)cc3c(=O)c(C(=O)O)cn4c3c2OC[C@@H]4C)C1,-7.03,361.4,1.59,83.8,2,5,3,3.58,0.864,0,2.15,0.71,OFLOXACIN,0.11,novel,6.944
CHEMBL284693,C[C@@H]1C[C@@H]2C3Cc4ccc(O)cc4C2(CCN3CC2CCC2)CC1=O,-6.97,339.5,3.68,40.5,1,3,2,4.63,0.894,0,2.32,0.5,LEVALLORPHAN,0.112,novel,6.944
CHEMBL34392,C[C@H]1[C@H](C)C(=O)CC23CCN(CC4CC4)C(Cc4ccc(O)cc42)[C@H]13,-6.94,339.5,3.53,40.5,1,3,2,4.85,0.896,0,2.41,0.448,LEVALLORPHAN,0.104,novel,6.944
CHEMBL46164,CC(C)(C)c1cnc(CSc2cnc(NC(=O)C3CCCN3)s2)o1,-6.94,366.5,3.41,80.0,2,7,5,3.37,0.79,0,2.41,0.218,FLECAINIDE ACETATE,0.1,novel,6.944
CHEMBL36889,CN1CCC(C)(OC(=O)c2ccccc2CCc2ccccc2)CC1,-7.0,337.5,4.11,29.5,0,3,5,2.29,0.769,0,2.22,0.389,MEPERIDINE,0.162,novel,6.943
CHEMBL6272,O=C(c1ccc(Cl)cc1)c1ccc(-n2ncc(=O)[nH]c2=O)cc1,-6.95,327.7,1.81,84.8,1,4,3,2.05,0.743,0,2.37,0.327,FENOFIBRIC ACID,0.09,novel,6.943
CHEMBL40294,CC1(O)CC[C@H]2[C@@H]3CC[C@H]4CC(O)CC[C@]4(C)[C@H]3CC[C@@]21C,-7.3,306.5,4.14,40.5,2,2,0,4.13,0.706,0,1.37,0.591,BREXANOLONE,0.053,novel,6.942
CHEMBL415287,CCNCC1CCN(c2c(F)cc3c(=O)c(C(=O)O)cn(CCF)c3c2F)C1,-6.92,397.4,2.38,74.6,2,4,7,3.27,0.751,0,2.47,0.574,LOMEFLOXACIN,0.133,novel,6.942
CHEMBL285992,CN([C@@H]1CCN2CCc3ccccc3[C@@H]2C1)S(=O)(=O)c1ccsc1,-6.66,362.5,3.13,40.6,0,4,3,3.3,0.842,0,3.2,0.278,PRAZIQUANTEL,0.115,novel,6.942
CHEMBL282244,CN1CCC[C@@]12CCCC[C@@H]2NC(=O)c1ccc(Cl)c(Cl)c1,-7.11,341.3,4.13,32.3,1,2,2,3.66,0.877,0,1.91,0.292,LEVORPHANOL,0.111,novel,6.94
CHEMBL48221,COc1ccc(C2C(=O)Nc3ccccc32)cc1OC1CCCC1,-7.04,323.4,4.1,47.6,1,3,4,2.65,0.921,0,2.1,0.273,ANISINDIONE,0.098,novel,6.94
CHEMBL58696,O=S(=O)(c1ccccc1)n1ccc(C(O)c2ccccc2)c1,-6.73,313.4,2.81,59.3,1,3,4,2.68,0.806,0,2.99,0.318,EPHEDRINE SULFATE,0.185,novel,6.94
CHEMBL36110,CCc1nc2c(C(F)(F)F)cccc2c(O)c1C(=O)Nc1ncco1,-7.07,351.3,3.76,88.3,2,5,3,2.86,0.75,0,2.01,0.26,MEFLOQUINE,0.198,novel,6.938
CHEMBL39917,Cc1[nH]c(C)c(C(=O)OC2CCN(CCc3ccccc3)CC2)c1C,-6.95,340.5,3.8,45.3,1,3,5,2.19,0.842,0,2.37,0.441,FENTANYL,0.138,novel,6.938
CHEMBL280573,Cc1cnn(-c2ccc(S(N)(=O)=O)cc2)c1-c1ccccc1,-6.81,313.4,2.5,78.0,1,3,3,2.04,0.807,0,2.78,0.42,VALDECOXIB,0.108,novel,6.938
CHEMBL19382,CN(C(=O)c1cc2cc(O)ccc2n1C)c1cccc(Cl)c1,-7.03,314.8,3.81,45.5,1,2,2,2.29,0.781,0,2.14,0.276,BUPROPION,0.143,novel,6.937
CHEMBL267236,CN(C)CCNC(=O)c1ccc(-c2ccccc2)c2cccnc12,-6.89,319.4,3.19,45.2,1,3,5,1.94,0.785,0,2.52,0.373,DIBUCAINE,0.206,novel,6.937
CHEMBL18531,CC1(C)CN2C(=O)c3[nH]cnc3N(Cc3ccc(Cl)cc3)C2=N1,-6.62,329.8,2.67,64.6,1,4,2,3.07,0.921,0,3.3,0.265,CAPIVASERTIB,0.07,novel,6.937
CHEMBL56789,O=C(OCc1ccccc1)[C@@H]1CCCCN1C(=O)NCc1ccccc1,-6.74,352.4,3.49,58.6,1,3,5,2.28,0.838,0,2.95,0.373,ENALAPRIL,0.159,novel,6.936
CHEMBL284335,COc1ccc2c(c1)C13CCN(CC4CC4)C(C2)[C@H]1C[C@@H](C)C(=O)C3,-6.89,339.5,3.59,29.5,0,3,3,4.53,0.843,0,2.53,0.484,DEXTROMETHORPHAN,0.092,novel,6.935
CHEMBL298671,OC(CCN1CCN(c2ccccn2)CC1)COc1ccccc1,-6.88,327.4,2.03,48.8,1,5,7,2.41,0.843,0,2.57,0.323,NAFTOPIDIL,0.13,novel,6.935
CHEMBL274980,CC1CN(c2cc3c(cc2F)c(=O)c(C(=O)O)cn3C2CCC2)CCN1,-6.8,359.4,2.36,74.6,2,4,3,3.05,0.88,0,2.79,0.707,CIPROFLOXACIN,0.1,novel,6.935
CHEMBL48558,CN(C1CCN2CCc3c(oc4ccccc34)C2C1)S(=O)(=O)CCO,-6.78,364.5,1.75,74.0,1,5,4,3.63,0.895,0,2.83,0.243,BENZARONE,0.167,novel,6.935
CHEMBL33795,CCCn1c(=O)n(C)c(=O)c2[nH]c(/C=C/c3ccccc3)nc21,-6.87,310.4,2.0,72.7,1,3,4,2.46,0.801,0,2.59,0.348,DIMENHYDRINATE,0.157,novel,6.934
CHEMBL24373,O=C(O)CCCC(=O)N1CCC2(CC1)CCN(c1ccncc1)CC2,-6.66,345.4,2.55,73.7,1,4,5,2.83,0.888,0,3.19,0.277,PHENYLBUTANOIC ACID,0.133,novel,6.934
CHEMBL15957,CCCC1=C(C(=O)OCc2ccccc2)C(c2cccc(C)c2)NC(=O)N1,-6.97,364.4,4.15,67.4,2,3,6,2.64,0.757,0,2.3,0.352,BENZYL BENZOATE,0.157,novel,6.933
CHEMBL434207,c1ccc(CN2CCN(Cc3ccccc3)C(CC3=NCCN3)C2)cc1,-6.83,348.5,2.76,30.9,1,4,6,2.81,0.871,0,2.7,0.467,TOLAZOLINE,0.113,novel,6.933
CHEMBL34120,CCCn1c(=O)c2nc(/C=C/c3ccccc3)[nH]c2n(C)c1=O,-6.87,310.4,2.0,72.7,1,3,4,2.62,0.801,0,2.59,0.286,ISTRADEFYLLINE,0.157,novel,6.931
CHEMBL35285,O=C1CCC2C3Cc4ccc(O)c5c4C2(CCN3CC2CC2)C1O5,-6.8,325.4,2.41,49.8,1,4,2,5.01,0.907,0,2.79,0.724,HYDROMORPHONE,0.103,novel,6.931
CHEMBL37426,Cc1cccc2c1N=C(N1CCN(CCO)CC1)c1cscc1O2,-6.72,343.5,2.85,48.3,1,6,2,2.94,0.911,0,3.0,0.348,QUETIAPINE,0.117,novel,6.931
CHEMBL52192,OC(CCN1CCN(c2ccccc2)CC1)COc1ccccc1,-6.85,326.4,2.64,35.9,1,4,7,2.25,0.848,0,2.61,0.35,NAFTOPIDIL,0.139,novel,6.929
CHEMBL55383,O=C1CC(c2cc(OC3CCCC3)c3occc3c2)CN1,-6.98,285.3,3.36,51.5,1,3,3,3.18,0.94,0,2.25,0.271,METHOXSALEN,0.065,novel,6.928
CHEMBL57934,CNC(=O)C1C2CC3CCC1N3C/C2=C\c1ccc(Cl)c(Cl)c1,-6.97,351.3,3.61,32.3,1,2,2,4.96,0.883,0,2.29,0.26,IOFLUPANE,0.106,novel,6.928
CHEMBL23690,O=C(OCc1ccccc1)N1CCCC1C(=O)N1CCCC1C1SCCS1,-6.8,406.6,3.58,49.9,0,5,4,3.36,0.765,0,2.75,0.357,ENALAPRIL,0.138,novel,6.928
CHEMBL26481,CN1CCCC[C@H]1[C@H]1COC(c2ccccc2)(c2ccccc2)O1,-7.03,323.4,3.79,21.7,0,3,3,3.16,0.858,0,2.1,0.294,NICOTINE,0.108,novel,6.927
CHEMBL287451,Cc1noc(NS(=O)(=O)c2cccc3ccc(N(C)C)cc23)c1C,-6.75,345.4,3.31,75.4,1,5,4,2.38,0.785,0,2.9,0.444,SULFISOXAZOLE,0.153,novel,6.927
CHEMBL22618,OC1(c2nc(-c3ccc(F)cc3)c(-c3ccncc3)[nH]2)CCC1,-7.02,309.3,3.65,61.8,2,3,3,2.54,0.776,0,2.14,0.217,FLORTAUCIPIR F 18,0.085,novel,6.926
CHEMBL20876,COc1cc(N(C)C(C)=O)c(Cl)cc1C(=O)NC1CCN(Cc2ccccc2)C1,-6.83,415.9,3.34,61.9,1,4,6,2.71,0.786,0,2.67,0.379,CISAPRIDE,0.146,novel,6.926
CHEMBL22871,COc1ccccc1N1CCN(CCNC(=O)c2sccc2C)CC1,-6.68,359.5,2.62,44.8,1,5,6,2.03,0.861,0,3.1,0.382,NAFTOPIDIL,0.145,novel,6.926
CHEMBL21151,OC1Cc2ccccc2CC1N1CCC(c2ccccc2)CC1,-7.13,307.4,3.39,23.5,1,2,2,2.81,0.919,0,1.82,0.333,NEFOPAM,0.113,novel,6.925
CHEMBL297524,COC(=O)[C@H]1CCC2C3CNC4=CC(=O)CC[C@]4(C)C3CC[C@@]21C,-6.74,331.5,3.07,55.4,1,4,1,4.26,0.75,0,2.92,0.534,PROGESTERONE,0.107,novel,6.925
CHEMBL18101,COC[C@@H]1CN(c2ccc(OCC[C@H](O)C(F)(F)F)cc2)C(=O)O1,-6.63,349.3,2.35,68.2,1,5,7,3.19,0.818,0,3.24,0.355,TOLOXATONE,0.146,novel,6.925
CHEMBL42063,Cc1ccccc1CCC[C@H]([C@H](C)O)n1cnc2c(N)ncnc21,-6.96,325.4,2.66,89.8,2,5,6,3.24,0.727,0,2.31,0.313,TENOFOVIR ALAFENAMIDE,0.133,novel,6.924
CHEMBL292366,O=C1CC2(C=CN1CCN1CCN(c3cc(Cl)ccc3Cl)CC1)CCCC2,-7.15,408.4,4.42,26.8,0,3,4,3.4,0.738,0,1.76,0.299,BUSPIRONE,0.076,novel,6.923
CHEMBL30765,Nc1c2c(nc3cc(Br)ccc13)N(C1CCCCC1)CC2,-7.03,346.3,4.27,42.1,1,3,1,2.45,0.838,0,2.09,0.296,TACRINE,0.067,novel,6.923
CHEMBL298759,COc1c(C(=O)NC[C@@H]2CCCN2C2CCC2)cc(Br)c2ccccc12,-7.19,417.3,4.36,41.6,1,3,5,2.84,0.786,0,1.64,0.471,REMOXIPRIDE,0.14,novel,6.922
CHEMBL24401,C=C1/C(=C\C=C2/CCC[C@@]3(C)C2CC[C@@H]3C(C)=O)CC(O)C[C@@H]1O,-6.99,330.5,3.72,57.5,2,3,2,4.36,0.811,0,2.2,0.619,DOXERCALCIFEROL,0.107,novel,6.922
CHEMBL34959,O=C(NCCc1c[nH]c2ccccc12)C1=Cc2ccncc2CC1,-6.94,317.4,3.25,57.8,2,2,4,2.5,0.776,0,2.35,0.412,INDORAMIN,0.143,novel,6.922
CHEMBL282940,C[C@H]1COc2c(N3CC(N(C)C)C3)c(F)cc3c(=O)c(C(=O)O)cn1c23,-6.81,361.4,1.54,75.0,1,5,3,3.29,0.894,0,2.72,0.733,OFLOXACIN,0.123,novel,6.922
CHEMBL52422,CC(O)C(C)OC(=O)C1CC2c3cccc4[nH]cc(c34)CC2N(C)C1,-6.75,342.4,2.44,65.6,2,4,3,4.06,0.841,0,2.88,0.437,PERGOLIDE,0.125,novel,6.921
CHEMBL279337,COc1ccccc1S(=O)(=O)NCC1(c2ccccc2)CCC(=O)CC1,-6.67,373.5,3.05,72.5,1,4,6,2.32,0.845,0,3.12,0.286,GLUTETHIMIDE,0.128,novel,6.921
CHEMBL283397,CN1CC=C(c2c[nH]c3ccc(OCc4ccccc4)cc23)CC1,-7.26,318.4,4.47,28.3,1,2,4,2.22,0.769,0,1.42,0.321,MONOBENZONE,0.103,novel,6.92
CHEMBL27750,Cc1ccccc1-c1cc(NCc2cncn2C)ccc1C#N,-7.0,302.4,3.88,53.6,1,3,4,2.34,0.795,0,2.17,0.254,MILRINONE,0.095,novel,6.919
CHEMBL21343,CCN(CC)C(=O)[C@@H]1C=C2c3cccc4[nH]cc(c34)C[C@H]2NC1,-6.96,309.4,2.56,48.1,2,2,3,3.79,0.915,0,2.29,0.452,METHYLERGONOVINE,0.13,novel,6.919
CHEMBL404992,CCCN1CCN2CC(c3ccccc3)c3ccccc3C2C1,-7.11,306.5,3.9,6.5,0,2,3,2.87,0.848,0,1.85,0.4,NOMIFENSINE,0.137,novel,6.918
CHEMBL283300,Cc1cnoc1NS(=O)(=O)c1cccc2c(N(C)C)cccc12,-6.73,331.4,3.0,75.4,1,5,4,2.59,0.795,0,2.94,0.276,SULFISOXAZOLE,0.129,novel,6.918
CHEMBL53098,Cn1c(O)nnc1-c1ccccc1Nc1cccc(C(F)(F)F)c1,-6.97,334.3,3.95,63.0,2,4,3,2.4,0.761,0,2.23,0.289,ANTRAFENINE,0.141,novel,6.915
CHEMBL15373,NC1CCN(c2cc3c(cc2F)c(=O)c(C(=O)O)cn3C2CCC2)C1,-6.98,345.4,2.1,88.6,2,4,3,2.95,0.889,0,2.21,0.655,CIPROFLOXACIN,0.091,novel,6.914
CHEMBL12635,CC(=O)N1Cc2ccccc2C(=O)c2ccc(CC(=O)O)cc21,-6.79,309.3,2.41,74.7,1,3,2,2.23,0.924,0,2.76,0.369,OLOPATADINE,0.145,novel,6.912
CHEMBL269676,CN(C)S(=O)(=O)c1ccc2c(c1)C(n1ccccc1=O)=CC(C)(C)O2,-6.49,360.4,2.16,68.6,0,4,3,2.68,0.841,0,3.62,0.297,THIOTHIXENE,0.105,novel,6.912
CHEMBL276935,CCC(=O)c1ccc2c(c1)oc(=O)n2CCN1CCCCC1,-6.61,302.4,2.67,55.5,0,4,5,2.24,0.797,0,3.25,0.379,DYCLONINE,0.113,novel,6.91
CHEMBL7828,CN1CCN(C2=Nc3cc(Cl)ccc3Oc3ccccc32)CC1,-6.95,327.8,3.77,28.1,0,4,0,2.3,0.737,0,2.29,0.818,LOXAPINE,0.075,novel,6.909
CHEMBL50293,CCC[C@@H]1CC(=O)CC23CCN(C)C(Cc4ccc(O)cc42)[C@@H]13,-6.94,313.4,3.29,40.5,1,3,2,4.66,0.911,0,2.3,0.517,LEVORPHANOL,0.129,novel,6.909
CHEMBL22564,COc1ccccc1N1CCN(CC(C(=O)NC(C)(C)C)c2ccccc2)CC1,-6.92,395.5,3.52,44.8,1,4,6,2.56,0.813,0,2.37,0.492,NAFTOPIDIL,0.227,novel,6.909
CHEMBL299240,O=S(=O)(c1ccccc1)n1ccc(C(O)c2ccccc2F)c1,-6.67,331.4,2.95,59.3,1,3,4,2.8,0.799,0,3.07,0.286,PRASUGREL BESYLATE,0.169,novel,6.909
CHEMBL22893,CCN(CC)C(=O)[C@@H]1C=C2c3cccc4[nH]cc(c34)C[C@H]2N(C(C)C)C1,-6.91,351.5,3.68,39.3,1,2,4,3.73,0.912,0,2.41,0.542,METHYLERGONOVINE,0.136,novel,6.908
CHEMBL23614,COc1ccc2c(c1)c1c3c(cc4c1n2C(=O)CC4)CNCC3,-6.89,306.4,3.04,43.3,1,3,1,2.75,0.751,0,2.44,0.26,INDOMETHACIN,0.062,novel,6.908
CHEMBL290192,Cc1nc(-c2ccc(F)cc2)c(-c2ccc(S(N)(=O)=O)cc2)o1,-6.82,332.4,3.1,86.2,1,4,3,2.11,0.798,0,2.66,0.42,VALDECOXIB,0.079,novel,6.908
CHEMBL7256,COc1c(C)cc(C(=O)N2CCN(c3ncccc3NC(C)C)CC2)cc1C,-6.77,382.5,3.49,57.7,1,5,5,2.26,0.858,0,2.79,0.507,DELAVIRDINE,0.116,novel,6.907
CHEMBL293312,CC(C)(C)OC(=O)CN(Cc1ccccc1)[C@H]1c2cc(C#N)ccc2OC(C)(C)[C@@H]1O,-7.07,422.5,3.98,82.8,1,6,5,3.39,0.734,0,1.93,0.253,FINERENONE,0.132,novel,6.906
CHEMBL12422,CC(C)c1cc(C(C)C)c2nc3sc(C(=O)O)cn3c(=O)c2c1,-6.86,330.4,3.85,71.7,1,4,3,2.81,0.791,0,2.54,0.288,AMLEXANOX,0.127,novel,6.906
CHEMBL283385,CN(C)C1CCN(c2nc3c(cc2F)c(=O)c(C(=O)O)cn3C(C)(C)C)C1,-6.76,376.4,2.13,78.7,1,5,3,3.2,0.884,0,2.83,0.478,ENOXACIN,0.108,novel,6.906
CHEMBL282096,CS(=O)(=O)c1ccc2c(c1)cc(C(=O)O)n2Cc1ccc(Cl)cc1,-6.73,363.8,3.44,76.4,1,3,4,2.07,0.77,0,2.9,0.352,LAROPIPRANT,0.13,novel,6.906
CHEMBL25564,Cc1cc(NCCN2C3CCCC2CC3)nnc1-c1ccccc1,-7.02,322.5,3.88,41.0,1,4,5,3.81,0.907,0,2.07,0.371,MINAPRINE,0.113,novel,6.905
CHEMBL17763,CN1CCN(c2nc3ccccc3n2CCc2ccccc2)CC1,-6.85,320.4,3.03,24.3,0,3,4,1.93,0.738,0,2.55,0.612,EMEDASTINE,0.123,novel,6.905
CHEMBL280653,CCCN1CC2(CCN(CC(O)COc3ccccc3OC)CC2)OC1=O,-6.71,378.5,2.13,71.5,1,6,8,3.35,0.747,0,2.97,0.457,RANOLAZINE,0.151,novel,6.905
CHEMBL20771,Cc1cc(C(=O)Nc2ccc(C)c(N3CCN(C)CC3)c2)ccc1Br,-7.11,402.3,4.07,35.6,1,3,3,1.95,0.841,0,1.8,0.367,IMATINIB,0.113,novel,6.904
CHEMBL55361,CNC1=Nc2ccc(N(C)Cc3ccncc3)c3cccc1c23,-7.01,302.4,3.48,40.5,1,4,3,2.67,0.805,0,2.1,0.274,TROPICAMIDE,0.129,novel,6.904
CHEMBL296468,CC(C)(C)c1cnc(CSc2cnc(NC(=O)C3CCNCC3)s2)o1,-6.99,380.5,3.66,80.0,2,7,5,2.89,0.771,0,2.15,0.216,QUIZARTINIB,0.102,novel,6.904
CHEMBL48241,O=C1c2ccc(O)cc2[C@@]23CCCC[C@H]2[C@@H]1N(CC1CCC1)CC3,-7.01,325.5,3.89,40.5,1,3,2,4.41,0.897,0,2.08,0.484,LEVALLORPHAN,0.098,novel,6.903
CHEMBL296317,CCN(CC)CC1CCCCN1CCC(=O)N1c2ccccc2C(=O)Nc2cccnc21,-6.99,435.6,3.9,68.8,1,5,7,3.14,0.714,0,2.16,0.556,PIRENZEPINE,0.147,novel,6.902
CHEMBL282242,CS(=O)(=O)c1ccc(C2=C(c3cc(Br)ccn3)C(=O)CC2)cc1,-6.61,392.3,3.52,64.1,0,4,3,2.61,0.802,0,3.23,0.385,ROFECOXIB,0.062,novel,6.902
CHEMBL266858,CC(C)(C)c1cc(C(=O)CS(=O)(=O)CC2CC2)cc2c1OCC2(C)C,-6.58,364.5,3.66,60.4,0,4,5,2.99,0.748,0,3.32,0.212,SITAXENTAN,0.105,novel,6.902
CHEMBL423288,CC(=O)Nc1ccc(C)c(Nc2nccc(-c3cccnc3)n2)c1,-7.03,319.4,3.55,79.8,2,5,4,2.08,0.769,0,2.03,0.623,IMATINIB,0.107,novel,6.901
CHEMBL274749,O=C(O)CCc1nc2cc(F)ccc2n1Cc1ccc(Cl)cc1,-6.88,332.8,3.89,55.1,1,2,5,1.95,0.771,0,2.47,0.375,BENDAMUSTINE,0.127,novel,6.901
CHEMBL276490,COc1ccc2c(c1)c(CCNC(=O)C1CCC1)c1n2CCc2ccccc2-1,-7.01,374.5,4.33,43.3,1,2,5,2.33,0.722,0,2.08,0.333,AGOMELATINE,0.118,novel,6.9
CHEMBL30753,Cc1nn(C2CCCCC2)c(N)c1C(=O)c1ccccc1Cl,-6.93,317.8,4.16,60.9,1,3,3,2.28,0.864,0,2.31,0.282,AZELASTINE,0.127,novel,6.9
CHEMBL278536,CCC(C)(C)/N=c1\c(O)c(O)\c1=N/Cc1ccc(C)c(C)c1,-6.83,300.4,2.78,65.2,2,4,4,3.32,0.912,0,2.61,0.25,METHYLDOPATE,0.108,novel,6.9
CHEMBL38992,CCN(CC)S(=O)(=O)N[C@H]1C[C@@H]2c3cccc4[nH]cc(c34)C[C@H]2N(C)C1,-6.82,376.5,2.06,68.4,2,3,5,3.79,0.839,0,2.62,0.514,PERGOLIDE MESYLATE,0.112,novel,6.9
CHEMBL33905,O=C(CN1CCCC1=O)Nc1c2c(nc3ccccc13)CCCC2,-6.62,323.4,2.67,62.3,1,3,3,2.25,0.944,0,3.19,0.415,TACRINE,0.181,novel,6.898
CHEMBL280813,CC1CCN(CC(=O)N2c3ccccc3N(C)S(=O)(=O)c3ccccc32)CC1,-6.6,399.5,3.22,60.9,0,4,2,2.53,0.778,0,3.26,0.358,PIRENZEPINE,0.128,novel,6.898
CHEMBL285858,C[C@H](NC1=NS(=O)(=O)c2cccnc2N1)c1ccccc1,-7.1,302.4,1.9,83.5,2,5,2,3.07,0.885,0,1.82,0.316,MAVACAMTEN,0.162,novel,6.897
CHEMBL284315,Oc1ccccc1-c1noc(C2CN3CCC2CC3)n1,-6.87,271.3,2.25,62.4,1,5,2,3.65,0.907,0,2.49,0.288,DEFERASIROX,0.114,novel,6.897
CHEMBL295619,CN1CCN(c2c(F)cc3c(=O)c(C(=O)O)cn4c3c2SCC4)CC1,-6.69,363.4,1.7,65.8,1,5,2,2.83,0.876,0,3.0,0.547,OFLOXACIN,0.093,novel,6.897
CHEMBL38685,CCC(=O)N(c1ccccc1)[C@@H]1CCN(CCc2ccccc2)C[C@H]1C,-7.01,350.5,4.38,23.6,0,2,6,2.89,0.772,0,2.06,0.7,FENTANYL,0.153,novel,6.895
CHEMBL9894,CCOc1cccc2c1CCC[C@H]2CN(C)CCc1ccc2c(c1)OCO2,-6.96,367.5,4.41,30.9,0,4,7,2.84,0.725,0,2.22,0.25,VILOXAZINE,0.094,novel,6.895
CHEMBL293929,COc1cccc(C(=O)NC2(C(=O)c3cc(C)cc(C)c3)CCS(=O)(=O)CC2)c1C,-6.98,429.5,3.18,89.5,1,5,5,2.71,0.738,0,2.16,0.288,RANOLAZINE,0.152,novel,6.894
CHEMBL282720,CCn1cc(C(=O)O)c(=O)c2cc(F)c(-c3ccc(C)o3)cc21,-6.82,315.3,3.43,72.4,1,3,3,2.4,0.803,0,2.62,0.525,NORFLOXACIN,0.148,novel,6.893
CHEMBL267628,CCNCC1CCN(c2c(F)cc3c(=O)c(C(=O)O)cn(C4CCCCC4)c3c2F)C1,-7.16,433.5,3.92,74.6,2,4,6,3.14,0.722,0,1.64,0.534,BESIFLOXACIN,0.143,novel,6.891
CHEMBL19122,COc1cc(/N=c2\c(O)c(O)\c2=N/C(C)C(C)(C)C)c2ncccc2c1,-6.88,353.4,3.1,87.3,2,6,3,3.79,0.757,0,2.42,0.406,PRIMAQUINE,0.118,novel,6.891
CHEMBL43502,COc1ccc2nc(Oc3ccccc3)cc(CC(N)=O)c2c1,-6.78,308.3,3.06,74.4,1,4,5,2.07,0.786,0,2.72,0.356,AGOMELATINE,0.212,novel,6.891
CHEMBL279624,CCS(=O)(=O)Nc1cccc(OCc2nc3ccccc3n2C)c1,-6.62,345.4,2.91,73.2,1,4,6,2.1,0.745,0,3.17,0.275,AMSACRINE,0.135,novel,6.891
CHEMBL18182,Cc1ccc(-c2[nH]c(S(C)(=O)=O)nc2-c2ccccc2)cc1,-6.79,312.4,3.46,62.8,1,3,3,2.09,0.805,0,2.7,0.327,VALDECOXIB,0.125,novel,6.89
CHEMBL279261,OC1(c2ccc(-c3ccccc3)cc2)CN2CCC1CC2,-7.16,279.4,3.27,23.5,1,2,2,3.35,0.912,0,1.63,0.268,FELBINAC,0.131,novel,6.889
CHEMBL296062,CCNCC1CCC(c2c(F)cc3c(=O)c(C(=O)O)cn(CC)c3c2F)C1,-6.87,378.4,3.49,71.3,2,3,6,3.48,0.807,0,2.45,0.5,LOMEFLOXACIN,0.136,novel,6.889
CHEMBL18373,CC(C)S(=O)(=O)c1c(O)n(Cc2ccccc2)c(=O)c2ccccc12,-6.61,357.4,2.94,76.4,1,4,4,2.23,0.779,0,3.19,0.34,AMPHETAMINE SULFATE,0.188,novel,6.889
CHEMBL49649,C[C@H](NC(=O)NCc1ccccc1)c1nc2ccsc2c(=O)o1,-6.88,329.4,2.81,84.2,2,5,4,2.81,0.771,0,2.43,0.323,LACOSAMIDE,0.194,novel,6.888
CHEMBL274391,COc1cccc2c1CCC[C@H]2CN(C)CCc1ccc2c(c1)OCC2,-6.99,351.5,4.22,21.7,0,3,6,2.91,0.778,0,2.12,0.295,VERAPAMIL,0.095,novel,6.887
CHEMBL6412,COc1nc(Cl)cnc1NS(=O)(=O)c1cccc2c(N(C)C)cccc12,-6.81,392.9,3.16,84.4,1,6,5,2.5,0.718,0,2.61,0.333,SULFALENE,0.135,novel,6.886
CHEMBL26661,CCc1cc(-n2ncc(=O)[nH]c2=O)cc(C)c1Sc1ccc(Cl)cc1,-6.71,373.9,3.6,67.8,1,4,4,2.66,0.758,0,2.91,0.239,ZOMEPIRAC,0.081,novel,6.886
CHEMBL277033,OC1CCCCC1N1CC=C(c2ccc(Cl)cc2)CC1,-7.21,291.8,3.73,23.5,1,2,2,3.04,0.897,0,1.49,0.236,PITOLISANT,0.058,novel,6.885
CHEMBL25403,c1cc(C2=NCCN2)ccc1OC[C@@H]1C[C@H]1COc1ccc(C2=NCCN2)cc1,-6.76,390.5,2.48,67.2,2,6,8,3.49,0.727,0,2.75,0.289,TOLAZOLINE,0.092,novel,6.885
CHEMBL30091,NS(=O)(=O)c1ccc(-n2nc(C(F)(F)F)cc2C2=CCCCC2)cc1,-6.76,371.4,3.5,78.0,1,3,3,2.57,0.897,0,2.76,0.585,CELECOXIB,0.098,novel,6.885
CHEMBL35450,CCc1nc2c(C(F)(F)F)cccc2c(O)c1C(=O)Nc1nccn1C,-6.89,364.3,3.51,80.0,2,4,3,2.79,0.745,0,2.38,0.256,MEFLOQUINE,0.181,novel,6.884
CHEMBL40489,Cc1nn(C)c(NC(=O)C(C)N2CCCC2)c1C(=O)c1ccccc1F,-6.52,358.4,2.52,67.2,1,4,5,2.75,0.834,0,3.44,0.266,PYROVALERONE,0.146,novel,6.884
CHEMBL24307,CCOC(=O)c1c(C)cc2cnn(-c3ccc(O)cc3)c(=O)c2c1C,-6.69,338.4,2.88,81.4,1,5,3,2.41,0.743,0,2.94,0.273,ETOMIDATE,0.108,novel,6.883
CHEMBL275425,Cc1c(N2CC[C@H](N)C2)c(F)cn2c(=O)c(C(=O)O)cc(C3CCC3)c12,-6.87,359.4,2.25,88.0,2,4,3,3.21,0.878,0,2.43,0.408,BESIFLOXACIN,0.088,novel,6.882
CHEMBL33115,CCCn1c(=O)c2nc(CCc3ccccc3)[nH]c2n(CCC)c1=O,-6.62,340.4,2.49,72.7,1,3,7,2.46,0.718,0,3.13,0.283,FENSPIRIDE,0.145,novel,6.882
CHEMBL277110,CN(C)C(=O)N1Cc2c(C(=O)OC(C)(C)C)ncn2-c2ccc(Cl)cc21,-6.55,376.8,3.48,67.7,0,4,1,2.81,0.714,0,3.35,0.356,FLUMAZENIL,0.091,novel,6.882
CHEMBL37024,CCOc1ccc(F)c([C@H]2C[C@H]2NC(=O)Nc2ccc(Cl)cn2)c1F,-6.91,367.8,4.09,63.2,2,3,5,3.19,0.836,0,2.32,0.284,EDOXABAN,0.126,novel,6.881
CHEMBL9783,COc1cccc2c1CCC[C@H]2CN(C)CCc1ccc2c(c1)OCO2,-6.86,353.5,4.02,30.9,0,4,6,2.81,0.785,0,2.45,0.282,VERAPAMIL,0.096,novel,6.881
CHEMBL287036,CCCN1C[C@]2(CCN3CCc4cc(OC)c(OC)cc4[C@@H]3C2)OC1=O,-6.49,360.5,3.0,51.2,0,5,4,3.86,0.826,0,3.52,0.418,TETRABENAZINE,0.103,novel,6.879
CHEMBL23576,COc1cc2c(cc1O)CCC1C2CCC2(C)C(O)CCC12,-7.08,302.4,3.62,49.7,2,3,1,3.64,0.833,0,1.83,0.66,ESTRADIOL,0.059,novel,6.878
CHEMBL43404,Cc1c(C(=O)CN2CCCCC2)c(C)n(C)c1C(=O)c1ccc(Cl)cc1,-6.83,372.9,4.19,42.3,0,3,5,2.25,0.739,0,2.55,0.411,ZOMEPIRAC,0.099,novel,6.878
CHEMBL58377,COc1ccccc1N1CCN(CCNC(=O)c2ccc(F)cc2)CC1,-6.68,357.4,2.39,44.8,1,4,6,1.77,0.862,0,2.96,0.429,MOCLOBEMIDE,0.167,novel,6.876
CHEMBL39028,Cn1cc(C(=O)CN2CCCC2)cc1C(=O)c1ccc(Cl)cc1,-6.68,330.8,3.19,42.3,0,3,5,2.19,0.791,0,2.96,0.357,ZOMEPIRAC,0.103,novel,6.876
CHEMBL27579,CCN(CC)C(=O)c1ccc(C(c2ccccc2)N2CCNC3CCCCC32)cc1,-7.17,405.6,4.47,35.6,1,3,6,3.3,0.77,0,1.55,0.349,METHYLPHENIDATE,0.203,novel,6.875
CHEMBL276735,CN1CCN(c2nc3ccccc3n2CCOc2ccccc2)CC1,-6.67,336.4,2.87,33.5,0,4,5,1.98,0.717,0,2.99,0.66,EMEDASTINE,0.117,novel,6.875
CHEMBL32559,C[C@@H](NC(=O)N1C(=O)CC1SCc1ccncc1)c1ccccc1,-6.66,341.4,3.34,62.3,1,4,5,3.21,0.847,0,3.02,0.323,TROPICAMIDE,0.205,novel,6.875
CHEMBL298828,CCCN1CC[C@@H]2CCC[C@@H](C(=O)OCc3ccccc3)N2C1=O,-6.62,330.4,3.19,49.9,0,3,5,2.99,0.779,0,3.12,0.347,CILAZAPRIL,0.16,novel,6.875
CHEMBL413256,COc1ccc(COC2CNCCC2c2ccc(Cl)cc2)cc1,-7.07,331.8,4.01,30.5,1,3,5,2.73,0.898,0,1.85,0.313,PAROXETINE,0.069,novel,6.874
CHEMBL17732,O=S(=O)(Nc1cccc(Oc2ccccn2)c1)C(F)(F)F,-6.7,318.3,3.14,68.3,1,4,4,2.2,0.94,0,2.9,0.278,SULFAPYRIDINE,0.133,novel,6.874
CHEMBL18482,CC(/N=c1\c(O)c(O)\c1=N/c1cccc2cccnc12)C(C)(C)C,-6.89,323.4,3.09,78.1,2,5,2,3.74,0.76,0,2.36,0.294,BROXYQUINOLINE,0.13,novel,6.873
CHEMBL15723,O=C(Nc1cc(C(F)(F)F)cc(C(F)(F)F)c1)NN1CCOCC1,-6.77,357.3,3.09,53.6,2,3,2,2.47,0.8,0,2.71,0.268,LEFLUNOMIDE,0.125,novel,6.873
CHEMBL290844,COc1ccc2c(c1)N=C(N1CCN(CCO)CC1)c1cscc1O2,-6.54,359.5,2.55,57.5,1,7,3,2.75,0.913,0,3.35,0.377,QUETIAPINE,0.086,novel,6.872
CHEMBL25854,Cc1cc(NS(=O)(=O)c2cccc3c(N(C)C)cccc23)on1,-6.68,331.4,3.0,75.4,1,5,4,2.37,0.795,0,2.94,0.304,SULFAMETHOXAZOLE,0.145,novel,6.871
CHEMBL41456,c1ccc(CCN2c3ccccc3CC2C2=NCCN2)cc1,-6.97,291.4,2.66,27.6,1,3,4,2.89,0.938,0,2.12,0.375,TOLAZOLINE,0.113,novel,6.87
CHEMBL275205,COc1ccc2c(c1)C(N1CCN(C(=O)C3CC3)CC1)CCC2,-6.72,314.4,2.63,32.8,0,3,3,2.56,0.86,0,2.83,0.338,PRAZIQUANTEL,0.098,novel,6.87
CHEMBL276976,Cc1ccncc1C1=C(c2ccc(S(C)(=O)=O)cc2)CCC1=O,-6.49,327.4,3.07,64.1,0,4,3,2.47,0.869,0,3.48,0.392,ROFECOXIB,0.062,novel,6.87
CHEMBL12809,CC(C)(C)c1cc(/C=C/c2nnc(N)o2)cc(C(C)(C)C)c1O,-7.16,315.4,4.12,85.2,2,5,2,2.88,0.87,0,1.56,0.341,PROBUCOL,0.075,novel,6.869
CHEMBL275273,CCOC(=O)Nc1ccc2c(Cl)c(OC)oc(=O)c2c1,-6.81,297.7,3.02,77.8,1,5,3,2.45,0.942,0,2.57,0.328,EZOGABINE,0.128,novel,6.869
CHEMBL6209,CCNCC1CCN(c2c(F)cc3c(=O)c(C(=O)O)cn(CC)c3c2F)C1,-6.78,379.4,2.43,74.6,2,4,6,3.11,0.806,0,2.66,0.667,LOMEFLOXACIN,0.149,novel,6.869
CHEMBL53428,CN(C)c1cc2ncnc(Nc3cccc(Br)c3)c2cn1,-6.76,344.2,3.6,53.9,1,5,3,2.38,0.787,0,2.71,0.397,ERLOTINIB,0.097,novel,6.869
CHEMBL6276,CCNCC1CCN(c2c(F)cc3c(=O)c(C(=O)O)cn(C4(C)CC4)c3c2F)C1,-6.85,405.4,2.92,74.6,2,4,6,3.47,0.773,0,2.45,0.493,LOMEFLOXACIN,0.13,novel,6.868
CHEMBL269570,NC(=O)c1cc2c(SCc3ccc(Cl)cc3)cncc2s1,-6.92,334.9,4.34,56.0,1,4,4,2.46,0.722,0,2.26,0.257,SULCONAZOLE NITRATE,0.11,novel,6.867
CHEMBL24083,Cc1cc(NCCN2CCOCC2)nnc1-c1ccccc1,-6.86,298.4,2.2,50.3,1,5,5,2.18,0.917,0,2.44,0.615,MINAPRINE,0.114,novel,6.867
CHEMBL49336,C[C@H](NC(=O)OCc1ccccc1)c1nc2ccsc2c(=O)o1,-6.77,330.4,3.24,81.4,1,6,4,2.84,0.794,0,2.67,0.309,BENZYL BENZOATE,0.173,novel,6.867
CHEMBL18889,CCc1nc2c([nH]1)N(Cc1ccc(Cl)cc1)C1=NCCN1C2=O,-6.59,329.8,2.46,64.6,1,4,3,2.97,0.94,0,3.18,0.253,AZELASTINE,0.091,novel,6.867
CHEMBL297585,O=C(c1ccccc1Cl)c1c(NC(=O)C2CC2)sc2c1CCN(C(=O)C1CC1)C2,-6.98,428.9,4.28,66.5,1,4,5,2.37,0.723,0,2.06,0.27,PRAZIQUANTEL,0.115,novel,6.866
CHEMBL9612,CN(CCc1ccc2c(c1)OCO2)C[C@@H]1CC[C@@H]2CCOc3cccc1c32,-6.91,365.5,4.33,30.9,0,4,5,3.35,0.789,0,2.29,0.25,RAMELTEON,0.099,novel,6.866
CHEMBL54390,COc1cc2c(cc1OCc1ccccc1)N=C[C@@H]1CC(CCO)=CN1C2=O,-6.7,378.4,3.47,71.4,1,5,6,3.32,0.836,0,2.86,0.316,DONEPEZIL,0.131,novel,6.866
CHEMBL32993,COc1ccc2c(c1)C13CCN(CC4CCC4)C(C2)[C@H]1C[C@@H](C)C(=O)C3,-6.85,353.5,3.98,29.5,0,3,3,4.53,0.823,0,2.44,0.492,DEXTROMETHORPHAN,0.09,novel,6.865
CHEMBL276943,COc1cc2nc(-c3ccccc3F)nc(O)c2cc1OC,-6.73,300.3,3.16,64.5,1,5,3,2.11,0.805,0,2.79,0.316,ATALUREN,0.119,novel,6.865
CHEMBL269758,C#C/C=C1\CCC(c2cccc3ccccc23)C(=O)O1,-7.13,262.3,3.78,26.3,0,2,1,3.39,0.577,0,1.65,0.25,RASAGILINE,0.2,novel,6.864
CHEMBL28344,CCc1nccn1-c1ccc(C2=CCCn3c2cnc3C)cc1,-6.92,304.4,3.78,35.6,0,2,3,2.86,0.738,0,2.24,0.217,NEFAZODONE,0.071,novel,6.864
CHEMBL58880,CC1CCCC(C)N1CCCC(C(N)=O)(c1ccccc1)c1ccccn1,-6.74,365.5,3.9,59.2,1,3,7,3.51,0.81,0,2.75,0.534,DISOPYRAMIDE,0.16,novel,6.864
CHEMBL53777,CN(C)c1ncc2ncnc(Nc3cccc(Br)c3)c2n1,-6.56,345.2,2.99,66.8,1,6,3,2.45,0.787,0,3.26,0.309,ERLOTINIB,0.111,novel,6.864
CHEMBL277478,COc1cc2c(c(OC)c1OC)c1c3c(cc4c1n2C(=O)CC4)CNCC3,-6.56,366.4,3.05,61.7,1,5,3,3.0,0.772,0,3.27,0.254,TRIMETAZIDINE,0.046,novel,6.862
CHEMBL56903,CC(C)c1ccc(C2OCCc3ccccc32)c(O)c(=O)c1,-6.95,296.4,3.54,46.5,1,3,2,2.97,0.922,0,2.14,0.316,NEFOPAM,0.159,novel,6.861
CHEMBL287733,COc1ccc(C(=O)c2c(NC(C)=O)sc3c2CCN(C(C)=O)C3)cc1,-6.59,372.4,2.85,75.7,1,5,4,2.24,0.838,0,3.17,0.288,AVOBENZONE,0.107,novel,6.861
CHEMBL32918,C[C@@H](NC(=O)N1C(=O)CC1SCc1ccccc1)c1ccccc1,-6.87,340.4,3.95,49.4,1,3,5,3.01,0.839,0,2.38,0.306,NATEGLINIDE,0.219,novel,6.86
CHEMBL54055,CC(C)(CO)CNC(=O)N1CCCC[C@H]1C(=O)OCc1ccccc1,-6.8,348.4,2.31,78.9,2,4,6,2.68,0.773,0,2.57,0.356,ENALAPRIL,0.159,novel,6.86
CHEMBL6576,COc1nc(Br)cnc1NS(=O)(=O)c1cccc2ccccc12,-6.77,394.3,3.2,81.2,1,5,4,2.32,0.735,0,2.65,0.357,SULFALENE,0.176,novel,6.858
CHEMBL47650,O=C(OC1CN2CCC1CC2)[C@](O)(c1ccccc1)c1ccc(CF)cc1,-6.65,369.4,3.03,49.8,1,4,5,3.92,0.823,0,2.99,0.482,CLIDINIUM,0.153,novel,6.857
CHEMBL35848,CC(=O)Nc1ccc([C@@H]2CN3CCC[C@H]3c3ccccc32)cc1,-7.1,306.4,3.93,32.3,1,2,2,2.78,0.912,0,1.7,0.386,ACETANILIDE,0.128,novel,6.856
CHEMBL290124,Oc1cc(COc2ccccc2)nc(SC2CCCC2)n1,-6.91,302.4,3.8,55.2,1,5,5,2.36,0.851,0,2.25,0.319,MONOBENZONE,0.147,novel,6.856
CHEMBL263081,COc1ccc(Sc2cncc3sc(C(N)=O)cc23)cc1,-6.74,316.4,3.56,65.2,1,5,4,2.47,0.799,0,2.72,0.255,MEQUINOL,0.11,novel,6.856
CHEMBL12690,O=C(OC1CN2CCC1CC2)C(O)(c1ccccc1)C1CCCCC1,-6.68,343.5,3.09,49.8,1,4,4,3.89,0.854,0,2.9,0.519,GLYCOPYRRONIUM,0.143,novel,6.855
CHEMBL265663,CCNCC1CCN(c2c(F)cc3c(=O)c(C(=O)O)cn(CC(F)(F)F)c3c2F)C1,-6.94,433.4,2.98,74.6,2,4,6,3.29,0.686,0,2.16,0.58,LOMEFLOXACIN,0.156,novel,6.854
CHEMBL266723,CN1CCN(C2=Nc3cc(Cl)ccc3N(C)c3ccccc32)CC1,-6.89,340.9,3.75,22.1,0,4,0,2.34,0.729,0,2.29,0.62,CLOZAPINE,0.075,novel,6.854
CHEMBL20104,CCC(C)(C)/N=c1\c(O)c(O)\c1=N/Cc1cc(C)cc(C)c1,-6.78,300.4,2.78,65.2,2,4,4,3.4,0.912,0,2.61,0.241,METHYLDOPATE,0.097,novel,6.854
CHEMBL266720,CC(C)(C)NCC(O)COC(=O)C1c2ccccc2-c2ccccc21,-6.76,339.4,3.09,58.6,2,4,5,2.77,0.822,0,2.65,0.491,PENBUTOLOL,0.197,novel,6.853
CHEMBL12624,Cc1cccc(S(=O)(=O)N2CCC[C@@H]2CCN2CCC(C)CC2)c1,-6.62,350.5,3.27,40.6,0,3,5,2.61,0.818,0,3.05,0.307,ELETRIPTAN,0.092,novel,6.853
CHEMBL281588,c1ccc(-c2ccc(NCCN3CCCCC3)nn2)cc1,-6.93,282.4,3.04,41.0,1,4,5,1.93,0.915,0,2.17,0.472,MINAPRINE,0.108,novel,6.852
CHEMBL414174,Cc1[nH]cnc1CCC(=O)N1CC(C)(C)c2ccccc21,-6.85,283.4,2.98,49.0,1,2,3,2.64,0.941,0,2.39,0.314,ALOSETRON,0.152,novel,6.851
CHEMBL22275,CC(C)c1cccc(C(C)C)c1NC(=O)NS(=O)(=O)N1CCCCC1,-6.91,367.5,3.79,78.5,2,3,5,2.35,0.831,0,2.23,0.34,TOLAZAMIDE,0.152,novel,6.85
CHEMBL13760,COc1ccc2c(c1)OC=C(c1ccc(OC)c(OC)c1)[C@@H]2O,-6.73,314.3,3.18,57.2,1,5,4,2.95,0.939,0,2.74,0.308,METHOXAMINE,0.069,novel,6.85
CHEMBL290582,Cc1cc2c(cc1C)N(C)S(=O)(=O)C1=CC=CN(C(C)C)C1=N2,-6.58,331.4,3.23,53.0,0,4,1,3.56,0.794,0,3.18,0.221,OLANZAPINE,0.07,novel,6.85
CHEMBL279485,OC1CCCCC1N1CCN(Cc2ccc3c(c2)OCO3)CC1,-6.88,318.4,1.84,45.2,1,5,3,2.88,0.921,0,2.3,0.458,FIPEXIDE,0.083,novel,6.849
CHEMBL275258,O=C1c2ccccc2CCCN1CCN1CCC(N2C(=O)Cc3ccccc32)CC1,-6.67,403.5,3.13,43.9,0,3,4,2.41,0.788,0,2.9,0.29,PALONOSETRON,0.094,novel,6.849
CHEMBL21801,COc1ccc2c3c(c(=O)n(C)c2c1OC)C=CC(C)(C)O3,-6.6,301.3,2.74,49.7,0,4,2,2.86,0.856,0,3.1,0.254,ISTRADEFYLLINE,0.102,novel,6.849
CHEMBL6382,Cc1nc(Br)cnc1NS(=O)(=O)c1cccc2c(N(C)C)cccc12,-6.87,421.3,3.57,75.2,1,5,4,2.56,0.697,0,2.33,0.222,SULFAMERAZINE,0.139,novel,6.848
CHEMBL278380,CNc1cc(OC)c(C(=O)NC2CCN(Cc3ccccc3)C2)cc1Cl,-6.83,373.9,3.39,53.6,2,4,6,2.5,0.814,0,2.44,0.393,CISAPRIDE,0.151,novel,6.847
CHEMBL290666,O=C(Nc1cccnc1)N1CCc2cc(OCC3CC3)c(C(F)(F)F)cc21,-6.91,377.4,4.48,54.5,1,3,4,2.5,0.855,0,2.22,0.317,ROFLUMILAST,0.143,novel,6.846
CHEMBL18830,CC(/N=c1\c(O)c(O)\c1=N/c1ccc(-n2ccnc2)cc1)C(C)(C)C,-6.78,338.4,2.73,83.0,2,5,3,3.76,0.77,0,2.59,0.242,PINACIDIL ANHYDROUS,0.087,novel,6.846
CHEMBL295533,C[C@H](COc1cc(F)ccc1F)NC(=O)C(C#N)C(C)(C)C,-6.67,310.3,3.03,62.1,1,3,5,3.32,0.909,0,2.9,0.267,BICALUTAMIDE,0.167,novel,6.846
CHEMBL50245,CN(C)c1ccc2c(Nc3cccc(Br)c3)ncnc2n1,-6.74,344.2,3.6,53.9,1,5,3,2.37,0.787,0,2.71,0.313,ERLOTINIB,0.113,novel,6.845
CHEMBL27724,COc1ccc([C@]2(C#N)C[C@H]3C[C@@H](C(=O)O)C[C@H]3C2)cc1OC,-6.74,315.4,2.99,79.5,1,4,4,3.78,0.924,0,2.71,0.312,ADAPALENE,0.101,novel,6.845
CHEMBL27500,CCOc1cc([C@]2(C#N)C[C@H]3C[C@@H](C(=O)O)C[C@H]3C2)ccc1OC,-6.77,329.4,3.38,79.5,1,4,5,3.81,0.896,0,2.62,0.3,FINERENONE,0.12,novel,6.844
CHEMBL273221,CCN1Cc2ccccc2C(=O)c2ccc(CC(=O)O)cc21,-6.72,295.3,2.88,57.6,1,3,3,2.24,0.946,0,2.75,0.385,OLOPATADINE,0.158,novel,6.844
CHEMBL17671,CN1CCN(CC(=O)N2c3ccccc3NC(=O)c3cscc32)CC1,-6.6,356.5,2.23,55.9,1,5,2,2.64,0.897,0,3.1,0.6,PIRENZEPINE,0.164,novel,6.844
CHEMBL287058,O=S1(=O)NC(NCc2ccccc2)=Nc2ncc(Cl)cc21,-7.0,322.8,1.8,83.5,2,5,2,2.91,0.883,0,1.95,0.333,DIAZOXIDE,0.128,novel,6.843
CHEMBL48721,CCN1CCC[C@H]1CNC(=O)c1cc2cc(Br)ccc2cc1O,-6.87,377.3,3.52,52.6,2,3,4,2.69,0.857,0,2.31,0.508,SULPIRIDE,0.133,novel,6.843
CHEMBL415300,CN1CCN(C2=Nc3ccccc3Nc3ccc(Cl)cc32)CC1,-6.99,326.8,3.72,30.9,1,4,0,2.33,0.8,0,1.97,0.822,CLOZAPINE,0.074,novel,6.842
CHEMBL280524,CN1CCC(O)(c2nc(-c3ccc(F)cc3)c(-c3ccncc3)s2)CC1,-6.81,369.5,3.92,49.2,1,5,3,2.57,0.76,0,2.48,0.261,HALOPERIDOL,0.089,novel,6.842
CHEMBL57798,CC(=O)Nc1cccc(COc2cccc3cnccc23)c1Cl,-6.97,326.8,4.43,51.2,1,3,4,2.13,0.771,0,2.03,0.293,CARBARIL,0.164,novel,6.841
CHEMBL55920,CCOC(=O)c1c(NC(=O)C(C)C)sc2c1CCN(Cc1ccccc1)C2,-6.82,386.5,4.08,58.6,1,5,6,2.15,0.76,0,2.45,0.316,ENALAPRIL,0.163,novel,6.841
CHEMBL278417,CCC(C)c1cc(C(=O)O)c(=O)n2cc(F)c(N3CC[C@H](N)C3)c(C)c12,-6.78,361.4,2.5,88.0,2,4,4,3.54,0.874,0,2.57,0.375,BESIFLOXACIN,0.13,novel,6.841
CHEMBL40996,CC(=O)N1CCc2c(sc(NC(=O)C3CCC3)c2C(=O)c2ccccc2Cl)C1,-6.92,416.9,4.28,66.5,1,4,4,2.34,0.756,0,2.17,0.269,CLOPIDOGREL,0.124,novel,6.84
CHEMBL45791,CC(C)[C@H](NC(=O)OCc1ccccc1)c1nc2ccsc2c(=O)o1,-6.78,358.4,3.87,81.4,1,6,5,2.92,0.749,0,2.57,0.309,RITONAVIR,0.169,novel,6.84
CHEMBL291702,COc1ccc(NC(=O)Nc2ccnc3ccccc23)cc1OC,-6.97,323.4,3.9,72.5,2,4,4,1.78,0.764,0,2.03,0.38,TIVOZANIB,0.143,novel,6.839
CHEMBL418581,Cc1cc(=O)c(C(=O)Nc2ccccc2)c(C)n1-c1ccccc1,-6.86,318.4,3.71,51.1,1,2,3,1.85,0.8,0,2.35,0.375,ACETANILIDE,0.171,novel,6.839
CHEMBL288960,O=C(Cn1ccnc1)Nc1c2c(nc3ccccc13)CCCC2,-6.68,306.4,2.95,59.8,1,3,3,2.32,0.809,0,2.86,0.407,TACRINE,0.178,novel,6.838
CHEMBL267764,Cc1ccc(C)n1Nc1nnc(N2CCOCC2)c2ccccc12,-6.62,323.4,2.76,55.2,1,5,3,2.66,0.803,0,3.02,0.339,MINAPRINE,0.119,novel,6.838
CHEMBL418523,c1cc(NC2=NCCN2)ccc1Cc1ccc(OC2CCCC2)cc1,-7.03,335.5,3.97,45.7,2,4,5,2.28,0.869,0,1.84,0.353,CLONIDINE,0.068,novel,6.834
CHEMBL47132,Cc1nc(C)c(-c2ccnc(Nc3cccc(C#N)c3)n2)s1,-6.88,307.4,3.83,74.5,1,6,3,2.37,0.796,0,2.28,0.353,RILPIVIRINE,0.078,novel,6.834
CHEMBL301877,CN1C2CCCC1CC(NC(=O)c1c3ccccc3nn1C)C2,-6.75,312.4,2.32,50.2,1,3,2,3.88,0.926,0,2.63,0.654,GRANISETRON,0.157,novel,6.834
CHEMBL56411,COc1cccc(C(=O)NC2(C(=O)c3cc(C)cc(C)c3)CCOCC2)c1C,-6.7,381.5,3.78,64.6,1,4,5,2.51,0.801,0,2.8,0.262,METHOCARBAMOL,0.138,novel,6.834
CHEMBL301522,OC(COc1ccccc1)CN1CCN(c2ccccc2)CC1,-6.88,312.4,2.25,35.9,1,4,6,2.15,0.887,0,2.27,0.463,NAFTOPIDIL,0.143,novel,6.833
CHEMBL298060,O=C(COc1ccc(Cl)cc1C(=O)c1ccccc1)NC1CCCCC1,-6.86,371.9,4.4,55.4,1,3,6,1.88,0.766,0,2.33,0.387,GLYBURIDE,0.165,novel,6.833
CHEMBL264721,COc1cc2nc(N3CCN(/C(S)=N/c4ccccc4)CC3)nc(N)c2cc1OC,-7.0,424.5,2.97,89.1,2,7,4,2.65,0.378,0,1.93,0.578,PRAZOSIN,0.114,novel,6.832
CHEMBL301549,COc1ccc2c(Nc3cccc(Br)c3)ncnc2n1,-6.71,331.2,3.54,59.9,1,5,3,2.23,0.795,0,2.76,0.375,ERLOTINIB,0.113,novel,6.832
CHEMBL279758,COc1ccc(Nc2c(C#N)cnc3cc(OC)c(OC)cc23)cc1,-6.81,335.4,3.88,76.4,1,6,5,2.08,0.762,0,2.47,0.485,BOSUTINIB,0.061,novel,6.83
CHEMBL15051,CCCCC(=O)c1ccc2c(c1)sc(=O)n2CCN1CCOCC1,-6.42,348.5,2.77,51.5,0,5,7,2.33,0.722,0,3.56,0.371,DYCLONINE,0.16,novel,6.83
CHEMBL298685,COc1ccc(CNc2c3c(nc4ccccc24)CCCC3O)cc1,-7.01,334.4,4.23,54.4,2,4,4,2.67,0.75,0,1.88,0.328,TACRINE,0.145,novel,6.828
CHEMBL268652,CNc1ncnc2c1ncn2Cc1ccccc1C(F)(F)F,-6.69,307.3,2.94,55.6,1,4,3,2.38,0.808,0,2.78,0.256,TENOFOVIR ALAFENAMIDE,0.143,novel,6.827
CHEMBL33828,Cc1noc(/C=C/c2ccccc2OCC(O)CNC(C)(C)C)c1Cl,-6.82,364.9,3.93,67.5,2,5,7,3.14,0.779,0,2.42,0.444,PENBUTOLOL,0.156,novel,6.825
CHEMBL35173,CCN1C=CC=C2C1=Nc1cc(C)c(C)cc1N(C)S2(=O)=O,-6.52,317.4,2.85,53.0,0,4,1,3.51,0.8,0,3.26,0.203,OLANZAPINE,0.074,novel,6.825
CHEMBL289983,O=C(O)CN1CN(Cc2ccc(Cl)c(Cl)c2)C(=O)c2cc(Cl)ccc21,-6.84,399.7,4.15,60.9,1,3,4,2.43,0.839,0,2.34,0.281,DIAZEPAM,0.108,novel,6.824
CHEMBL406845,CC(C)(C)n1nc(-c2ccc(Cl)cc2)c2c(N)ncnc21,-6.78,301.8,3.48,69.6,1,4,1,2.35,0.747,0,2.54,0.324,IBRUTINIB,0.064,novel,6.824
CHEMBL266563,O=C(c1cccc(Cl)c1)c1ccc2n1CCCC2C(=O)O,-6.75,303.7,3.33,59.3,1,2,3,2.79,0.885,0,2.61,0.63,KETOROLAC,0.143,novel,6.824
CHEMBL43254,Cc1nn(C)c(NC(=O)CN2CCCC2)c1C(=O)c1ccccc1F,-6.58,344.4,2.13,67.2,1,4,5,2.25,0.844,0,3.09,0.293,RANOLAZINE,0.16,novel,6.824
CHEMBL43183,O=S(=O)(Nc1ccc(Br)cc1)c1ccc2c(c1)CNC(CF)C2,-6.82,399.3,3.23,58.2,2,3,4,2.89,0.83,0,2.4,0.262,BELINOSTAT,0.084,novel,6.823
CHEMBL300717,CC(=O)N1C(=O)C(C)C2C1CCN2C(=O)OCc1ccccc1,-6.59,316.4,1.79,66.9,0,4,2,3.31,0.834,0,3.06,0.333,BENZYL BENZOATE,0.152,novel,6.823
CHEMBL291232,O=C(NCCc1ccccc1)C1CCCN1S(=O)(=O)c1ccccc1,-6.52,358.5,2.2,66.5,1,3,6,2.23,0.861,0,3.28,0.381,ENALAPRILAT ANHYDROUS,0.145,novel,6.823
CHEMBL56238,COc1ccccc1C1(c2ccccc2)C(=O)Nc2ccccc21,-7.0,315.4,3.98,38.3,1,2,3,2.52,0.794,0,1.89,0.525,OXYPHENISATINE,0.113,novel,6.822
CHEMBL6262,CCNCC1CCN(c2c(F)cc3c(=O)c(C(=O)O)cn(C4CCC4)c3c2F)C1,-6.85,405.4,3.14,74.6,2,4,6,3.13,0.772,0,2.33,0.521,BESIFLOXACIN,0.144,novel,6.821
CHEMBL299890,COC(=O)C1C(c2ccc(F)cc2)CC2CCC1N2Cc1ccccc1,-6.84,353.4,4.14,29.5,0,3,4,3.92,0.774,0,2.35,0.574,IOFLUPANE,0.175,novel,6.821
CHEMBL50612,COc1cccc(OC)c1CN1C(=O)C2CCCN2c2ncccc21,-6.42,339.4,2.61,54.9,0,5,4,2.82,0.857,0,3.54,0.297,PIRENZEPINE,0.09,novel,6.821
CHEMBL268569,CCC[C@@H]1CCc2cc3c(C(F)(F)F)cc(O)nc3cc2N1,-7.2,310.3,4.49,45.2,2,3,2,3.36,0.859,0,1.31,0.268,OXAMNIQUINE,0.123,novel,6.82
CHEMBL59203,CNC1=Nc2ccc(N(C)Cc3ccncc3)c3c(C)ccc1c23,-6.94,316.4,3.79,40.5,1,4,3,2.83,0.799,0,2.05,0.25,TROPICAMIDE,0.073,novel,6.82
CHEMBL51925,Cc1cc(N(C)C(=O)C2=C(N3CCCC3)c3ccccc3S(=O)(=O)N2C)no1,-6.7,402.5,2.04,87.0,0,6,3,3.03,0.781,0,2.76,0.492,ISOXICAM,0.111,novel,6.82
CHEMBL415290,CCOC(=O)c1ncn2c1CN(C)C(=O)c1cc(Cl)ccc1-2,-6.47,319.7,2.29,64.4,0,4,2,2.52,0.797,0,3.39,0.782,FLUMAZENIL,0.105,novel,6.82
CHEMBL46642,Cc1cc(C)cc(Nc2nccc(-n3ccnc3C3CC3)n2)c1,-6.88,305.4,3.9,55.6,1,4,4,2.5,0.794,0,2.23,0.254,RILPIVIRINE,0.067,novel,6.818
CHEMBL56584,Nc1nc2c(s1)C[C@@H](N1CCN(c3ccccn3)CC1)CC2,-6.77,315.4,1.8,58.3,1,6,2,2.97,0.916,0,2.55,0.356,PRAMIPEXOLE,0.078,novel,6.818
CHEMBL286497,O=S(=O)(Nc1ccc(Cl)cc1)c1ccc2c(c1)CNCC2,-6.73,322.8,2.79,58.2,2,3,3,2.05,0.913,0,2.66,0.34,LORCASERIN,0.063,novel,6.818
CHEMBL18861,C[C@](O)(C(=O)Nc1ccc(C(=O)c2ccccc2)cc1)C(F)(F)F,-6.71,337.3,3.17,66.4,2,3,4,2.41,0.842,0,2.7,0.368,ACETANILIDE,0.215,novel,6.817
CHEMBL276088,Cc1nc2c([nH]1)N(Cc1ccc(Cl)cc1)C1=NCCN1C2=O,-6.64,315.8,2.2,64.6,1,4,2,2.97,0.924,0,2.91,0.257,AZELASTINE,0.092,novel,6.817
CHEMBL48367,Cc1ccc(S(=O)(=O)N[C@@H](C)c2nc3ccsc3c(=O)o2)cc1,-6.63,350.4,2.6,89.3,1,6,4,2.92,0.781,0,2.92,0.271,SULFATHIAZOLE,0.089,novel,6.816
CHEMBL25234,CCCc1cc2c(cc1O)C(C)C(Cc1ccc(OC)cc1)O2,-7.09,312.4,4.46,38.7,1,3,5,3.13,0.886,0,1.61,0.277,MEQUINOL,0.111,novel,6.815
CHEMBL6888,Clc1ccc2nc(N3CCNCC3)c(Sc3ccccc3)nc2c1,-6.81,356.9,3.84,41.1,1,5,3,2.35,0.772,0,2.41,0.367,AMOXAPINE,0.127,novel,6.814
CHEMBL24429,CS(=O)(=O)c1ccc(C2=C(c3cccnc3)C(=O)CC2)cc1,-6.42,313.4,2.76,64.1,0,4,3,2.34,0.874,0,3.52,0.468,ROFECOXIB,0.078,novel,6.814
CHEMBL296184,CN(C)[C@@H]1Cc2ccccc2C[C@H]1N(C)C(=O)c1ccc(Cl)c(Cl)c1,-6.91,377.3,4.16,23.6,0,2,3,3.1,0.802,0,2.11,0.323,INDAPAMIDE,0.135,novel,6.812
CHEMBL282078,CCNC1CCN(c2nc3c(cc2F)c(=O)c(C(=O)O)cn3C(C)(C)C)C1,-6.86,376.4,2.18,87.5,2,5,4,3.21,0.85,0,2.26,0.5,ENOXACIN,0.132,novel,6.812
CHEMBL50073,CC(=O)N1C(=O)[C@@H](C)C2[C@@H]1CCN2C(=O)OCc1ccccc1,-6.58,316.4,1.79,66.9,0,4,2,3.31,0.834,0,3.06,0.333,BENZYL BENZOATE,0.152,novel,6.812
CHEMBL267125,Cc1ccc(Sc2cncc3sc(C(N)=O)cc23)cc1C,-6.89,314.4,4.16,56.0,1,4,3,2.59,0.789,0,2.17,0.24,PYRAZINAMIDE,0.113,novel,6.811
CHEMBL19006,O=C(NC1CN2CCC1CC2)c1cc(Cl)cc2nc[nH]c12,-6.87,304.8,2.04,61.0,2,3,2,3.84,0.892,0,2.24,0.25,CISAPRIDE,0.082,novel,6.811
CHEMBL286079,CCCCN1N=C2/C(=C/c3cccnc3)CSCC2C1c1cccnc1,-6.79,364.5,4.44,41.4,0,5,5,3.74,0.787,0,2.47,0.297,NICOTINE,0.112,novel,6.81
CHEMBL34664,O=C(O)Cn1c2ccccc2c(=O)n1Cc1ccc(Br)cc1F,-6.49,379.2,2.84,64.2,1,2,4,2.49,0.758,0,3.33,0.274,BENDAZAC,0.191,novel,6.81
CHEMBL21243,OC1CCCCC1N1CCC(CCCc2ccccc2)CC1,-7.15,301.5,4.02,23.5,1,2,5,2.75,0.888,0,1.41,0.326,PHENYLBUTANOIC ACID,0.139,novel,6.808
CHEMBL30567,c1ccc(CNc2nc(CN3CCCCC3)nc3ccsc23)cc1,-6.95,338.5,4.29,41.1,1,5,5,2.2,0.753,0,1.99,0.254,DIPHENIDOL,0.123,novel,6.808
CHEMBL21638,Cc1noc(C)c1C(c1ccc(C(C)C)cc1)N1CCN(CCO)CC1,-6.57,357.5,3.11,52.7,1,5,6,2.83,0.861,0,3.08,0.39,HYDROXYZINE,0.111,novel,6.808
CHEMBL14550,COc1cc(-c2cc(O)c3ccccc3n2)cc(OC)c1OC,-6.75,311.3,3.63,60.8,1,5,4,2.05,0.797,0,2.55,0.4,CINCHOPHEN,0.159,novel,6.807
CHEMBL40445,CN1CCC(OC(=O)c2ccccc2COc2ccccc2)CC1,-6.72,325.4,3.52,38.8,0,4,5,1.94,0.789,0,2.65,0.446,PROPIVERINE,0.162,novel,6.807
CHEMBL279651,O=S1NC(Cc2ccc(OCc3ccccc3)cc2)=NO1,-6.68,302.4,2.32,59.9,1,4,5,3.13,0.922,0,2.75,0.429,MONOBENZONE,0.118,novel,6.807
CHEMBL25741,CNC1CCN(c2nc3c(cc2F)c(=O)c(C(=O)O)cn3C(C)(C)C)C1,-6.89,362.4,1.79,87.5,2,5,3,3.2,0.866,0,2.17,0.478,ENOXACIN,0.111,novel,6.806
CHEMBL35862,Cc1cccc(Cc2nc(SC3CCCCC3)n(C)c(=O)c2C)c1,-6.87,342.5,4.41,34.9,0,3,4,2.56,0.772,0,2.22,0.267,AZELASTINE,0.118,novel,6.806
CHEMBL285539,COc1ccc2c(c1)C13CCN(CC4CCC4)C(C2)C1CCC(=O)C3,-6.79,339.5,3.73,29.5,0,3,3,4.23,0.84,0,2.45,0.532,DEXTROMETHORPHAN,0.082,novel,6.806
CHEMBL18793,CCc1ccccc1-c1n[nH]c(-c2cccc(OC)c2OC)n1,-6.78,309.4,3.72,60.0,1,4,5,2.19,0.78,0,2.46,0.263,TRIMETAZIDINE,0.13,novel,6.806
CHEMBL267654,O=C(O)C1Cc2cc3c(-c4cccs4)noc3c(Cl)c2O1,-6.74,321.7,3.6,72.6,1,5,2,3.35,0.78,0,2.58,0.235,DICLOXACILLIN,0.115,novel,6.806
CHEMBL7053,CC[C@H]1Cc2cc3c(C(F)(F)F)cc(O)nc3cc2N[C@@H]1C,-7.16,310.3,4.34,45.2,2,3,1,3.83,0.823,0,1.4,0.233,MEFLOQUINE,0.111,novel,6.804
CHEMBL37803,CCc1cc(NCc2nc3c(C)ccc(C)c3o2)c(O)nc1C,-6.99,311.4,4.03,71.2,2,5,4,2.95,0.761,0,1.88,0.211,FLUPIRTINE,0.127,novel,6.804
CHEMBL9608,Clc1ccc(OCC2=Cc3ccccc3C3=NCCCN23)cc1,-6.96,324.8,4.23,24.8,0,3,3,2.58,0.844,0,1.94,0.328,MAZINDOL,0.093,novel,6.803
CHEMBL34492,C[C@H](NC1=NS(=O)(=O)c2cccnc2N1)C1CCCCC1,-6.95,308.4,2.11,83.5,2,5,2,3.36,0.874,0,1.99,0.265,ISAXONINE,0.098,novel,6.803
CHEMBL33837,Nc1c2c(nc3cc(Br)ccc13)N(Cc1ccccc1)CC2,-6.86,354.3,4.14,42.1,1,3,2,2.24,0.752,0,2.24,0.346,TACRINE,0.127,novel,6.803
CHEMBL274443,CC1(C)Oc2ccc(C#N)cc2C(Nc2ccc(Cl)cc2)C1O,-6.86,328.8,3.9,65.3,2,4,2,3.12,0.877,0,2.24,0.246,EFAVIRENZ,0.09,novel,6.803
CHEMBL286801,C[C@H]1C[C@H]2C3Cc4ccc(O)cc4C2(CCN3CC2CC2)CC1=O,-6.8,325.5,3.29,40.5,1,3,2,4.64,0.907,0,2.41,0.492,LEVALLORPHAN,0.114,novel,6.803
CHEMBL9303,COc1ccc(CCCN2CCC(COCc3ccccn3)CC2)cc1,-6.74,354.5,3.95,34.6,0,4,9,2.05,0.683,0,2.58,0.364,ASTEMIZOLE,0.092,novel,6.803
CHEMBL17062,Cc1nc(-c2ccc(S(N)(=O)=O)cc2)c(-c2ccccc2)s1,-6.68,330.4,3.43,73.0,1,4,3,1.97,0.799,0,2.75,0.522,VALDECOXIB,0.123,novel,6.803
CHEMBL23176,N[C@H](C(=O)N1CCSC1)[C@H]1CC[C@H](NC(=O)OCc2ccccc2)CC1,-6.8,377.5,2.33,84.7,2,5,5,2.93,0.823,0,2.4,0.298,BENZYL BENZOATE,0.141,novel,6.802
CHEMBL57714,CN(C)c1cccc(NC(=O)Nc2ccnc3ccccc23)c1,-6.99,306.4,3.94,57.3,2,3,3,1.9,0.77,0,1.85,0.275,AMODIAQUINE,0.176,novel,6.801
CHEMBL25512,COc1ccc([C@@H]2Sc3ccccc3N3C(=O)CC[C@@H]23)cc1,-6.93,311.4,4.04,29.5,0,3,2,3.07,0.838,0,2.02,0.446,DILTIAZEM,0.087,novel,6.801
CHEMBL48083,COc1ccc(CN2C(=O)N(Cc3ccc(OC)cc3)C2=O)cc1,-6.5,326.4,3.26,59.1,0,4,6,1.94,0.817,0,3.25,0.379,MEQUINOL,0.094,novel,6.801
CHEMBL59293,CN1CCC(Nc2nc3ccccc3n2Cc2ccccc2)CC1,-6.93,320.4,3.59,33.1,1,3,4,2.0,0.797,0,2.04,0.59,ASTEMIZOLE,0.13,novel,6.8
CHEMBL274797,Cc1cccc(Nc2cc(Cl)nc(OCC(=O)O)n2)c1C,-6.88,307.7,2.95,84.3,2,5,5,2.35,0.826,0,2.16,0.404,MEFENAMIC ACID,0.155,novel,6.8
CHEMBL282375,CC(=O)N[C@@H]1c2cccc3c2-c2c1ccc1c2[C@@H](C3)N(C)CC1,-6.87,304.4,2.98,32.3,1,2,1,3.53,0.878,0,2.21,0.509,APOMORPHINE,0.125,novel,6.8
CHEMBL6778,CN(C)c1cccc2c(S(=O)(=O)Nc3ccc(Cl)cc3)cccc12,-6.83,360.9,4.36,49.4,1,3,4,1.93,0.752,0,2.32,0.259,CHLORPROPAMIDE,0.138,novel,6.8
CHEMBL57220,O=C1CC(c2cc3c(c(OC4CCCC4)c2)OCC3)CN1,-6.78,287.4,2.55,47.6,1,3,3,3.16,0.929,0,2.47,0.203,QUINESTROL,0.068,novel,6.8
CHEMBL285218,Cc1noc(/C=C/c2ccccc2OCC(O)CNC(C)(C)C)c1C,-6.76,344.5,3.59,67.5,2,5,7,3.1,0.803,0,2.51,0.459,PENBUTOLOL,0.16,novel,6.8
CHEMBL35333,COC(=O)Nc1ccc(Cl)c(-c2nc3ccc(C)cc3n2C)c1,-6.87,329.8,4.38,56.1,1,3,2,2.14,0.759,0,2.19,0.292,VISMODEGIB,0.137,novel,6.799
CHEMBL268889,c1ccc(-c2nc3n(c2-c2ccc4c(c2)OCO4)CCC3)nc1,-6.65,305.3,3.29,49.2,0,4,2,2.48,0.729,0,2.82,0.229,BROMAZEPAM,0.091,novel,6.799
CHEMBL11672,CN(C(=O)c1c(O)c2ccccc2n(C)c1=O)c1ccccc1,-6.6,308.3,2.52,62.5,1,3,2,2.07,0.791,0,2.97,0.283,METHAQUALONE,0.19,novel,6.799
CHEMBL298260,O=C(c1ccc(Cl)c(Cl)c1)N1CCC(CNCc2cccc(N3CCC3)n2)CC1,-7.04,433.4,4.24,48.5,1,4,6,2.27,0.741,0,1.71,0.289,MITAPIVAT,0.123,novel,6.798
CHEMBL24789,CNC(=O)OCc1cn2c(c1COC(=O)NC)-c1ccccc1CC2C,-6.71,357.4,2.98,81.6,2,4,4,3.32,0.881,0,2.65,0.27,INDAPAMIDE,0.136,novel,6.798
CHEMBL25405,O=C(c1ccc(Cl)cc1)c1ccc(OC2CN3CCC2CC3)cc1,-6.83,341.8,4.04,29.5,0,3,4,3.24,0.786,0,2.3,0.396,FENOFIBRIC ACID,0.103,novel,6.797
CHEMBL13585,Cc1ccccc1C1NC(=O)N(C(C)C)c2cc3c(cc21)OCO3,-6.8,324.4,3.75,50.8,1,3,2,3.0,0.915,0,2.38,0.26,TADALAFIL,0.111,novel,6.797
CHEMBL10500,c1ccc(COC2(C3=NCCN3)COc3ccccc3O2)cc1,-6.7,310.4,2.37,52.1,1,5,4,3.22,0.942,0,2.68,0.375,TOLAZOLINE,0.129,novel,6.797
CHEMBL40300,CCn1cc(C(=O)NC)c(=O)c2ccc(-c3ccncc3)cc21,-6.6,307.4,2.44,64.0,1,3,3,2.21,0.808,0,2.96,0.379,NALIDIXIC ACID,0.154,novel,6.796
CHEMBL27812,Oc1cc(C(F)(F)F)c2cc3c(cc2n1)NC[C@@H]1CCC[C@H]31,-7.14,308.3,4.27,45.2,2,3,0,3.71,0.764,0,1.42,0.25,MEFLOQUINE,0.079,novel,6.795
CHEMBL276560,COc1cc([C@]23OC[C@H](Cc4cc5c(cc42)OCO5)[C@H]3CO)cc(OC)c1OC,-6.62,400.4,2.5,75.6,1,7,5,4.62,0.826,0,2.89,0.357,PODOFILOX,0.095,novel,6.795
CHEMBL28682,CN1CCN(c2cc3c(cc2F)c(=O)c(C(=O)O)c2n3CCS2)CC1,-6.59,363.4,1.7,65.8,1,5,2,2.75,0.876,0,3.0,0.409,NORFLOXACIN,0.094,novel,6.795
CHEMBL42863,CN1CCCC1COc1ccc(-c2cccc(N)n2)c2ccccc12,-6.81,333.4,3.96,51.4,1,4,4,2.71,0.785,0,2.36,0.313,CLEMASTINE,0.133,novel,6.794
CHEMBL12777,CC1CCN(CC[C@@H](C)N(C)S(=O)(=O)c2cccc3ccccc23)CC1,-6.72,374.6,3.97,40.6,0,3,6,2.69,0.768,0,2.62,0.274,FEXOFENADINE,0.221,novel,6.794
CHEMBL18753,COc1cc2nc(-c3ccc(F)cc3)nc(O)c2cc1OC,-6.66,300.3,3.16,64.5,1,5,3,2.05,0.805,0,2.79,0.344,CABOZANTINIB,0.09,novel,6.794
CHEMBL287584,N#Cc1c(-c2ccc(F)cc2)c(-c2ccc(F)cc2)nn(CCO)c1=O,-6.51,353.3,2.72,78.9,1,4,4,2.26,0.782,0,3.22,0.229,LORLATINIB,0.104,novel,6.794
CHEMBL27413,CCC1CCN(C)c2cc3c(cc21)c(C(F)(F)F)cc(=O)n3C,-6.89,324.3,3.89,25.2,0,2,1,3.28,0.795,0,2.13,0.236,NORFLOXACIN,0.113,novel,6.793
CHEMBL278952,CSc1nc2c([nH]1)N(Cc1ccc(Cl)cc1)C1=NCCN1C2=O,-6.43,347.8,2.62,64.6,1,5,3,3.04,0.867,0,3.44,0.247,AZELASTINE,0.089,novel,6.793
CHEMBL47680,CC(=O)c1ccc(N2C[C@H](CNC(=O)C3CC3)OC2=O)cc1,-6.83,302.3,1.74,75.7,1,4,5,2.52,0.841,0,2.3,0.476,LINEZOLID,0.124,novel,6.792
CHEMBL12628,OCCN1CCN(C2CC(c3ccc(F)cc3)c3ccc(C(F)(F)F)cc32)CC1,-7.08,408.4,4.03,26.7,1,3,4,3.16,0.774,0,1.57,0.373,FLUPHENAZINE,0.107,novel,6.791
CHEMBL26760,COc1ccc([C@@]2(C#N)C[C@H]3C[C@@H](C(=O)O)C[C@H]3C2)cc1OC1CCCC1,-6.83,369.5,4.3,79.5,1,4,5,3.9,0.837,0,2.3,0.278,ADAPALENE,0.092,novel,6.791
CHEMBL288876,COC(=O)COc1ccc(NC(=O)c2ccc(F)cc2)cn1,-6.78,304.3,2.02,77.5,1,5,5,1.86,0.855,0,2.44,0.321,TAMIBAROTENE,0.149,novel,6.791
CHEMBL285765,OC1(c2ccc(Cl)cc2)C2CCC1CN(Cc1ccccc1)C2,-7.06,327.9,4.07,23.5,1,2,3,3.59,0.918,0,1.62,0.333,MAZINDOL,0.125,novel,6.79
CHEMBL297428,CC1C2Cc3ccc(C(N)=O)cc3C1(C)CCN2CC1CC1,-6.71,298.4,2.72,46.3,1,2,3,4.13,0.932,0,2.61,0.492,PENTAZOCINE,0.097,novel,6.79
CHEMBL32221,OC1=C2C(=Nc3ncnn3C2c2ccc(F)c(Br)c2)CCC1,-6.62,363.2,3.85,63.3,1,4,1,3.55,0.837,0,2.89,0.194,BROXYQUINOLINE,0.056,novel,6.79
CHEMBL277923,COc1cc(N(C)C)c(Cl)cc1C(=O)NC1CCN(Cc2ccccc2)C1,-6.75,387.9,3.42,44.8,1,4,6,2.57,0.824,0,2.5,0.393,CISAPRIDE,0.151,novel,6.789
CHEMBL12434,CC(C)Cc1ccc2nc3sc(C(=O)O)cn3c(=O)c2c1,-6.63,302.4,2.81,71.7,1,4,3,2.48,0.807,0,2.87,0.347,IBUFENAC,0.174,novel,6.789
CHEMBL9413,CCOc1ccccc1NC(=O)Nc1ccc2cnccc2n1,-6.95,308.3,3.67,76.1,2,4,4,2.04,0.771,0,1.94,0.28,RIPRETINIB,0.152,novel,6.788
CHEMBL284892,OC(COc1ccccc1)CN1CCC(Cc2ccccc2)CC1,-6.86,325.5,3.38,32.7,1,3,7,2.26,0.847,0,2.19,0.361,NAFTOPIDIL,0.135,novel,6.788
CHEMBL32486,C[C@@H](NC(=O)N1C(=O)CC1Sc1ccccc1)c1ccccc1,-6.81,326.4,3.81,49.4,1,3,4,3.01,0.869,0,2.33,0.315,CYCLIZINE LACTATE,0.211,novel,6.788
CHEMBL6770,CCNc1cccnc1N1CCN(C(=O)c2cc3ccccc3s2)CC1,-6.71,366.5,3.69,48.5,1,5,4,2.24,0.765,0,2.62,0.388,DELAVIRDINE,0.141,novel,6.788
CHEMBL297817,COc1cc(C(C)C)ccc(C2OCCc3ccccc32)c1=O,-6.84,310.4,3.84,35.5,0,3,3,2.86,0.864,0,2.26,0.305,NEFOPAM,0.123,novel,6.787
CHEMBL18297,CCCNC(=O)Nc1cccc2c1CN(C)CC2c1ccccc1,-7.0,323.4,3.8,44.4,2,2,4,2.64,0.899,0,1.8,0.517,NOMIFENSINE MALEATE,0.177,novel,6.786
CHEMBL432857,Cc1c(C(=O)NN2CCCCC2)nn(C2CCCCC2)c1-c1ccccc1,-6.85,366.5,4.49,50.2,1,3,4,2.47,0.867,0,2.22,0.492,RIMONABANT,0.152,novel,6.785
CHEMBL286507,CC(C)(C)n1cc(C(=O)O)c(=O)c2cc(F)c(N3CCC(CN)C3)cc21,-6.75,361.4,2.38,88.6,2,4,3,3.12,0.876,0,2.49,0.478,CIPROFLOXACIN,0.138,novel,6.785
CHEMBL286676,CN1CCC(OC(=O)NC(=O)c2cc(Cl)cc(Cl)c2)CC1,-6.55,331.2,2.95,58.6,1,4,2,2.24,0.905,0,3.06,0.375,PROPIVERINE,0.122,novel,6.785
CHEMBL18130,CC1(c2ccc(F)cc2)OC(/C=C/c2ccsc2)=CC1=O,-7.03,300.4,4.3,26.3,0,3,3,3.34,0.845,0,1.71,0.205,CITALOPRAM,0.097,novel,6.784
CHEMBL36282,COc1ccc(-c2nc(-c3ccccc3)nc(N)c2CN)cc1,-6.88,306.4,2.86,87.0,2,5,4,2.02,0.774,0,2.13,0.333,MOFEZOLAC,0.121,novel,6.784
CHEMBL48987,O=C(NN1CCc2ccccc2C1)Oc1ccc(Cl)cc1,-6.86,302.8,3.4,41.6,1,3,2,2.17,0.924,0,2.17,0.333,DEBRISOQUIN,0.12,novel,6.783
CHEMBL6487,O=C(NCc1ccc(Cl)cc1Cl)c1cc(-c2ccncc2)nnc1Cl,-6.83,393.7,4.43,67.8,1,4,4,2.24,0.712,0,2.27,0.29,OXICONAZOLE,0.111,novel,6.783
CHEMBL287952,Cc1cccc(Nc2nc(Cl)nc(N(C)C)n2)c1C,-6.76,277.8,2.95,53.9,1,5,3,2.25,0.935,0,2.47,0.391,MEFENAMIC ACID,0.106,novel,6.783
CHEMBL35356,O=C1CSCC2Nc3ccnn3C(c3ccc(F)c(Br)c3)C12,-6.65,382.3,3.1,46.9,1,4,1,4.38,0.824,0,2.77,0.197,EMTRICITABINE,0.055,novel,6.783
CHEMBL418074,Cc1cccc(CC[C@H]([C@H](C)O)n2cnc3c(N)ncnc32)c1,-6.93,311.4,2.27,89.8,2,5,5,3.22,0.754,0,1.97,0.299,ADENOSINE,0.117,novel,6.781
CHEMBL284150,O=S1(=O)NC(NCC2CCCCC2)=Nc2ncc(Cl)cc21,-6.84,328.8,2.18,83.5,2,5,2,3.18,0.871,0,2.22,0.321,DIAZOXIDE,0.084,novel,6.781
CHEMBL44467,CCCOc1ccccc1-c1nc2c(c(C)nn2C(C)(C)C)c(=O)[nH]1,-6.67,340.4,3.64,72.8,1,4,4,2.52,0.787,0,2.73,0.279,SILDENAFIL,0.131,novel,6.781
CHEMBL418386,O=C(c1ccccc1)N1CCN(c2cccc(Cl)c2)CC1,-6.85,300.8,3.3,23.6,0,2,2,1.57,0.849,0,2.21,0.379,TRAZODONE,0.164,novel,6.78
CHEMBL274211,O=c1oc(Nc2ccccc2Br)nc2ccccc12,-6.77,317.1,3.69,55.1,1,4,2,2.07,0.783,0,2.44,0.275,METHAQUALONE,0.161,novel,6.78
CHEMBL18290,COc1cc2nc(-c3cccc(F)c3)nc(O)c2cc1OC,-6.64,300.3,3.16,64.5,1,5,3,2.11,0.805,0,2.79,0.294,PRAZOSIN,0.119,novel,6.78
CHEMBL36109,COc1ccc(C2CCN(C(=O)NC(C)C)C2)cc1OC1CCCC1,-6.75,346.5,3.92,50.8,1,3,5,2.66,0.879,0,2.48,0.292,VERNAKALANT,0.134,novel,6.779
CHEMBL9446,O=C1c2ccccc2CCCN1CCN1CCC(N2C(=O)Cc3cc(F)ccc32)CC1,-6.69,421.5,3.27,43.9,0,3,4,2.5,0.761,0,2.66,0.3,BENPERIDOL,0.099,novel,6.779
CHEMBL281442,Cc1ccc(CN2C(=O)C(C(C#N)C(=O)O)c3ccccc32)cc1,-6.64,320.3,2.85,81.4,1,3,4,3.18,0.939,0,2.79,0.269,BENAZEPRIL,0.169,novel,6.779
CHEMBL280561,CC(C)CS(=O)(=O)N(C)[C@H]1CCN2CCc3ccccc3[C@H]2C1,-6.49,336.5,2.67,40.6,0,3,4,3.3,0.849,0,3.23,0.328,BUTRIPTYLINE,0.136,novel,6.779
CHEMBL9967,CN1CCN(CC(=O)N2c3ccccc3C(=O)Nc3cccnc32)CC1,-7.14,351.4,1.56,68.8,1,5,2,2.38,0.889,0,2.8,1.0,PIRENZEPINE,0.145,likely-known-drug-chemistry,6.778
CHEMBL53715,COc1cccc(CNc2c3c(nc4ccccc24)CCCC3O)c1,-6.96,334.4,4.23,54.4,2,4,4,2.71,0.75,0,1.88,0.29,TACRINE,0.154,novel,6.778
CHEMBL278859,CCCCC(=O)N1CCC(c2nc(N)nc3ccccc23)CC1,-6.64,312.4,3.11,72.1,1,4,4,2.21,0.941,0,2.78,0.318,ACRISORCIN,0.211,novel,6.778
CHEMBL290984,CC1(C)Oc2ccc(C#N)cc2[C@H]2n3cccc3[C@@H](C(F)(F)F)O[C@]21O,-6.53,364.3,3.44,67.4,1,4,0,4.33,0.778,0,3.1,0.227,OSILODROSTAT,0.101,novel,6.778
CHEMBL417146,COc1c(Cl)nc(NCc2ccccc2)nc1N1CCN(C)CC1,-6.53,347.9,2.5,53.5,1,6,5,2.28,0.839,0,3.12,0.288,EMEDASTINE,0.128,novel,6.778
CHEMBL23128,CS(=O)(=O)c1ccc(C2=C(c3ccccn3)C(=O)CC2)cc1,-6.38,313.4,2.76,64.1,0,4,3,2.33,0.874,0,3.52,0.468,ROFECOXIB,0.092,novel,6.778
CHEMBL49623,C[C@@H]([C@H](O)c1ccc(O)cc1)N1CCC(Cc2ccccc2)CC1,-6.98,325.5,3.77,43.7,2,3,5,2.78,0.879,0,1.82,0.353,RITODRINE,0.197,novel,6.777
CHEMBL31290,O=C(CCc1ccc(Cl)cc1)Nc1ccc(C(=O)O)cc1,-6.86,303.7,3.61,66.4,2,2,5,1.5,0.886,0,2.15,0.37,BENTIROMIDE,0.162,novel,6.777
CHEMBL296887,CCCNC(=O)Nc1ccc(C(=O)n2nc(C)c(Br)c2C)cc1,-6.8,379.3,3.48,76.0,2,3,4,2.17,0.854,0,2.35,0.293,CHLORPROPAMIDE,0.141,novel,6.777
CHEMBL280966,CCOC(=O)c1cnc2cc(C3CCC(=O)O3)ccc2c1O,-6.74,301.3,2.5,85.7,1,6,3,3.03,0.877,0,2.5,0.253,FLUMAZENIL,0.115,novel,6.777
CHEMBL35015,O=C(O)CN1Cc2ccccc2N(Cc2ccc(Cl)c(Cl)c2)C1=O,-6.66,365.2,4.02,60.9,1,2,4,2.23,0.89,0,2.73,0.324,BENAZEPRIL,0.139,novel,6.777
CHEMBL54778,Oc1ccc(OCCN2CCC(Cc3ccccc3)CC2)cc1,-6.96,311.4,3.73,32.7,1,3,6,1.79,0.882,0,1.87,0.463,MONOBENZONE,0.118,novel,6.776
CHEMBL41236,COc1ccc(CNc2ccnc3ccc(C#N)cc23)cc1Cl,-6.85,323.8,4.38,57.9,1,4,4,2.1,0.774,0,2.18,0.33,AVANAFIL,0.075,novel,6.776
CHEMBL37635,CCCNC1=NC(=O)C2(CC(C)(C)Oc3ccc(Br)cc32)N1,-6.54,366.3,2.69,62.7,2,4,2,4.08,0.845,0,3.09,0.206,PHENOBARBITAL SODIUM,0.105,novel,6.776
CHEMBL48603,CN([C@@H]1CCN2CCc3c(oc4ccccc34)[C@@H]2C1)S(=O)(=O)CCO,-6.62,364.5,1.75,74.0,1,5,4,3.63,0.895,0,2.83,0.243,BENZARONE,0.167,novel,6.775
CHEMBL278254,CC(C)CCCc1nc2c([nH]1)N1C(=N[C@@H]3CCC[C@@H]31)N(C)C2=O,-6.53,315.4,2.57,64.6,1,4,4,3.99,0.929,0,3.11,0.185,PIMOZIDE,0.108,novel,6.775
CHEMBL57577,COc1cc(F)ccc1NC(=O)NC1CC2CCC(C1)N2C,-6.77,307.4,2.58,53.6,2,3,3,3.58,0.902,0,2.4,0.344,GRANISETRON,0.127,novel,6.774
CHEMBL29772,O=C1C=CC2C3Cc4ccc(O)c5c4C2(CCN3CC2CC2)C1O5,-6.69,323.4,2.19,49.8,1,4,2,5.27,0.906,0,2.65,0.522,NALTREXONE,0.113,novel,6.774
CHEMBL15389,CNCC1CCN(c2cc3c(cc2F)c(=O)c(C(=O)O)cn3C2CCC2)C1,-6.63,373.4,2.61,74.6,2,4,5,3.0,0.843,0,2.81,0.603,CIPROFLOXACIN,0.135,novel,6.774
CHEMBL290578,CC(C)OC(=O)Nc1ccc2[nH]c(-c3cscn3)nc2c1,-6.97,302.4,3.64,79.9,2,5,3,2.54,0.774,0,1.82,0.472,THIABENDAZOLE,0.117,novel,6.773
CHEMBL296678,CC(=O)Nc1nc(-c2cc(C(C)(C)C)c(O)c(C(C)(C)C)c2)no1,-7.02,331.4,4.0,88.2,2,5,2,2.61,0.868,0,1.7,0.318,PROBUCOL,0.107,novel,6.772
CHEMBL31551,CC(=O)c1cc2c(s1)[C@@H](NC(=O)c1ccccc1)[C@H](O)C(C)(C)O2,-6.67,345.4,2.95,75.6,2,5,3,3.34,0.839,0,2.69,0.276,OXACILLIN,0.154,novel,6.772
CHEMBL20734,CNc1cc(OC)c(C(=O)NC2CCN(Cc3ccccc3)C2C)cc1Cl,-6.88,387.9,3.78,53.6,2,4,6,3.07,0.792,0,2.09,0.388,CISAPRIDE,0.149,novel,6.77
CHEMBL432891,CCOC(=O)c1ncn2c1C1CCN1C(=O)c1c(Cl)cccc1-2,-6.32,331.8,2.6,64.4,0,4,2,3.1,0.793,0,3.67,0.378,FLUMAZENIL,0.112,novel,6.769
CHEMBL278631,c1ccc2c(c1)Oc1ccccc1C2NCC1CCCCO1,-7.08,295.4,4.04,30.5,1,3,3,2.75,0.927,0,1.5,0.278,ASENAPINE,0.095,novel,6.768
CHEMBL278641,CS(=O)(=O)c1c(O)n(Cc2ccccc2)c(=O)c2ccccc12,-6.64,329.4,2.16,76.4,1,4,3,2.09,0.799,0,2.77,0.304,AMPHETAMINE SULFATE,0.177,novel,6.768
CHEMBL295930,CCN1c2ncccc2-c2ncc(C)n2-c2c(C)cc(O)nc21,-6.61,307.4,3.12,67.1,1,5,1,3.12,0.748,0,2.84,0.254,TILBROQUINOL,0.122,novel,6.768
CHEMBL17448,CS(=O)(=O)Nc1cccc(OCc2nc3ccccc3s2)c1,-6.56,334.4,3.25,68.3,1,5,5,1.99,0.778,0,2.99,0.387,AMSACRINE,0.123,novel,6.768
CHEMBL45780,COc1cccc(CN2C(=O)N(Cc3cccc(OC)c3)C2=O)c1,-6.47,326.4,3.26,59.1,0,4,6,2.04,0.817,0,3.25,0.318,NABUMETONE,0.119,novel,6.768
CHEMBL40592,CC1(C)C=C(n2cccc2C(=O)C(F)(F)F)c2cc(C#N)ccc2O1,-6.61,346.3,4.16,55.0,0,3,2,3.04,0.767,0,2.84,0.226,ESCITALOPRAM OXALATE,0.129,novel,6.767
CHEMBL46957,CC(C)N(Cc1ncn2c1CN(C)C(=O)c1cc(Cl)ccc1-2)C(C)C,-6.59,360.9,3.73,41.4,0,3,4,2.92,0.834,0,2.9,0.426,FLUMAZENIL,0.089,novel,6.767
CHEMBL18377,CC1(O)OC(=O)C(Sc2ccccc2)=C1c1ccc(S(C)(=O)=O)cc1,-6.55,376.5,2.86,80.7,1,6,4,3.01,0.827,0,3.01,0.385,ROFECOXIB,0.147,novel,6.767
CHEMBL6278,Cc1ccccc1Sc1cncc2sc(C(N)=O)cc12,-6.83,300.4,3.85,56.0,1,4,3,2.56,0.799,0,2.22,0.26,NIACINAMIDE,0.145,novel,6.766
CHEMBL267086,COc1cccc2c1C1CCN(CCc3ccccc3)[C@@H]1CC2,-6.98,307.4,4.04,12.5,0,2,4,2.87,0.845,0,1.78,0.303,METHOPHOLINE,0.108,novel,6.765
CHEMBL290739,CS(=O)(=O)Nc1cc2c(cc1Sc1ncc(Cl)cc1Cl)C(=O)CC2,-6.83,403.3,4.04,76.1,1,5,4,2.79,0.834,0,2.22,0.25,ETORICOXIB,0.069,novel,6.765
CHEMBL16998,Cc1c(N2CC[C@H](N)C2)c(F)cn2c(=O)c(C(=O)O)cc(CC3CC3)c12,-6.81,359.4,1.94,88.0,2,4,4,3.32,0.871,0,2.26,0.408,BESIFLOXACIN,0.1,novel,6.765
CHEMBL36353,O=C1CC(SCc2ccccn2)N1C(=O)N[C@H](CO)c1ccccc1,-6.7,357.4,2.32,82.5,2,5,6,3.36,0.775,0,2.58,0.294,ATROPINE,0.185,novel,6.765
CHEMBL267678,Cc1ccc(Sc2cncc3sc(C(N)=O)cc23)cc1,-6.83,300.4,3.85,56.0,1,4,3,2.5,0.799,0,2.22,0.245,PYRAZINAMIDE,0.114,novel,6.764
CHEMBL292614,COc1ccccc1NC(=O)NC1CC2CCCC(C1)N2C,-6.78,303.4,2.83,53.6,2,3,3,3.46,0.903,0,2.36,0.466,GRANISETRON,0.143,novel,6.763
CHEMBL263881,CCN(CC)C(=O)[C@@H]1C=C2c3cccc4[nH]cc(c34)C[C@H]2N(C)C1,-6.7,323.4,2.91,39.3,1,2,3,3.57,0.943,0,2.58,0.662,METHYLERGONOVINE,0.128,novel,6.763
CHEMBL27054,Oc1ccccc1N1CCN(c2nc3ccccc3s2)CC1,-6.82,311.4,3.33,39.6,1,5,2,1.94,0.788,0,2.24,0.25,METHAQUALONE,0.108,novel,6.762
CHEMBL39710,CCOC(=O)COc1ccc(C(=O)Nc2ccc(F)cc2)cn1,-6.63,318.3,2.41,77.5,1,5,6,1.87,0.828,0,2.78,0.365,EZOGABINE,0.156,novel,6.762
CHEMBL31509,Cc1ccc(-c2nnc(O)c(C#N)c2-c2ccc(C)cc2)cc1,-6.82,301.3,4.0,69.8,1,4,2,2.27,0.776,0,2.24,0.25,ZOLPIDEM,0.085,novel,6.761
CHEMBL269598,Cc1ccc(Sc2cncc3sc(C(=O)NN)cc23)cc1,-6.78,315.4,3.36,68.0,2,5,3,2.54,0.442,0,2.36,0.28,ISONIAZID,0.127,novel,6.761
CHEMBL16781,O=c1oc(-c2ccc(OCc3ccccc3)cc2)nn1CCO,-6.71,312.3,2.07,77.5,1,5,6,2.0,0.754,0,2.54,0.422,MONOBENZONE,0.143,novel,6.761
CHEMBL286946,Cc1ncc2n1CCCC2c1ccc(NS(C)(=O)=O)cc1,-6.56,305.4,2.49,64.0,1,3,3,3.04,0.947,0,2.96,0.298,SOTALOL,0.073,novel,6.761
CHEMBL46033,CC(C)N(C(=O)Cc1ccc(-c2ccc(C(=O)O)cc2)cc1)C(C)C,-6.76,339.4,4.24,57.6,1,2,6,1.96,0.856,0,2.39,0.405,FELBINAC,0.169,novel,6.76
CHEMBL55294,CCOC(=O)c1c(NC(=O)C(C)C)sc2c1CCN(C(=O)c1ccccc1)C2,-6.75,400.5,3.72,75.7,1,5,5,2.18,0.776,0,2.43,0.296,ETOMIDATE,0.163,novel,6.76
CHEMBL427999,Oc1cccc(C2CCCN(CCc3ccccc3)C2)c1,-7.13,281.4,3.81,23.5,1,2,4,2.28,0.921,0,1.35,0.364,LASOFOXIFENE,0.132,novel,6.759
CHEMBL43678,CN(C)CCOc1ccc(-c2cccc(N)n2)c2c1CCC2,-6.66,297.4,2.76,51.4,1,4,5,2.39,0.922,0,2.7,0.27,MOXISYLYTE,0.111,novel,6.759
CHEMBL17101,Cc1nc(-c2ccccc2)c(-c2ccc(S(N)(=O)=O)cc2)s1,-6.64,330.4,3.43,73.0,1,4,3,1.97,0.799,0,2.75,0.522,VALDECOXIB,0.123,novel,6.759
CHEMBL39474,COC(=O)NC1=NC2C=C(Sc3ccccc3)C=CC2N1,-6.76,301.4,2.28,62.7,2,5,2,3.99,0.88,0,2.38,0.288,MEBENDAZOLE,0.138,novel,6.758
CHEMBL440652,c1ccc(CN2CCc3ccccc3C2Cn2cncn2)cc1,-6.69,304.4,3.08,34.0,0,3,4,2.68,0.743,0,2.59,0.276,RIZATRIPTAN BENZOATE,0.096,novel,6.758
CHEMBL47575,CCN(CC)CC1CCCCN1C(=O)N1c2ccccc2C(=O)Nc2cccnc21,-6.79,407.5,4.1,68.8,1,4,4,3.14,0.828,0,2.31,0.521,PIRENZEPINE,0.129,novel,6.757
CHEMBL285168,CN1CCC(OC(=O)c2ccccc2Oc2ccccc2)CC1,-6.76,311.4,3.73,38.8,0,4,4,1.91,0.807,0,2.4,0.481,PROPIVERINE,0.153,novel,6.757
CHEMBL7819,COc1cc(O)c2c(=O)c(-c3cccc(Cl)c3)cn(C)c2c1,-6.75,315.8,3.57,51.5,1,3,2,2.29,0.786,0,2.41,0.276,OXYBENZONE,0.093,novel,6.757
CHEMBL41096,CN1C2CCC1CC(OC(=O)c1cn(C)c3ccc(F)cc13)C2,-6.65,316.4,3.1,34.5,0,3,2,3.88,0.799,0,2.7,0.5,TROPISETRON,0.111,novel,6.755
CHEMBL36198,Oc1cc(CCc2ccccc2)nc(SC2CCCC2)n1,-6.92,300.4,4.0,46.0,1,4,5,2.4,0.848,0,1.91,0.255,PHENYLBUTANOIC ACID,0.152,novel,6.754
CHEMBL285958,CCOC(=O)c1cccc(NCC(O)COc2ccccc2C)c1,-6.66,329.4,3.02,67.8,2,5,8,2.33,0.729,0,2.68,0.46,MEPHENESIN,0.179,novel,6.754
CHEMBL298007,CC(=O)N1CCc2c(sc(NC(=O)C(C)C)c2C(=O)c2ccccc2C)C1,-6.64,384.5,3.79,66.5,1,4,4,2.35,0.816,0,2.74,0.267,TOCAINIDE,0.143,novel,6.754
CHEMBL45056,Clc1ccc(Cc2noc(CCCc3c[nH]cn3)n2)cc1,-6.63,302.8,3.21,67.6,1,4,6,2.55,0.759,0,2.74,0.34,HISTAMINE,0.073,novel,6.754
CHEMBL440300,Cc1ccc(C(=O)O[C@H]2[C@H](C)Nc3ccccc3[C@@H]2N2CCCC2)cc1,-6.83,350.5,4.17,41.6,1,4,3,3.31,0.844,0,2.18,0.295,PYROVALERONE,0.108,novel,6.753
CHEMBL301509,COc1c(C2OCCc3ccccc32)ccc(C(C)C)cc1=O,-6.8,310.4,3.84,35.5,0,3,3,2.91,0.864,0,2.26,0.305,NEFOPAM,0.139,novel,6.753
CHEMBL418185,COc1cc(N(C)C)c(Cl)cc1C(=O)NC1CCN(C2CCCCC2)C1,-6.72,379.9,3.55,44.8,1,4,5,2.8,0.849,0,2.5,0.341,CISAPRIDE,0.103,novel,6.753
CHEMBL12489,CCNS(=O)(=O)c1ccc2c(c1)C(n1ccccc1=O)=CC(C)(C)O2,-6.53,360.4,2.21,77.4,1,4,4,2.71,0.907,0,3.05,0.243,SULFACYTINE,0.118,novel,6.753
CHEMBL52612,c1ccc(CN2CCN(c3ncccc3-n3cccc3)CC2)cc1,-6.74,318.4,3.19,24.3,0,3,4,2.07,0.738,0,2.45,0.303,PIRENZEPINE,0.103,novel,6.752
CHEMBL36940,Oc1ccc(-c2noc(C3CN4CCC3CC4)n2)cc1,-6.72,271.3,2.25,62.4,1,5,2,3.55,0.907,0,2.49,0.221,SOLIFENACIN,0.086,novel,6.752
CHEMBL6445,c1ccc(C2CN3CCNCC3c3ccccc32)cc1,-7.0,264.4,2.78,15.3,1,2,1,2.9,0.852,0,1.69,0.375,NOMIFENSINE,0.092,novel,6.751
CHEMBL285807,CN([C@@H]1CCN2CCc3ccccc3[C@@H]2C1)S(=O)(=O)N1CCCC1,-6.52,349.5,2.02,43.9,0,3,3,3.15,0.839,0,3.06,0.318,PRAZIQUANTEL,0.108,novel,6.751
CHEMBL46930,O=C(c1ccc(Cl)c(Cl)c1)N1CCC(F)(CNCc2ccccn2)CC1,-6.88,396.3,4.12,45.2,1,3,5,2.43,0.827,0,2.04,0.265,MITAPIVAT,0.128,novel,6.75
CHEMBL46585,CCC(C)N1CCC(NC(=O)c2cc(C)ccc2O)CC1,-6.79,290.4,2.69,52.6,2,3,4,2.48,0.896,0,2.29,0.292,SULPIRIDE,0.156,novel,6.75
CHEMBL38015,OC1=C2C(=Nc3ccnn3C2c2cccc(Br)c2)CCC1,-6.81,344.2,4.32,50.4,1,3,1,3.61,0.838,0,2.23,0.207,BROXYQUINOLINE,0.079,novel,6.748
CHEMBL19412,CCNCC1(C)CN(c2c(F)cc3c(=O)c(C(=O)O)cn4c3c2OC[C@@H]4C)C1,-6.8,389.4,2.23,83.8,2,5,5,3.54,0.816,0,2.25,0.657,OFLOXACIN,0.128,novel,6.748
CHEMBL280974,O[C@@H](CN1CCC(Cc2ccc(F)cc2)CC1)c1ccc(Cl)cc1,-7.03,347.9,4.47,23.5,1,2,5,2.38,0.862,0,1.58,0.317,EZETIMIBE,0.117,novel,6.747
CHEMBL845,Clc1ccc2c(c1)N=C(N1CCNCC1)c1ccccc1N2,-6.95,312.8,3.38,39.7,2,4,0,2.44,0.783,0,1.83,0.761,CLOZAPINE,0.068,novel,6.747
CHEMBL57883,CCC1CN(C(=O)NC2CC3CCC(C2)N3C)c2ccccc21,-6.83,313.4,3.34,35.6,1,2,2,4.14,0.909,0,2.17,0.381,GRANISETRON,0.169,novel,6.746
CHEMBL268855,CN(C)c1cccc2c(S(=O)(=O)Nc3ccccn3)cccc12,-6.53,327.4,3.1,62.3,1,4,4,2.08,0.8,0,3.02,0.447,SULFAPYRIDINE,0.152,novel,6.746
CHEMBL295523,NC(Cc1cn(Cc2ccccc2)c(C2CCCCC2)n1)C(=O)O,-6.74,327.4,2.93,81.1,2,3,6,2.79,0.855,0,2.42,0.345,AMPHETAMINE ASPARTATE,0.188,novel,6.745
CHEMBL285245,O=C(O)Cn1c(=O)c2ccccc2n1Cc1ccc(Br)cc1F,-6.42,379.2,2.84,64.2,1,2,4,2.5,0.758,0,3.33,0.274,BENDAZAC,0.191,novel,6.744
CHEMBL274064,Nc1nccc(-c2c(-c3ccc(F)cc3)ncn2C2CCNCC2)n1,-6.67,338.4,2.65,81.6,2,5,3,2.56,0.767,0,2.61,0.262,CRIZOTINIB,0.05,novel,6.743
CHEMBL441421,O=C(NCc1ccccc1)C1CCCCN1S(=O)(=O)Cc1ccccc1,-6.38,372.5,2.69,66.5,1,3,6,2.35,0.848,0,3.45,0.357,MELAGATRAN,0.164,novel,6.743
CHEMBL38686,O=C(O)C1CCCN(CCC=C(c2ccccc2)c2ccccc2)C1,-6.9,335.4,4.31,40.5,1,2,6,2.51,0.855,0,1.94,0.635,TIAGABINE,0.167,novel,6.742
CHEMBL299635,COC(=O)C1C(c2ccc(-c3ccccc3OC)cc2)CC2CCC1N2C,-6.67,365.5,4.1,38.8,0,4,4,3.94,0.765,0,2.59,0.534,COCAINE,0.134,novel,6.742
CHEMBL274590,COc1ccccc1CNC(=O)Nc1ccc2cnccc2n1,-6.76,308.3,2.96,76.1,2,4,4,2.04,0.777,0,2.34,0.333,PICOTAMIDE,0.136,novel,6.741
CHEMBL294145,COc1ccccc1C(=O)C1(NC(=O)c2cccc(OC)c2C)CCCCC1,-6.71,381.5,4.33,64.6,1,4,6,2.33,0.757,0,2.49,0.292,METHYL SALICYLATE,0.162,novel,6.741
CHEMBL283581,CCC(C)(C)/N=c1\c(O)c(O)\c1=N/Cc1c(C)cc(C)cc1C,-6.68,314.4,3.09,65.2,2,4,4,3.52,0.911,0,2.56,0.241,OXYMETAZOLINE,0.096,novel,6.741
CHEMBL6264,Cc1ccc(Sc2cncc3sc(/C=N/OCC(N)=O)cc23)cc1,-6.6,357.5,3.59,77.6,1,6,6,2.93,0.54,0,2.8,0.226,AXITINIB,0.127,novel,6.741
CHEMBL301160,Oc1ccc2c(c1)[C@@]13CCCC[C@H]1[C@@H](C2)N(CC1CCC1)CC3,-7.1,311.5,4.25,23.5,1,2,2,4.17,0.882,0,1.38,0.717,LEVALLORPHAN,0.078,novel,6.74
CHEMBL36120,CCN1CCC(COc2nc3ccccc3c3c2CCCN3)CC1,-6.84,325.5,3.7,37.4,1,4,4,2.53,0.93,0,2.12,0.286,PIPERIDOLATE,0.128,novel,6.74
CHEMBL29206,OC(COc1ccc(Cl)cc1)CN1CCC(Cc2ccccc2)CC1,-6.83,359.9,4.03,32.7,1,3,7,2.32,0.81,0,2.14,0.396,CHLORPHENESIN CARBAMATE,0.127,novel,6.74
CHEMBL49612,COc1ccc(C(=O)Nc2ncccn2)cc1OC1CCCC1,-6.6,313.4,3.06,73.3,1,5,5,2.04,0.918,0,2.79,0.349,PICOTAMIDE,0.127,novel,6.739
CHEMBL18484,CC1CN2C(=O)c3[nH]cnc3N(Cc3ccc(Cl)cc3)C2=N1,-6.54,315.8,2.28,64.6,1,4,2,3.51,0.924,0,2.96,0.265,CAPIVASERTIB,0.07,novel,6.739
CHEMBL6583,Cc1cnc(NS(=O)(=O)c2cccc3c(N(C)C)cccc23)cn1,-6.48,342.4,2.81,75.2,1,5,4,2.31,0.789,0,3.15,0.263,SULFAMETHOXAZOLE,0.13,novel,6.739
CHEMBL36772,COc1cc2cc(C(=O)O)n(C)c2cc1OCc1ccccc1,-6.65,311.3,3.46,60.7,1,3,5,2.01,0.784,0,2.64,0.312,MONOBENZONE,0.162,novel,6.738
CHEMBL289011,COc1ccc(C2CC(=O)N(Cc3ccccc3)C2)cc1OC,-6.64,311.4,3.22,38.8,0,3,5,2.29,0.851,0,2.69,0.397,DONEPEZIL,0.13,novel,6.738
CHEMBL13298,COc1ccc2c(c1)OC=C(c1ccc(OC)c(OC)c1)[C@H]2O,-6.62,314.3,3.18,57.2,1,5,4,2.95,0.939,0,2.74,0.308,METHOXAMINE,0.069,novel,6.738
CHEMBL55625,N#Cc1c(F)cccc1S(=O)(=O)c1cc(Cl)cc(Cl)c1,-6.55,330.2,3.84,57.9,0,3,2,2.29,0.841,0,2.94,0.217,BICALUTAMIDE,0.108,novel,6.738
CHEMBL273711,Oc1nc2cccc3c2n1CC(N(CC1CC1)CC1CC1)C3,-6.72,297.4,2.79,41.3,1,3,5,3.45,0.922,0,2.45,0.257,ROTIGOTINE,0.129,novel,6.737
CHEMBL9616,O=C(c1ccc(F)cc1)C1CCN(CCN2CCCc3ccccc3C2=O)CC1,-6.69,394.5,3.81,40.6,0,3,5,2.16,0.724,0,2.53,0.508,KETANSERIN,0.118,novel,6.737
CHEMBL282454,CCn1cc(C(=O)O)c(=O)c2c(N3CCCC3)c(F)c(N3CCCC3)c(F)c21,-6.52,391.4,3.2,65.8,1,4,4,2.79,0.867,0,3.02,0.484,LOMEFLOXACIN,0.145,novel,6.737
CHEMBL289808,CCOC(=O)c1c(NC(=O)c2cccnc2)sc2c1CCN(C(C)=O)C2,-6.58,373.4,2.48,88.6,1,6,4,2.28,0.832,0,2.83,0.306,NICORANDIL,0.144,novel,6.736
CHEMBL277467,COc1ccc(NC(=O)c2ccc(Br)c(C)c2)cc1N1CCN(C)CC1,-6.87,418.3,3.77,44.8,1,4,4,1.97,0.821,0,2.03,0.329,IMATINIB,0.106,novel,6.735
CHEMBL278799,COc1ccccc1N1CCN(CCNC(=O)c2ccc[nH]2)CC1,-6.81,328.4,1.58,60.6,2,4,6,2.09,0.845,0,2.19,0.4,NAFTOPIDIL,0.15,novel,6.735
CHEMBL277226,c1ccc2c(c1)Oc1ccccc1C2NC1CN2CCC1CC2,-6.97,306.4,3.57,24.5,1,3,2,3.65,0.918,0,1.73,0.333,ASENAPINE,0.091,novel,6.734
CHEMBL287987,CN1CCN(c2nc3ccccc3c3c2CC2CCC3C2)CC1,-6.83,307.4,3.43,19.4,0,3,1,3.86,0.804,0,2.12,0.308,EMEDASTINE,0.127,novel,6.734
CHEMBL6312,C=Cn1cc(C(=O)O)c(=O)c2cc(F)c(N3CCC(CNCC)C3)c(F)c21,-6.62,377.4,2.51,74.6,2,4,6,3.4,0.809,0,2.72,0.507,LOMEFLOXACIN,0.133,novel,6.734
CHEMBL273673,Cc1ccc(C)n1Nc1ccc(N2CCCCC2)nn1,-6.75,271.4,2.76,46.0,1,4,3,2.59,0.932,0,2.34,0.271,MINOXIDIL,0.068,novel,6.733
CHEMBL295976,COc1ccc(C(=O)Nc2ccncc2Cl)cc1OC1CCCC1,-6.71,346.8,4.32,60.5,1,4,5,2.05,0.876,0,2.48,0.414,ROFLUMILAST,0.105,novel,6.733
CHEMBL18524,CC(C)CCCc1nc2c([nH]1)N1C[C@@H](C(C)C)N=C1N(C)C2=O,-6.46,317.4,2.67,64.6,1,4,5,3.82,0.908,0,3.19,0.19,MIBEFRADIL,0.098,novel,6.733
CHEMBL36104,C[C@H]1CC(=O)CC23CCN(CC4CC4)C(Cc4ccc(O)cc42)C13,-6.73,325.5,3.29,40.5,1,3,2,4.65,0.907,0,2.41,0.455,LEVALLORPHAN,0.105,novel,6.732
CHEMBL43434,CN1CCN(c2nc(-c3ccccc3)cc(-c3ccoc3)n2)CC1,-6.54,320.4,3.16,45.4,0,5,3,2.25,0.742,0,2.95,0.3,LOXAPINE,0.101,novel,6.732
CHEMBL39245,CC1(C)Oc2ccc(C#N)cc2[C@@H](n2cccc2C(=O)C(F)(F)F)[C@@H]1O,-6.51,364.3,3.23,75.2,1,4,2,3.69,0.831,0,3.04,0.247,LEVOCABASTINE,0.141,novel,6.732
CHEMBL293115,COc1ccc(C2(c3ccccc3)C(=O)Nc3ccccc32)cc1,-6.91,315.4,3.98,38.3,1,2,3,2.45,0.794,0,1.89,0.659,OXYPHENISATIN ACETATE,0.113,novel,6.73
CHEMBL289098,CN1c2ccc(Cc3ccccc3)cc2CC1C1=NCCN1,-6.83,291.4,2.64,27.6,1,3,3,3.04,0.941,0,2.11,0.408,TOLAZOLINE,0.108,novel,6.73
CHEMBL18008,COc1cc2c(cc1OC)[C@H]1c3cc(OC)c(OC)c(OC)c3OC[C@H]1[C@H](CO)C2,-6.64,416.5,3.03,75.6,1,7,6,3.66,0.776,0,2.67,0.324,PODOFILOX,0.079,novel,6.73
CHEMBL41506,CCn1cc(C(N)=O)c(=O)c2ccc(-c3c(C)cncc3C)cc21,-6.55,321.4,2.8,78.0,1,3,3,2.49,0.805,0,2.9,0.397,NALIDIXIC ACID,0.123,novel,6.729
CHEMBL34154,COc1cc2c(cc1OC)[C@@H]1C[C@]3(CCN1CC2)CN(C)C(=O)O3,-6.46,332.4,2.22,51.2,0,5,2,3.86,0.831,0,3.18,0.429,TETRABENAZINE,0.097,novel,6.728
CHEMBL54819,COc1cc2c(cc1OCc1ccccc1)N=C[C@@H]1CC(CC#N)=CN1C2=O,-6.54,373.4,4.0,74.9,0,5,5,3.39,0.794,0,2.94,0.312,DONEPEZIL,0.103,novel,6.727
CHEMBL290031,Cc1nc(C2CCCCC2)c(-c2ccc(S(N)(=O)=O)cc2)o1,-6.72,320.4,3.35,86.2,1,4,3,2.38,0.939,0,2.41,0.345,VALDECOXIB,0.069,novel,6.726
CHEMBL19193,COc1ccc2c(c1)[C@@H](N1CCN(C(=O)C(C)C)CC1)CC2,-6.64,302.4,2.48,32.8,0,3,3,2.6,0.86,0,2.64,0.309,NAPROXEN,0.113,novel,6.726
CHEMBL288734,Cc1c(C(=O)CN2CCCC2)c(C)n(C)c1C(=O)c1ccc(Cl)cc1,-6.56,358.9,3.8,42.3,0,3,5,2.24,0.763,0,2.87,0.418,ZOMEPIRAC,0.1,novel,6.726
CHEMBL16024,CCOC(=O)Nc1cccc(OC(=O)Nc2ccccc2)c1,-6.95,300.3,3.87,76.7,2,4,4,1.73,0.898,0,1.75,0.385,ACETANILIDE,0.191,novel,6.725
CHEMBL26525,COc1ccccc1N1CCN(CCCc2ccccc2)CC1,-6.82,310.4,3.45,15.7,0,3,6,1.65,0.813,0,2.13,0.446,NAFTOPIDIL,0.123,novel,6.725
CHEMBL20101,CCC(C)(C)/N=c1\c(O)c(O)\c1=N/Cc1ccc(C)cc1C,-6.65,300.4,2.78,65.2,2,4,4,3.38,0.912,0,2.61,0.246,GEMFIBROZIL,0.122,novel,6.725
CHEMBL58385,CCOC(=O)c1ncn2c1CN(C)C(=O)c1cc(CC)ccc1-2,-6.42,313.4,2.2,64.4,0,4,3,2.54,0.815,0,3.29,0.796,FLUMAZENIL,0.106,novel,6.725
CHEMBL429009,COc1ccc(Cn2cnc3c2C(OC(C)C)N(C)N(C)C=N3)cc1,-6.32,343.4,2.82,55.1,0,6,5,3.7,0.835,0,3.56,0.256,ASTEMIZOLE,0.09,novel,6.725
CHEMBL49738,CC1c2ccccc2CCN1NC(=O)Oc1ccc(Cl)cc1,-6.87,316.8,3.96,41.6,1,3,2,2.83,0.911,0,1.99,0.317,RASAGILINE TARTRATE,0.127,novel,6.724
CHEMBL18192,CCc1ccccc1-c1n[nH]c(-c2cc(OC)cc(OC)c2)n1,-6.7,309.4,3.72,60.0,1,4,5,2.2,0.78,0,2.46,0.275,ANISINDIONE,0.118,novel,6.724
CHEMBL268887,CCNCC1CCN(c2c(F)cc3c(=O)c(C(=O)O)cn(-c4ccc(F)cc4)c3c2F)C1,-6.95,445.4,3.54,74.6,2,4,6,3.09,0.607,0,1.74,0.486,LOMEFLOXACIN,0.141,novel,6.723
CHEMBL6210,CCNCC1CCN(c2c(F)cc3c(=O)c(C(=O)O)cn(C4CC4)c3c2F)C1,-6.63,391.4,2.75,74.6,2,4,6,3.12,0.792,0,2.67,0.542,GATIFLOXACIN,0.148,novel,6.723
CHEMBL36601,Cn1cc(-c2noc(CCN3CCCCC3)n2)c2ccccc21,-6.57,310.4,3.26,47.1,0,4,4,2.25,0.742,0,2.84,0.276,DIPHENIDOL,0.123,novel,6.723
CHEMBL39013,Cc1nc(Sc2cc3c(cc2NS(C)(=O)=O)CCC3=O)sc1C,-6.55,368.5,3.41,76.1,1,6,4,2.86,0.895,0,2.88,0.222,AMSACRINE,0.063,novel,6.722
CHEMBL32171,C[C@@H](NC(=O)N1C(=O)CC1SCc1cccnc1)c1ccccc1,-6.51,341.4,3.34,62.3,1,4,5,3.2,0.847,0,3.02,0.299,BORTEZOMIB,0.2,novel,6.722
CHEMBL18859,CC(/N=c1\c(O)c(O)\c1=N/c1ccc(CC#N)cc1)C(C)(C)C,-6.8,311.4,2.61,89.0,2,5,3,3.81,0.913,0,2.17,0.259,PINACIDIL ANHYDROUS,0.107,novel,6.721
CHEMBL268116,Cc1cc(Br)cnc1NS(=O)(=O)c1cccc2c(N(C)C)cccc12,-6.8,420.3,4.17,62.3,1,4,4,2.32,0.688,0,2.18,0.237,TILBROQUINOL,0.123,novel,6.721
CHEMBL6282,CCNCC1CCN(c2c(F)cc3c(=O)c(C(=O)O)cn(C4CC4C)c3c2F)C1,-6.72,405.4,2.99,74.6,2,4,6,3.7,0.773,0,2.41,0.514,LOMEFLOXACIN,0.143,novel,6.721
CHEMBL54313,CC(Oc1ccc(Oc2cnc3cc(F)ccc3n2)cc1)C(=O)O,-6.67,328.3,3.41,81.5,1,5,5,2.58,0.773,0,2.55,0.286,NAPROXEN,0.174,novel,6.721
CHEMBL280684,CN(C)CCOC(=O)C1=C/C(=C\c2cccnc2)c2ccccc21,-6.54,320.4,3.12,42.4,0,4,5,2.56,0.794,0,2.9,0.312,TETRACAINE,0.149,novel,6.721
CHEMBL12391,CCC(=O)N(c1ccccc1)[C@H]1CCN(CCc2ccccc2)C[C@H]1C,-6.84,350.5,4.38,23.6,0,2,6,2.89,0.772,0,2.06,0.7,FENTANYL,0.153,novel,6.72
CHEMBL49480,CN(c1nc2sc3c(c2c(=O)o1)CCCC3)C1CCCCC1,-6.67,318.4,3.9,46.3,0,5,2,2.74,0.842,0,2.54,0.206,BROMHEXINE,0.059,novel,6.72
CHEMBL33756,O=C1CCC2C3Cc4cccc5c4C2(CCN3CC2CC2)C1O5,-6.6,309.4,2.7,29.5,0,3,2,4.96,0.841,0,2.75,0.5,HYDROCODONE,0.095,novel,6.72
CHEMBL54,O=C(CCCN1CCC(O)(c2ccc(Cl)cc2)CC1)c1ccc(F)cc1,-7.38,375.9,4.43,40.5,1,3,6,2.12,0.759,0,1.95,1.0,HALOPERIDOL,0.127,likely-known-drug-chemistry,6.719
CHEMBL40794,CN1CCN(C2=Nc3cscc3N(C)c3ccc(F)cc32)CC1,-6.7,330.4,3.29,22.1,0,5,0,2.8,0.74,0,2.45,0.39,LOXAPINE,0.06,novel,6.719
CHEMBL50748,Cc1cncn1CCC(C(N)=O)(c1ccccc1)c1ccccc1,-6.53,319.4,3.05,60.9,1,2,6,2.4,0.759,0,2.95,0.449,ISOPROPAMIDE,0.167,novel,6.719
CHEMBL282205,c1cc2c(c(N3CCN(CC4CCCCC4)CC3)c1)OCCO2,-6.7,316.4,3.16,24.9,0,4,3,2.21,0.855,0,2.46,0.276,MEPAZINE,0.1,novel,6.718
CHEMBL291308,COc1ccc(-c2cc(C#N)c(O)nc2-c2ccc(N(C)C)cc2)cc1,-6.64,345.4,4.07,69.4,1,5,4,2.33,0.772,0,2.61,0.318,MEQUINOL,0.096,novel,6.718
CHEMBL40175,CC(C)(C)NCC(O)c1cc2cccc(CC(=O)OC3CCCCC3)c2o1,-6.84,373.5,4.27,71.7,2,5,6,3.09,0.74,0,2.06,0.348,PENBUTOLOL,0.152,novel,6.717
CHEMBL39005,CN(C)CCOc1ccc(-c2cccc(N)n2)c2c1C1CCC2C1,-6.7,323.4,3.64,51.4,1,4,5,4.03,0.913,0,2.44,0.258,TOREMIFENE,0.107,novel,6.717
CHEMBL296918,O=C(O)c1cn(C2CC2)c2nc(-c3ccncc3)c(F)cc2c1=O,-6.58,325.3,2.63,85.1,1,4,3,2.45,0.8,0,2.8,0.473,GEMIFLOXACIN,0.133,novel,6.717
CHEMBL14668,CCc1cc2c(s1)Nc1ccc(F)cc1N=C2N1CCN(C)CC1,-6.83,344.5,3.83,30.9,1,5,1,2.83,0.853,0,2.07,0.552,OLANZAPINE,0.08,novel,6.716
CHEMBL57674,CC1(CNC(=O)N2CCCC[C@H]2C(=O)OCc2ccccc2)CCCC1,-6.58,358.5,3.87,58.6,1,3,5,2.75,0.813,0,2.79,0.356,ENALAPRIL,0.145,novel,6.716
CHEMBL287660,C[C@@H]1C[C@@H]2C3Cc4ccc(O)cc4C2(CCN3CC2CC2)CC1=O,-6.71,325.5,3.29,40.5,1,3,2,4.64,0.907,0,2.41,0.492,LEVALLORPHAN,0.114,novel,6.715
CHEMBL287152,N#CC(C(=O)O)C1C(=O)N(Cc2ccccc2)c2ccc(F)cc21,-6.54,324.3,2.68,81.4,1,3,4,3.27,0.937,0,2.9,0.265,TRELAGLIPTIN SUCCINATE,0.169,novel,6.715
CHEMBL45583,CS(=O)(=O)c1ccc(-c2cc(C(F)(F)F)cnc2OCC2(O)CCCC2)cc1,-6.78,415.4,3.85,76.5,1,5,5,2.59,0.803,0,2.2,0.318,ETORICOXIB,0.118,novel,6.714
CHEMBL281770,C[C@@H](CC(=O)O)NC(=O)C1CCC2(CC1)CCN(c1ccncc1)CC2,-6.6,359.5,2.84,82.5,2,4,5,3.43,0.845,0,2.73,0.317,MARAVIROC,0.148,novel,6.714
CHEMBL31997,COc1ccc(CO[C@@H]2CNCC[C@H]2c2ccc(Cl)cc2)cc1,-6.91,331.8,4.01,30.5,1,3,5,2.73,0.898,0,1.85,0.313,PAROXETINE,0.069,novel,6.713
CHEMBL27740,CN(C(=O)c1ccc(C(F)(F)F)cc1)[C@@H]1CCCC[C@@H]1N1CCCC1,-6.78,354.4,4.18,23.6,0,2,3,2.96,0.813,0,2.21,0.317,TECOVIRIMAT,0.147,novel,6.713
CHEMBL299011,Cc1[nH]c(N)nc1[C@@H]1[C@@H](c2cccc3c2CCO3)C1(C)C,-6.77,283.4,3.14,63.9,2,3,2,3.65,0.89,0,2.23,0.344,TASIMELTEON,0.092,novel,6.713
CHEMBL42450,CC(C)(C)CC(=O)N[C@@H]1C(O)c2cc(C#N)ccc2OC1(C)C,-6.71,316.4,2.68,82.4,2,4,2,3.58,0.879,0,2.41,0.253,FINERENONE,0.134,novel,6.713
CHEMBL444527,CCn1cc(C(=O)O)c(=O)c2cc(F)c(N3CCCCC3)cc21,-6.47,318.3,2.85,62.5,1,3,3,2.24,0.945,0,3.08,0.8,NORFLOXACIN,0.139,novel,6.713
CHEMBL34691,O=C(NCc1ccccc1)C1CCCN1S(=O)(=O)CCc1ccccc1,-6.41,372.5,2.34,66.5,1,3,7,2.39,0.811,0,3.25,0.381,ENALAPRILAT ANHYDROUS,0.162,novel,6.712
CHEMBL6459,CN1CCN2CC(c3ccc(Cl)cc3)c3ccccc3C2C1,-6.86,312.8,3.77,6.5,0,2,1,2.9,0.791,0,1.98,0.38,MIANSERIN,0.079,novel,6.711
CHEMBL18856,CC(C(=O)O)c1nc(-c2ccc(Cl)cc2)oc1-c1ccco1,-6.85,317.7,4.44,76.5,1,4,4,2.87,0.769,0,1.99,0.491,BENOXAPROFEN,0.176,novel,6.711
CHEMBL269289,COc1ccc([C@]2(C#N)C[C@H]3C[C@@H](C(=O)O)C[C@H]3C2)cc1OCC1CC1,-6.62,355.4,3.77,79.5,1,4,6,3.89,0.84,0,2.64,0.282,ROFLUMILAST,0.103,novel,6.709
CHEMBL26447,COc1ccccc1N1CCN(CCNC(=O)c2cccnc2)CC1,-6.61,340.4,1.64,57.7,1,5,6,1.88,0.866,0,2.67,0.433,NICORANDIL,0.145,novel,6.709
CHEMBL278647,COc1cccc(-c2nc(O)c3cc(OC)c(OC)cc3n2)c1,-6.57,312.3,3.03,73.7,1,6,4,2.08,0.798,0,2.79,0.303,BELUMOSUDIL,0.121,novel,6.709
CHEMBL433451,Cc1ccc(Cn2c(N)nc3c(N(C)C)nc(C(F)(F)F)nc32)cc1,-6.41,350.3,2.85,72.9,1,5,3,2.65,0.786,0,3.25,0.221,CELECOXIB,0.113,novel,6.709
CHEMBL277651,CCN1CCCC(NC2c3ccccc3Oc3ccccc32)C1,-7.01,308.4,3.96,24.5,1,3,3,2.76,0.929,0,1.53,0.362,PIPERIDOLATE,0.118,novel,6.708
CHEMBL40078,CN1CCCC1CCNC(=O)C(c1ccccc1)c1ccccc1,-6.8,322.5,3.42,32.3,1,2,6,2.46,0.884,0,2.13,0.413,CLEMASTINE FUMARATE,0.229,novel,6.708
CHEMBL278717,CCO[C@@]12CCC(=O)[C@@H]3Oc4c(O)ccc5c4[C@@]31CCN(CC1CC1)C2C5,-6.39,369.5,2.57,59.0,1,5,4,5.23,0.884,0,3.31,0.723,NALTREXONE,0.102,novel,6.708
CHEMBL41739,CS(=O)(=O)Nc1cc2c(cc1Sc1ncccc1Cl)C(=O)CC2,-6.54,368.9,3.39,76.1,1,5,4,2.68,0.895,0,2.89,0.261,DESLORATADINE,0.093,novel,6.707
CHEMBL290994,CN1CCN(C2=Nc3cscc3N(C)c3ccccc32)CC1,-6.72,312.4,3.16,22.1,0,5,0,2.69,0.746,0,2.36,0.463,CLOZAPINE,0.086,novel,6.706
CHEMBL48701,COc1cccc(-c2cc(O)c3c(Br)ccnc3n2)c1,-6.66,331.2,3.77,55.2,1,4,2,2.36,0.777,0,2.53,0.273,TILBROQUINOL,0.097,novel,6.706
CHEMBL36800,CCOC(=O)C1(c2ccccc2)CCN(Cc2ccccc2)CC1,-6.75,323.4,3.78,29.5,0,3,5,1.94,0.784,0,2.28,0.714,MEPERIDINE,0.167,novel,6.705
CHEMBL16725,CC(=O)NCC1CN(c2ccc(C(C)=O)c(Cl)c2)C(=O)O1,-6.66,310.7,2.0,75.7,1,4,4,2.7,0.863,0,2.53,0.583,LINEZOLID,0.121,novel,6.705
CHEMBL41841,CN1CCN(c2nc3ccccc3c(-c3ccccc3F)c2CCO)CC1,-6.62,365.5,3.33,39.6,1,4,4,2.29,0.77,0,2.64,0.29,EMEDASTINE,0.167,novel,6.705
CHEMBL41813,OCCN1CCN(C2=Nc3ccccc3Sc3cscc32)CC1,-6.57,345.5,2.9,39.1,1,6,2,2.78,0.908,0,2.78,0.63,QUETIAPINE,0.125,novel,6.705
CHEMBL20170,CN1CCC(NC2c3ccccc3Oc3ccccc32)CC1,-6.98,294.4,3.57,24.5,1,3,2,2.3,0.916,0,1.62,0.404,ASENAPINE,0.099,novel,6.704
CHEMBL285359,COc1c(Cl)cc(Cl)c(OC)c1C(=O)NCC1CN(Cc2ccccc2)CCO1,-6.76,439.3,3.64,60.0,1,5,7,2.75,0.714,0,2.25,0.316,REMOXIPRIDE,0.153,novel,6.704
CHEMBL20763,CCN1CCCCC1c1ccc(-c2cc(S(=O)(=O)CC)ccc2OC)[nH]1,-6.62,376.5,4.03,62.4,1,4,6,3.1,0.827,0,2.65,0.384,SULPIRIDE,0.078,novel,6.704
CHEMBL37612,O=C(O)CN1C(=O)N(Cc2ccc(Cl)c(Cl)c2)Cc2ccccc21,-6.59,365.2,4.02,60.9,1,2,4,2.2,0.89,0,2.73,0.342,BENAZEPRIL,0.139,novel,6.703
CHEMBL6468,CN(C)c1cccc2c(S(=O)(=O)Nc3ncccn3)cccc12,-6.5,328.4,2.5,75.2,1,5,4,2.18,0.796,0,2.97,0.409,SULFADIAZINE,0.159,novel,6.703
CHEMBL38368,Cc1nc(-c2ccc(C)s2)c(-c2ccc(S(N)(=O)=O)cc2)o1,-6.65,334.4,3.33,86.2,1,5,3,2.44,0.796,0,2.55,0.377,VALDECOXIB,0.07,novel,6.702
CHEMBL21227,OC1C2CCC1C(N1CCC(c3ccccc3)CC1)C2,-6.95,271.4,3.03,23.5,1,2,2,4.07,0.894,0,1.69,0.288,NEFOPAM,0.108,novel,6.701
CHEMBL417000,CC1Cc2ccccc2CN1NC(=O)Oc1ccc(Cl)cc1,-6.81,316.8,3.79,41.6,1,3,2,2.82,0.916,0,2.08,0.328,INDAPAMIDE,0.13,novel,6.7
CHEMBL42759,Cc1cccc(Oc2cc(Cl)nc(OCC(=O)O)n2)c1C,-6.63,308.7,3.0,81.5,1,5,5,2.39,0.855,0,2.6,0.322,ETHACRYNIC ACID,0.176,novel,6.7
CHEMBL56440,CCOC(=O)c1c(NC(=O)N2CCSCC2)sc2c1CCN(C(C)=O)C2,-6.57,397.5,2.41,79.0,1,6,3,2.59,0.793,0,2.79,0.238,VINPOCETINE,0.092,novel,6.7
CHEMBL20222,CCOC(=O)Nc1ccc(C(=O)NC(C)c2ccccc2)cc1,-6.79,312.4,3.75,67.4,2,3,5,2.05,0.883,0,2.13,0.379,BENTIROMIDE,0.269,novel,6.698
CHEMBL43777,CC(=O)c1ccc(N2CC(CN3CCOCC3)OC2=O)cc1,-6.58,304.3,1.55,59.1,0,5,4,2.6,0.79,0,2.72,0.484,LINEZOLID,0.113,novel,6.698
CHEMBL18321,COc1cc([C@]23OC[C@H](Cc4cc5c(cc42)OCO5)[C@@H]3CO)cc(OC)c1OC,-6.53,400.4,2.5,75.6,1,7,5,4.62,0.826,0,2.89,0.357,PODOFILOX,0.095,novel,6.698
CHEMBL424034,CCOc1cc2c(cc1OCC)[C@@H]1C[C@@H]3C[C@H](O)CCC3CN1CC2,-6.67,345.5,3.56,41.9,1,4,4,3.59,0.906,0,2.48,0.426,BENZQUINAMIDE,0.071,novel,6.696
CHEMBL278272,COc1ccc(-c2[nH]c(S(C)(=O)=O)nc2-c2ccccc2)cc1,-6.52,328.4,3.16,72.1,1,4,4,2.09,0.798,0,2.9,0.327,MOFEZOLAC,0.119,novel,6.696
CHEMBL27578,CCN(CC)C(=O)c1ccc(C(c2ccccc2)N2CC(C)NC(C)C2)cc1,-6.81,379.5,3.94,35.6,1,3,6,3.19,0.826,0,2.08,0.352,CYCLIZINE LACTATE,0.222,novel,6.695
CHEMBL55248,C[C@H]1C2Cc3ccc(N4CCOCC4)cc3[C@@]1(C)CCN2CC1CC1,-6.7,340.5,3.46,15.7,0,3,3,4.15,0.838,0,2.4,0.46,PENTAZOCINE,0.075,novel,6.695
CHEMBL9648,COc1ccc(Sc2ccc(NC3=NC(C)(C)CN3)cc2)cc1,-6.92,327.5,4.0,45.6,2,5,4,2.64,0.891,0,1.75,0.256,MEQUINOL,0.063,novel,6.694
CHEMBL262016,CCCS(=O)(=O)c1c(O)n(Cc2ccccc2)c(=O)c2ccccc12,-6.42,357.4,2.94,76.4,1,4,5,2.21,0.762,0,3.19,0.293,BENDAZAC,0.167,novel,6.694
CHEMBL263075,CCNCC1CCN(c2c(F)cc3c(=O)c(C(=O)O)cn(-c4ccccc4)c3c2F)C1,-6.84,427.5,3.4,74.6,2,4,6,3.04,0.631,0,1.98,0.493,LOMEFLOXACIN,0.169,novel,6.693
CHEMBL279416,Fc1ccc(-c2ncn(C3CCNCC3)c2-c2ccncc2)cc1,-6.76,322.4,3.68,42.7,1,3,3,2.39,0.8,0,2.22,0.25,CRIZOTINIB,0.054,novel,6.693
CHEMBL291330,CCc1cc(C(=O)NC2CC3CCC(C2)N3C)c2ccccn12,-6.68,311.4,2.86,36.8,1,2,3,4.03,0.946,0,2.44,0.459,GRANISETRON,0.179,novel,6.693
CHEMBL43815,CN(C)CCOc1ccc(-c2cccc(N)n2)c2c1CCCC2,-6.62,311.4,3.15,51.4,1,4,5,2.39,0.921,0,2.61,0.274,IPRINDOLE,0.111,novel,6.693
CHEMBL18740,CCNC(=O)Nc1cccc2c1CN(C)CC2c1ccccc1,-6.87,309.4,3.41,44.4,2,2,3,2.64,0.912,0,1.89,0.536,NOMIFENSINE MALEATE,0.167,novel,6.692
CHEMBL21280,CCS(=O)(=O)c1ccc(OC)c(-c2ccc(CN3CCCC3)[nH]2)c1,-6.4,348.5,3.08,62.4,1,4,6,2.42,0.871,0,3.23,0.305,TRIMETAZIDINE,0.083,novel,6.692
CHEMBL43226,CCc1cccc(C[C@H]([C@H](C)O)n2cnc3c(N)ncnc32)c1,-6.87,311.4,2.14,89.8,2,5,5,3.24,0.753,0,1.9,0.317,ADENOSINE,0.125,novel,6.691
CHEMBL416757,COc1cc2c(cc1OC)[C@@H]1C[C@@H]3C[C@H](O)CC[C@@H]3CN1CC2,-6.6,317.4,2.78,41.9,1,4,2,3.53,0.911,0,2.65,0.492,BENZQUINAMIDE,0.049,novel,6.691
CHEMBL42427,COc1cc(OC)cc(C(=O)Nc2ccc(OC)cc2OC)c1,-6.47,317.3,2.97,66.0,1,5,6,1.71,0.887,0,3.04,0.371,BETRIXABAN,0.13,novel,6.691
CHEMBL435767,O=C(NC1CN2CCC1CC2)C(c1ccccc1)c1ccccc1,-6.71,320.4,3.03,32.3,1,2,4,3.26,0.939,0,2.33,0.364,PIPERIDOLATE,0.191,novel,6.69
CHEMBL18715,CCS(=O)(=O)c1nc(-c2ccccc2)c(-c2ccccc2)[nH]1,-6.6,312.4,3.54,62.8,1,3,4,2.14,0.801,0,2.65,0.294,VALDECOXIB,0.15,novel,6.69
CHEMBL11446,Cc1ccc(C)n1Nc1nnc(N2CCOCC2)c2c1CCCC2,-6.49,327.4,2.49,55.2,1,5,3,2.96,0.939,0,2.97,0.306,MINAPRINE,0.076,novel,6.69
CHEMBL266798,Cc1ccc(Sc2nccc3sc(C(N)=O)cc23)cc1,-6.75,300.4,3.85,56.0,1,4,3,2.4,0.799,0,2.22,0.245,PYRAZINAMIDE,0.114,novel,6.688
CHEMBL6446,COc1ccc(C2CN3CCN(C)CC3c3ccccc32)cc1,-6.73,308.4,3.13,15.7,0,3,2,2.87,0.848,0,2.29,0.365,MIANSERIN,0.077,novel,6.688
CHEMBL283148,CC(C)N(C(=O)c1ccc(CCC2CCC(=O)N(C)C2)cc1)C(C)C,-6.57,344.5,3.75,40.6,0,2,6,2.82,0.788,0,2.73,0.274,LOXOPROFEN,0.125,novel,6.688
CHEMBL267914,Cc1ccc(Sc2ccnc3sc(C(N)=O)cc23)cc1,-6.75,300.4,3.85,56.0,1,4,3,2.43,0.799,0,2.22,0.245,PYRAZINAMIDE,0.114,novel,6.687
CHEMBL40342,CC(C)Oc1cc2c(cc1Cl)N(C(=O)Nc1cccnc1)CC2,-6.71,331.8,4.12,54.5,1,3,3,2.29,0.92,0,2.32,0.286,IMATINIB,0.126,novel,6.685
CHEMBL15142,NCC1CCCN(c2c(F)cc3c(=O)c(C(=O)O)cn(C4CC4)c3c2F)C1,-6.68,377.4,2.49,88.6,2,4,4,3.08,0.855,0,2.4,0.612,BESIFLOXACIN,0.136,novel,6.684
CHEMBL275296,CCC[C@H]1OC(=O)O[C@]1(Cn1cncn1)c1ccc(Cl)cc1Cl,-6.36,356.2,3.82,66.2,0,5,5,3.71,0.762,0,3.32,0.388,TERCONAZOLE,0.102,novel,6.684
CHEMBL261922,CC(CNC(=O)c1cc2cc(Cl)ccc2[nH]1)Cn1ccnc1,-6.63,316.8,3.08,62.7,2,2,5,2.87,0.76,0,2.55,0.348,MICONAZOLE,0.128,novel,6.683
CHEMBL27297,CCC1CCNc2cc3c(cc21)c(C(F)(F)F)cc(=O)n3C,-6.89,310.3,3.87,34.0,1,2,1,3.41,0.867,0,1.81,0.241,SERTINDOLE,0.113,novel,6.682
CHEMBL30738,O=C1CCC2C3Cc4ccc(O)cc4C2(CCN3CC2CC2)C1,-6.67,311.4,3.04,40.5,1,3,2,4.34,0.912,0,2.42,0.541,LEVALLORPHAN,0.096,novel,6.682
CHEMBL299254,CCc1nc(C(=O)NC2CC3CCC(C2)N3C)c2ccccn12,-6.62,312.4,2.25,49.6,1,3,3,3.97,0.946,0,2.58,0.525,GRANISETRON,0.177,novel,6.682
CHEMBL32402,OC(COc1ccccc1)CN1CCC(Oc2ccccc2)CC1,-6.6,327.4,2.97,41.9,1,4,7,2.31,0.849,0,2.64,0.373,NAFTOPIDIL,0.139,novel,6.681
CHEMBL9970,COc1cccc2c1CCC[C@H]2CN(C)CCc1ccc2c(c1)CS(=O)(=O)C2,-6.59,399.6,3.72,46.6,0,4,6,3.23,0.743,0,2.66,0.287,IVABRADINE,0.095,novel,6.681
CHEMBL9629,CCOc1ccccc1NC(=O)Nc1nc2ccncc2cc1C,-6.85,322.4,3.98,76.1,2,4,4,2.16,0.761,0,1.9,0.286,PRILOCAINE,0.146,novel,6.679
CHEMBL266198,NC(=O)c1cc2c(Sc3ccc(Br)cc3)cncc2s1,-6.66,365.3,4.31,56.0,1,4,3,2.58,0.753,0,2.46,0.245,PYRAZINAMIDE,0.114,novel,6.678
CHEMBL18353,CCOC(=O)Nc1cccc2c1CN(C)CC2c1ccc(F)cc1,-6.79,328.4,3.97,41.6,1,3,3,2.7,0.927,0,2.09,0.429,NOMIFENSINE MALEATE,0.145,novel,6.676
CHEMBL423120,CC(=O)N1C(=O)[C@H](C)C2[C@H]1CCN2C(=O)OCc1ccccc1,-6.45,316.4,1.79,66.9,0,4,2,3.31,0.834,0,3.06,0.333,BENZYL BENZOATE,0.152,novel,6.676
CHEMBL27938,Fc1ccc(CN2CCc3ccccc3C2Cn2cncn2)cc1,-6.58,322.4,3.22,34.0,0,3,4,2.75,0.739,0,2.68,0.306,FLUCONAZOLE,0.082,novel,6.675
CHEMBL54885,CNC(=O)N1CCc2cc(S(=O)(=O)Nc3ccccc3)ccc21,-6.69,331.4,2.19,78.5,2,3,3,2.06,0.905,0,2.36,0.373,BELINOSTAT,0.141,novel,6.674
CHEMBL36057,COC(=O)Nc1ccc(Cl)c(-c2nc3cc(C)ccc3n2C)c1,-6.75,329.8,4.38,56.1,1,3,2,2.12,0.759,0,2.19,0.292,VISMODEGIB,0.122,novel,6.673
CHEMBL268567,NC(=O)c1cc2c(Sc3ccc(Cl)cc3)cncc2s1,-6.74,320.8,4.2,56.0,1,4,3,2.52,0.787,0,2.21,0.255,TILUDRONIC ACID,0.114,novel,6.673
CHEMBL35254,COC(=O)Nc1ccc(F)c(-c2nc3cc(C)ccc3o2)c1,-6.72,300.3,4.12,64.4,1,4,2,2.09,0.773,0,2.26,0.328,BENOXAPROFEN,0.11,novel,6.673
CHEMBL38341,COc1ccc(OC)c([C@H]2C[C@H]2NC(=O)Nc2ccc(Cl)cn2)c1F,-6.64,365.8,3.57,72.5,2,4,5,3.16,0.849,0,2.5,0.325,BETRIXABAN,0.118,novel,6.673
CHEMBL287654,CCN1CCCC[C@H]1[C@H]1COC(c2ccccc2)(c2ccccc2)O1,-6.81,337.5,4.18,21.7,0,3,4,3.17,0.835,0,2.01,0.281,DOXAPRAM,0.118,novel,6.672
CHEMBL287317,COc1ccc(OC)c(CCNC(=O)Nc2ccc(Cl)cn2)c1F,-6.58,353.8,3.26,72.5,2,4,6,2.24,0.836,0,2.67,0.338,BETRIXABAN,0.122,novel,6.672
CHEMBL27961,O=C1CCN(c2cc3c(cc2F)c(=O)c(C(=O)O)cn3C2CC2)C1,-6.61,330.3,1.95,79.6,1,4,3,2.6,0.93,0,2.59,0.722,CIPROFLOXACIN,0.094,novel,6.671
CHEMBL53669,O=S1(=O)C=C(O)N2C(=N1)Sc1cc(OC(F)(F)F)ccc12,-6.46,338.3,2.55,79.2,1,6,1,3.39,0.848,0,3.0,0.298,RILUZOLE,0.113,novel,6.671
CHEMBL286376,COc1cccc2c1[C@@H]1CCN(CCc3ccccc3)[C@@H]1CC2,-6.89,307.4,4.04,12.5,0,2,4,2.87,0.845,0,1.78,0.303,METHOPHOLINE,0.108,novel,6.67
CHEMBL45517,CC(=O)Nc1c(C)cc(C(=O)Nc2c(C)cccc2C)cc1C,-6.88,310.4,4.13,58.2,2,2,3,1.88,0.895,0,1.8,0.447,TOCAINIDE,0.154,novel,6.67
CHEMBL55192,COc1cccc2c3c(c(NCCO)nc12)CCN3c1ccccc1C,-6.67,349.4,3.65,57.6,2,5,5,2.43,0.736,0,2.41,0.307,NAFTOPIDIL,0.152,novel,6.67
CHEMBL288456,Cc1nc(C)n(-c2cc(C)c3nc(O)ccc3c2)c1S(C)(=O)=O,-6.55,331.4,2.45,85.1,1,5,2,2.95,0.779,0,2.75,0.246,METHAQUALONE,0.083,novel,6.67
CHEMBL289486,C=Cc1c(N2CCN(C)CC2)nc2ccccc2c1-c1ccccc1O,-6.75,345.4,4.0,39.6,1,4,3,2.38,0.779,0,2.18,0.315,EMEDASTINE DIFUMARATE,0.155,novel,6.668
CHEMBL15347,NCC1CCCN(c2c(F)cc3c(=O)c(C(=O)O)cn(C4CC4)c3c2Cl)C1,-6.74,393.8,3.0,88.6,2,4,4,3.09,0.833,0,2.2,0.746,BESIFLOXACIN,0.121,novel,6.668
CHEMBL9997,CCC(=O)NCCc1c2n(c3ccc(OC)cc13)CCc1ccccc1-2,-6.7,348.4,3.94,43.3,1,2,5,2.34,0.759,0,2.32,0.353,AGOMELATINE,0.149,novel,6.668
CHEMBL298593,COc1ccccc1C(=O)C1(NC(=O)c2cccc(OC)c2C)CCCC1,-6.52,367.4,3.94,64.6,1,4,6,2.32,0.786,0,2.83,0.298,METHYL SALICYLATE,0.164,novel,6.668
CHEMBL12978,O=C(OC1CN2CCC1CC2)C(O)(c1ccccc1)c1ccc(F)cc1,-6.38,355.4,2.7,49.8,1,4,4,3.74,0.857,0,3.22,0.509,CLIDINIUM,0.143,novel,6.668
CHEMBL35128,O=C1CCCC2Nc3ccnn3[C@H](c3ccc(F)c(Br)c3)C12,-6.56,364.2,3.54,46.9,1,3,1,4.05,0.842,0,2.69,0.206,TEGAFUR,0.065,novel,6.667
CHEMBL274348,O=S(=O)(c1ccc(Cl)cc1)C(Cc1ccccc1)S(=O)(=O)C(F)(F)F,-6.48,412.8,3.62,68.3,0,4,5,2.76,0.752,0,2.94,0.333,AMPHETAMINE SULFATE,0.174,novel,6.667
CHEMBL18557,CC(=O)c1ccc2c(c1)[C@@]13CCCC[C@H]1[C@@H](C2)N(CC1CC1)CC3,-6.89,323.5,4.36,20.3,0,2,3,4.13,0.77,0,1.75,0.557,LEVALLORPHAN,0.106,novel,6.665
CHEMBL282234,c1ccc(CN2CCN(c3nc4ccccc4s3)CC2)cc1,-6.79,309.4,3.62,19.4,0,4,3,1.75,0.736,0,2.03,0.333,MECLIZINE,0.123,novel,6.665
CHEMBL10317,CN(CCc1ccc2c(c1)OCO2)C[C@@H]1CC[C@H]2CCOc3cccc1c32,-6.71,365.5,4.33,30.9,0,4,5,3.35,0.789,0,2.29,0.25,RAMELTEON,0.099,novel,6.665
CHEMBL300638,O=C1CC[C@H]2C3Cc4ccc(O)cc4C2(CCN3CC2CC2)C1,-6.66,311.4,3.04,40.5,1,3,2,4.34,0.912,0,2.42,0.541,LEVALLORPHAN,0.096,novel,6.665
CHEMBL22975,COCC1COC(C2CCCN2C(=O)C2CCCN2C(=O)OCc2ccccc2)O1,-6.49,418.5,2.17,77.5,0,6,6,3.65,0.705,0,2.9,0.329,ENALAPRIL,0.122,novel,6.664
CHEMBL418379,COC(=O)C(Cc1cccc(C(F)(F)F)c1)NC(=O)n1ccnc1,-6.46,341.3,2.24,73.2,1,4,4,2.82,0.866,0,2.99,0.418,BENFLUOREX,0.185,novel,6.664
CHEMBL53830,COc1ccccc1CNc1c2c(nc3ccccc13)CCCC2O,-6.84,334.4,4.23,54.4,2,4,4,2.72,0.75,0,1.88,0.319,AMSACRINE,0.145,novel,6.663
CHEMBL9686,CN(C)CCNC(=O)c1cccc2cc(-c3ccccc3)cnc12,-6.62,319.4,3.19,45.2,1,3,5,1.96,0.785,0,2.52,0.373,DIBUCAINE,0.206,novel,6.663
CHEMBL294404,COc1ccc2c(c1)CCN2C(=O)NC1CC2CCC(C1)N2C,-6.6,315.4,2.39,44.8,1,3,2,3.74,0.911,0,2.57,0.328,GRANISETRON,0.108,novel,6.663
CHEMBL47294,C[C@H](Oc1ncc(C(F)(F)F)cc1-c1ccc(S(C)(=O)=O)cc1)C(C)(C)O,-6.67,403.4,3.71,76.5,1,5,5,3.05,0.824,0,2.39,0.333,ETORICOXIB,0.122,novel,6.662
CHEMBL14022,CCNC(=O)N(CCCN(C)C)C(=O)[C@@H]1C[C@@H]2c3cccc4[nH]cc(c34)C[C@H]2N(C)C1,-6.66,425.6,2.64,71.7,2,4,6,3.89,0.746,0,2.42,0.784,CABERGOLINE,0.135,novel,6.662
CHEMBL32929,CCCn1nc(C(=O)NN2CCCCC2)c(C)c1-c1ccccc1,-6.6,326.4,3.4,50.2,1,3,5,2.37,0.916,0,2.58,0.516,RIMONABANT,0.197,novel,6.661
CHEMBL416519,COc1cccc2c1C1CCN(CCc3ccccc3)[C@H]1CC2,-6.88,307.4,4.04,12.5,0,2,4,2.87,0.845,0,1.78,0.303,METHOPHOLINE,0.108,novel,6.66
CHEMBL21463,COc1ccc(-c2cccc(C(=O)O)c2)cc1OC1CCCC1,-6.79,312.4,4.38,55.8,1,3,5,1.87,0.89,0,2.03,0.407,ADAPALENE,0.13,novel,6.66
CHEMBL6800,COc1nc(Br)cnc1NS(=O)(=O)c1cccc2c(N(C)C)cccc12,-6.75,437.3,3.27,84.4,1,6,5,2.54,0.66,0,2.15,0.333,SULFALENE,0.135,novel,6.66
CHEMBL36728,COc1ccc(C2CCN(C(N)=O)C2)cc1OC1CCCC1,-6.45,304.4,2.88,64.8,1,3,4,2.62,0.93,0,2.99,0.313,VERNAKALANT,0.1,novel,6.66
CHEMBL282287,CCS(=O)(=O)c1ccc(OC)c(-c2ccc(C(C)N3CCCC3)[nH]2)c1,-6.45,362.5,3.64,62.4,1,4,6,3.04,0.852,0,3.0,0.293,SULPIRIDE,0.094,novel,6.66
CHEMBL20407,CCS(=O)(=O)c1ccc(OC)c(-c2ccc(CN3CCOCC3)[nH]2)c1,-6.38,364.5,2.32,71.6,1,5,6,2.48,0.852,0,3.2,0.341,PEMIGATINIB,0.08,novel,6.66
CHEMBL8892,c1cc(N2CCN(c3ccc(C4=NCCN4)cc3)CC2)ccc1C1=NCCN1,-6.69,374.5,1.71,55.3,2,6,4,2.53,0.856,0,2.3,0.3,TOLAZOLINE,0.066,novel,6.658
CHEMBL301018,COc1cc2ncnc(Nc3ccc(F)c(Cl)c3)c2cc1OC,-6.68,333.8,4.18,56.3,1,5,4,2.02,0.776,0,2.35,0.683,GEFITINIB,0.101,novel,6.658
CHEMBL51848,Cc1ncn(CCC(C(N)=O)(c2ccccc2)c2ccccc2)c1C,-6.48,333.4,3.36,60.9,1,2,6,2.37,0.752,0,2.9,0.449,ISOPROPAMIDE,0.167,novel,6.657
CHEMBL55351,CC1CCCC(C)N1CCCC(O)(c1ccccc1)c1cccnc1,-6.85,338.5,4.36,36.4,1,3,6,3.36,0.85,0,1.85,0.46,DIPHENIDOL,0.141,novel,6.655
CHEMBL49670,Cc1csc2c(=O)oc([C@H](C)NC(=O)OCc3ccccc3)nc12,-6.58,344.4,3.55,81.4,1,6,4,2.99,0.783,0,2.62,0.309,RITONAVIR,0.171,novel,6.655
CHEMBL26479,c1ccc(C2(c3ccccc3)OCC(C3CCCCN3)O2)cc1,-6.81,309.4,3.45,30.5,1,3,3,3.21,0.942,0,1.96,0.291,METHYLPHENIDATE,0.09,novel,6.654
CHEMBL273720,Cc1ccc(C(O)C(O)(Cn2cncn2)c2ccc(C)cc2)cc1,-6.57,323.4,2.52,71.2,2,4,5,3.09,0.757,0,2.63,0.381,VORICONAZOLE,0.135,novel,6.654
CHEMBL45898,O=C(NCc1nc2ccsc2c(=O)o1)OCc1ccccc1,-6.5,316.3,2.68,81.4,1,6,4,2.35,0.8,0,2.83,0.34,BENZYL BENZOATE,0.155,novel,6.654
CHEMBL416172,O=C(OC1CN2CCC1CC2)c1cc(Cl)cc2nc[nH]c12,-6.5,305.8,2.47,58.2,1,4,2,3.94,0.866,0,2.83,0.319,SOLIFENACIN,0.077,novel,6.653
CHEMBL279844,CC(C)(CO)Nc1nc(C(F)(F)F)nc2ccccc12,-6.69,285.3,2.83,58.0,2,4,3,2.46,0.91,0,2.29,0.267,MEPHENTERMINE,0.206,novel,6.652
CHEMBL37937,CC(C)(C)NCC(O)c1cc2cccc(CC(=O)OC(C)(C)C)c2o1,-6.67,347.5,3.74,71.7,2,5,5,3.05,0.806,0,2.36,0.371,PIRBUTEROL ACETATE,0.167,novel,6.651
CHEMBL268339,CN(C)c1cccc2c(S(=O)(=O)Nc3cnc(Br)cn3)cccc12,-6.57,407.3,3.26,75.2,1,5,4,2.44,0.719,0,2.63,0.246,SULFAPYRIDINE,0.129,novel,6.651
CHEMBL30462,CN([C@@H]1CCN2CCc3ccccc3[C@@H]2C1)S(=O)(=O)CC1CC1,-6.42,334.5,2.42,40.6,0,3,4,3.28,0.849,0,3.07,0.306,RASAGILINE MESYLATE,0.123,novel,6.651
CHEMBL416490,CC1C2Cc3ccccc3C1(C)CC(Cc1ccccc1)N2C,-6.95,305.5,4.45,3.2,0,1,2,4.17,0.792,0,1.53,0.312,PENTAZOCINE,0.117,novel,6.65
CHEMBL53166,COC(=O)C1CC2c3cccc4c3c(cn4C(C)C)CC2N(C)C1,-6.56,326.4,3.36,34.5,0,3,2,3.65,0.794,0,2.65,0.307,DIHYDROERGOTAMINE,0.129,novel,6.65
CHEMBL417638,CCOC(=O)N1CCN(C2c3ccccc3Oc3ccccc32)CC1,-6.52,338.4,3.66,42.0,0,4,2,2.21,0.838,0,2.76,0.407,METHANTHELINE,0.167,novel,6.65
CHEMBL52007,CCOC(=O)N1CCN(c2nc3cccnc3n3cccc23)CC1,-6.32,325.4,2.16,63.0,0,5,2,2.34,0.722,0,3.34,0.356,LORATADINE,0.119,novel,6.65
CHEMBL50178,CCCC(=O)Nc1ccc(OC(=O)NN2CCOCC2)cc1,-6.83,307.4,1.76,79.9,2,5,5,2.17,0.866,0,1.87,0.345,BUCETIN,0.173,novel,6.649
CHEMBL7454,CCCCc1nnc2c(NC3CCCC3)nc3ccccc3n12,-6.71,309.4,3.97,55.1,1,4,5,2.33,0.774,0,2.21,0.291,ASTEMIZOLE,0.165,novel,6.649
CHEMBL10138,N[C@@H](Cc1ccccc1)C1=Cc2ccccc2C2=NCCCN12,-6.66,303.4,3.06,41.6,1,3,3,3.12,0.947,0,2.37,0.298,AMPHETAMINE,0.127,novel,6.649
CHEMBL417938,NCC(O)COc1ccc2c(=O)cc(-c3ccccc3)oc2c1,-6.79,311.3,2.16,85.7,2,5,5,2.58,0.754,0,2.0,0.373,CROMOLYN,0.157,novel,6.648
CHEMBL274842,COc1ccc2c(c1)c(CCNC(C)=O)c1n2CCc2ccccc2-1,-6.64,334.4,3.55,43.3,1,2,4,2.31,0.793,0,2.41,0.452,AGOMELATINE,0.126,novel,6.648
CHEMBL57808,COc1ccc(F)cc1NC(=O)NC1CC2CCC(C1)N2C,-6.65,307.4,2.58,53.6,2,3,3,3.54,0.902,0,2.4,0.338,GRANISETRON,0.125,novel,6.647
CHEMBL269497,Cc1cccc(Sc2cncc3sc(C(N)=O)cc23)c1,-6.71,300.4,3.85,56.0,1,4,3,2.57,0.799,0,2.22,0.255,NIACINAMIDE,0.143,novel,6.646
CHEMBL289312,COc1ccc(C(=O)Nc2c(Cl)cncc2Cl)c2c1ncn2C,-6.45,351.2,3.54,69.0,1,4,3,2.48,0.784,0,2.96,0.357,ROFLUMILAST,0.11,novel,6.646
CHEMBL15236,CCCC1=C(C(=O)OCC)C(c2cc(C)cc(C)c2)NC(=O)N1,-6.63,316.4,3.27,67.4,2,3,5,2.82,0.819,0,2.43,0.286,FELODIPINE,0.117,novel,6.643
CHEMBL32181,COc1ccc([C@@H]2CN3CCCC3c3cc(OC)c(OC)cc32)cc1OC,-6.56,369.5,4.0,40.2,0,5,5,2.95,0.797,0,2.64,0.355,VERNAKALANT,0.063,novel,6.643
CHEMBL37534,CC1(C)CCC2Nc3ccnn3C(c3ccc(F)c(Br)c3)C2C1=O,-6.75,392.3,4.17,46.9,1,3,1,4.23,0.793,0,2.09,0.202,REPOTRECTINIB,0.073,novel,6.642
CHEMBL278575,CN1CC(C(=O)O)=CC(=C(c2ccccc2)c2ccccc2)C1,-6.73,305.4,3.44,40.5,1,2,3,2.49,0.944,0,2.15,0.31,DIPHEMANIL,0.15,novel,6.642
CHEMBL288295,O=C(O)Cc1cc(Cl)c2c(c1)CCC(c1ccccc1F)N2,-6.91,319.8,4.21,49.3,2,2,3,2.91,0.891,0,1.65,0.299,LUMIRACOXIB,0.15,novel,6.641
CHEMBL6399,CN(C)c1cccc2c(S(=O)(=O)Nc3cnccn3)cccc12,-6.44,328.4,2.5,75.2,1,5,4,2.26,0.796,0,2.97,0.296,SULFAPYRIDINE,0.13,novel,6.64
CHEMBL6299,CCNCC1CCN(c2c(F)cc3c(=O)c(C(=O)O)cn(-c4nccs4)c3c2F)C1,-6.8,434.5,2.86,87.5,2,6,6,3.33,0.621,0,1.93,0.456,LOMEFLOXACIN,0.134,novel,6.639
CHEMBL6627,CN1CCN2CC(c3ccccc3)c3ccccc3C2C1,-6.77,278.4,3.12,6.5,0,2,1,2.84,0.791,0,2.02,0.477,NOMIFENSINE,0.099,novel,6.639
CHEMBL21964,COc1ccc(-c2ccc(C(=O)O)cc2)cc1OC1CCCC1,-6.77,312.4,4.38,55.8,1,3,5,1.81,0.89,0,2.03,0.429,ADAPALENE,0.107,novel,6.639
CHEMBL278719,COC(=O)c1oc(C(C)(C)C)cc1NC(=O)Nc1ccc(C)cc1,-6.89,330.4,4.32,80.6,2,4,3,2.4,0.821,0,1.68,0.286,BITOLTEROL,0.117,novel,6.638
CHEMBL35729,CCOc1ccc(OC)c(CCNC(=O)Nc2ccc(Cl)cn2)c1F,-6.62,367.8,3.65,72.5,2,4,7,2.27,0.783,0,2.43,0.325,BETRIXABAN,0.131,novel,6.636
CHEMBL290083,CC1(C)CN(C(=O)CCc2c[nH]cn2)c2ccccc21,-6.63,269.3,2.67,49.0,1,2,3,2.76,0.931,0,2.4,0.34,HISTAMINE PHOSPHATE,0.154,novel,6.635
CHEMBL7287,CCOc1ccccc1N1CCN(C(=O)c2cc(C)c(OC)c(C)c2)CC1,-6.47,368.5,3.67,42.0,0,4,5,1.98,0.807,0,2.87,0.343,NAFTOPIDIL,0.138,novel,6.635
CHEMBL433256,COc1cc2c(cc1C(C)c1ccc(OCC(=O)O)cc1)OCO2,-6.45,330.3,3.04,74.2,1,5,6,2.63,0.877,0,2.94,0.343,FIPEXIDE,0.139,novel,6.635
CHEMBL299684,CCc1cc(C(=O)NC2CC3CCC(C2)N3C)n2ccccc12,-6.62,311.4,2.86,36.8,1,2,3,4.02,0.946,0,2.44,0.467,GRANISETRON,0.182,novel,6.634
CHEMBL9872,CN(C)CCNC(=O)c1cc(-c2ccccc2)cc2cccnc12,-6.59,319.4,3.19,45.2,1,3,5,1.99,0.785,0,2.52,0.373,DIBUCAINE,0.188,novel,6.634
CHEMBL13082,CCCCn1c(=O)c2cc(C(=O)O)cn2c2ccc(Cl)cc21,-6.49,318.8,3.41,63.7,1,2,4,2.39,0.801,0,2.8,0.274,ZOMEPIRAC,0.171,novel,6.634
CHEMBL20732,CN(C)CCOC(=O)C1=C/C(=C\c2ccccn2)c2ccccc21,-6.46,320.4,3.12,42.4,0,4,5,2.6,0.794,0,2.9,0.365,DOXYLAMINE SUCCINATE,0.153,novel,6.634
CHEMBL23241,COc1ccncc1C1=C(c2ccc(S(C)(=O)=O)cc2)CCC1=O,-6.21,343.4,2.77,73.3,0,5,4,2.45,0.853,0,3.63,0.37,ROFECOXIB,0.06,novel,6.634
CHEMBL54027,COc1c(C(=O)N[C@@H]2CCN(C3CCCC3)C2)cc(Br)c2ccccc12,-6.9,417.3,4.36,41.6,1,3,4,2.74,0.804,0,1.64,0.329,GRANISETRON,0.143,novel,6.633
CHEMBL278648,CC1(CN)CCN(c2cc3c(cc2F)c(=O)c(C(=O)O)cn3C2CC2)C1,-6.61,359.4,2.35,88.6,2,4,4,3.26,0.875,0,2.48,0.639,CIPROFLOXACIN,0.111,novel,6.633
CHEMBL41510,CCOc1cc2c(cc1C(F)(F)F)N(C(=O)Nc1cccnc1)CC2,-6.59,351.3,4.09,54.5,1,3,3,2.38,0.906,0,2.52,0.283,PONATINIB,0.174,novel,6.633
CHEMBL281858,O=C(O)COc1ccc2c(-c3ccccc3F)[nH]nc2c1Cl,-6.71,320.7,3.49,75.2,2,3,4,2.37,0.771,0,2.18,0.367,TICRYNAFEN,0.155,novel,6.632
CHEMBL292852,COc1ccccc1NC(=O)OC1CC2CCC(C1)N2C,-6.58,290.4,2.87,50.8,1,4,3,3.54,0.93,0,2.56,0.5,HOMATROPINE,0.147,novel,6.632
CHEMBL284886,CC(C)NCC(=O)N1c2ccccc2N(C)S(=O)(=O)c2ccccc21,-6.29,359.5,2.49,69.7,1,4,3,2.58,0.914,0,3.37,0.306,PIROXICAM,0.164,novel,6.632
CHEMBL38912,C[C@@H](NC(=O)c1cc(F)ccc1O)c1ccc(Br)cc1,-6.75,338.2,3.78,49.3,2,2,3,2.24,0.895,0,2.05,0.444,DIBROMSALAN,0.186,novel,6.631
CHEMBL26767,COc1ccc([C@]2(C#N)C[C@H]3C[C@@H](C(=O)O)C[C@H]3C2)cc1OC(C)C,-6.58,343.4,3.76,79.5,1,4,5,3.89,0.88,0,2.54,0.286,ADAPALENE,0.108,novel,6.63
CHEMBL56116,Cc1ccc(-c2cc(N3CCN(C)CC3)nc(Cl)n2)cc1,-6.54,302.8,2.86,32.3,0,4,2,2.05,0.799,0,2.66,0.295,BLONANSERIN,0.058,novel,6.629
CHEMBL10024,COc1ccc(Sc2ccc(NC3=NCCCN3)cc2)cc1,-6.82,313.4,3.61,45.6,2,5,4,2.29,0.905,0,1.84,0.321,MOXONIDINE,0.07,novel,6.628
CHEMBL50484,CCN1CCC[C@H]1CNC(=O)c1cc2ccccc2cc1OC,-6.61,312.4,3.06,41.6,1,3,5,2.45,0.922,0,2.45,0.655,SULPIRIDE,0.165,novel,6.628
CHEMBL266957,Cc1cc(=O)n(C(=O)OC(C)(C)C)c2c3c(ccc12)OC(C)(C)C=C3,-6.49,341.4,4.28,57.5,0,4,0,2.94,0.718,0,2.79,0.204,DOCETAXEL ANHYDROUS,0.119,novel,6.628
CHEMBL36536,COc1cc2c(cc1OC)-c1c(OC)c(OC)cc3c1C(C2)N(C)CC3,-6.42,355.4,3.47,40.2,0,5,4,2.93,0.84,0,2.98,0.375,APOMORPHINE,0.051,novel,6.628
CHEMBL42061,CN1CCN(c2nc(-c3ccoc3)cc(-c3ccco3)n2)CC1,-6.29,310.4,2.75,58.5,0,6,3,2.52,0.741,0,3.38,0.31,PRAZOSIN,0.067,novel,6.628
CHEMBL294870,Oc1ccc2c(c1)[C@@]13CCCCC1[C@@H](C2)N(CC1CCC1)CC3,-6.99,311.5,4.25,23.5,1,2,2,4.17,0.882,0,1.38,0.717,LEVALLORPHAN,0.078,novel,6.627
CHEMBL37697,O=C(CN1CCCC1)Nc1c2c(nc3ccccc13)CCCC2,-6.61,309.4,3.15,45.2,1,3,3,2.07,0.947,0,2.45,0.449,TACRINE,0.191,novel,6.627
CHEMBL296138,COc1ccc(C(=O)Nc2ncccc2C)cc1OC1CCCC1,-6.6,326.4,3.97,60.5,1,4,5,2.0,0.903,0,2.49,0.352,ZAFIRLUKAST,0.119,novel,6.627
CHEMBL27779,CCN(CC)C(=O)c1ccc(C(c2ccccc2)N2CCN(CCO)CC2)cc1,-6.49,395.5,2.87,47.0,1,4,8,2.52,0.747,0,2.78,0.482,HYDROXYZINE,0.219,novel,6.627
CHEMBL291293,COc1ccc(C2CCC(OCc3cccnc3)O2)cc1OC,-6.48,315.4,3.49,49.8,0,5,6,2.99,0.816,0,2.82,0.375,PICOTAMIDE,0.087,novel,6.627
CHEMBL290730,O=C(N[C@@H]1CN2CCC1CC2)c1cccc2ccccc12,-6.72,280.4,2.66,32.3,1,2,2,3.16,0.917,0,2.13,0.302,SOLIFENACIN,0.23,novel,6.625
CHEMBL41328,C[C@@H](NC(=O)C(C#N)C1CC1)[C@@H](Oc1cc(F)ccc1F)c1ccccc1,-6.54,370.4,4.14,62.1,1,3,7,3.53,0.797,0,2.64,0.268,NATEGLINIDE,0.21,novel,6.625
CHEMBL296773,CCN1c2ncccc2-c2nnc(C(C)C)n2-c2cccnc21,-6.4,306.4,3.32,59.7,0,5,2,2.65,0.727,0,3.05,0.279,PROTHIPENDYL,0.103,novel,6.625
CHEMBL299622,CNc1ncc2ncnc(Nc3cccc(Br)c3)c2n1,-6.57,331.2,2.97,75.6,2,6,3,2.4,0.768,0,2.55,0.313,ERLOTINIB,0.082,novel,6.624
CHEMBL9634,CC(=O)NCCc1c2n(c3ccccc13)CCc1ccccc1-2,-6.78,304.4,3.54,34.0,1,1,3,2.23,0.789,0,1.94,0.302,AGOMELATINE,0.155,novel,6.623
CHEMBL37762,O=C(Nc1ccc(Cl)cn1)N[C@@H]1C[C@@H]1c1c(F)cccc1F,-6.74,323.7,3.69,54.0,2,2,3,3.06,0.905,0,2.08,0.299,EDOXABAN,0.113,novel,6.623
CHEMBL7339,COc1cc(O)c2c(=O)c(-c3cccc(Cl)c3)coc2c1,-6.65,302.7,3.83,59.7,1,4,2,2.19,0.781,0,2.33,0.281,OXYBENZONE,0.095,novel,6.623
CHEMBL39364,CN1CCN(c2nc3ccccc3c(-c3ccccc3)c2CCO)CC1,-6.54,347.5,3.19,39.6,1,4,4,2.17,0.787,0,2.65,0.312,EMEDASTINE,0.179,novel,6.623
CHEMBL53375,COc1cc2ncnc(Nc3cccc(Br)c3)c2cn1,-6.5,331.2,3.54,59.9,1,5,3,2.29,0.795,0,2.76,0.443,ERLOTINIB,0.097,novel,6.623
CHEMBL31872,CC(C)(C)C1CS(=O)(=O)C(c2ccc(Br)cc2)S(=O)(=O)C1,-6.25,395.3,2.95,68.3,0,4,1,3.1,0.733,0,3.47,0.25,CHLORMEZANONE,0.104,novel,6.623
CHEMBL276075,CS(=O)(=O)c1nc(-c2ccc(F)cc2)c(-c2ccccc2)[nH]1,-6.47,316.4,3.29,62.8,1,3,3,2.11,0.806,0,2.83,0.296,VALDECOXIB,0.125,novel,6.622
CHEMBL12395,CC(C)(C)c1cc(/C=C/c2nnc(O)o2)cc(C(C)(C)C)c1O,-6.89,316.4,4.25,79.4,2,5,2,2.99,0.866,0,1.62,0.378,PROBUCOL,0.079,novel,6.621
CHEMBL266982,O=C(O)CN(C(=O)c1ccccc1)c1cccc2ccccc12,-6.6,305.3,3.57,57.6,1,2,4,1.82,0.801,0,2.45,0.304,CARBARIL,0.321,novel,6.621
CHEMBL57054,CN1C2CCC1CC(NC(=O)N1CC3(CCCC3)c3ccccc31)C2,-6.68,339.5,3.65,35.6,1,2,1,4.45,0.848,0,2.23,0.397,GRANISETRON,0.152,novel,6.619
CHEMBL34327,COc1ccc2c(c1)c(CCNC(C)=O)cn2Cc1ccccc1,-6.62,322.4,3.38,43.3,1,2,6,1.95,0.756,0,2.4,0.545,AGOMELATINE,0.163,novel,6.619
CHEMBL21937,CN(C)CCNC(=O)C1=C/C(=C\c2ccccn2)c2ccccc21,-6.48,319.4,2.7,45.2,1,3,5,2.55,0.921,0,2.79,0.339,PHENIRAMINE MALEATE,0.153,novel,6.619
CHEMBL47540,C[C@]1(O)CCC[C@H]1Oc1ncc(C(F)(F)F)cc1-c1ccc(S(C)(=O)=O)cc1,-6.69,415.4,3.85,76.5,1,5,4,3.4,0.821,0,2.2,0.3,ETORICOXIB,0.1,novel,6.618
CHEMBL273758,COc1cc2nc(-c3cccc(N(C)C)c3)cc(O)c2cc1OC,-6.58,324.4,3.69,54.8,1,5,4,2.21,0.793,0,2.5,0.283,CINCHOPHEN,0.13,novel,6.618
CHEMBL280692,Cn1nc(-c2ccccc2Cl)c2ccc(OCC(=O)O)c(Cl)c21,-6.49,351.2,4.01,64.4,1,3,4,2.35,0.771,0,2.78,0.386,ETHACRYNIC ACID,0.174,novel,6.618
CHEMBL296636,CC(=O)N1CCc2c(sc(NC(=O)C(C)(C)C)c2C(O)c2ccccc2Cl)C1,-6.89,421.0,4.37,69.6,2,4,3,3.11,0.774,0,1.62,0.338,CLOPIDOGREL,0.149,novel,6.617
CHEMBL266778,COc1ccc(Cl)c(C2(F)C(=O)Nc3cc(C)ccc32)c1,-6.79,305.7,3.82,38.3,1,2,2,2.93,0.916,0,1.89,0.259,DARIDOREXANT,0.075,novel,6.617
CHEMBL7556,CCOC(=O)Nc1ccc(N(C)c2cccc(OC)c2)cc1,-6.76,300.4,4.03,50.8,1,4,5,1.9,0.905,0,2.0,0.34,PHENACETIN,0.145,novel,6.617
CHEMBL280036,CC(C)(C)n1cc(C(=O)O)c(=O)c2cc(F)c(N3CCC(N)C3)cc21,-6.67,347.4,2.13,88.6,2,4,2,3.11,0.869,0,2.24,0.5,CIPROFLOXACIN,0.103,novel,6.617
CHEMBL30908,CCc1nc(C)cn1-c1ccc(C2=NNC(=O)CC2)cc1,-6.55,282.3,2.36,59.3,1,3,3,2.65,0.939,0,2.58,0.237,NITREFAZOLE,0.096,novel,6.617
CHEMBL6414,CN(C)c1cccc2c(S(=O)(=O)Nc3cccnc3)cccc12,-6.4,327.4,3.1,62.3,1,4,4,2.08,0.8,0,3.02,0.284,TORSEMIDE,0.132,novel,6.616
CHEMBL38993,COc1ccc2ccccc2c1C(=O)NC1CN2CCC1CC2,-6.54,310.4,2.67,41.6,1,3,3,3.3,0.947,0,2.61,0.375,NAFCILLIN,0.188,novel,6.614
CHEMBL57378,CN1C2CCC1CC(NC(=O)N1CCc3cc(F)ccc31)C2,-6.64,303.4,2.52,35.6,1,2,1,3.79,0.865,0,2.33,0.338,GRANISETRON,0.125,novel,6.613
CHEMBL34769,CC(C)Oc1ccccc1CNC(=O)C1=Cc2ccncc2CC1,-6.58,322.4,3.51,51.2,1,3,5,2.47,0.916,0,2.5,0.3,PICOTAMIDE,0.159,novel,6.613
CHEMBL284349,O=C(O)COC1CCC2(CC1)CCN(c1ccncc1)CC2,-6.39,304.4,2.71,62.7,1,4,4,2.97,0.926,0,3.04,0.259,MEPERIDINE,0.116,novel,6.613
CHEMBL268070,Cc1nnc(Sc2cncc3sc(C(N)=O)cc23)s1,-6.49,308.4,2.71,81.8,1,7,3,2.91,0.804,0,2.75,0.245,PYRAZINAMIDE,0.099,novel,6.612
CHEMBL23089,O=C(C1CCCN1C(=O)OCc1ccccc1)N1CCCC1,-6.41,302.4,2.41,49.9,0,3,3,2.31,0.861,0,2.98,0.391,ENALAPRIL,0.149,novel,6.612
CHEMBL290335,CC(=O)Nc1ccc([C@@H]2CN3CCC[C@@H]3c3ccccc32)cc1,-6.86,306.4,3.93,32.3,1,2,2,2.78,0.912,0,1.7,0.386,ACETANILIDE,0.128,novel,6.611
CHEMBL297785,CN1CCN(c2nc(-c3ccoc3)cc(-c3ccoc3)n2)CC1,-6.27,310.4,2.75,58.5,0,6,3,2.66,0.741,0,3.38,0.281,LOXAPINE,0.06,novel,6.611
CHEMBL406693,CC(CCNC(=O)c1cc2cc(Cl)ccc2[nH]1)n1ccnc1,-6.62,316.8,3.4,62.7,2,2,5,2.95,0.757,0,2.37,0.306,DELAVIRDINE,0.128,novel,6.61
CHEMBL57715,CC1CCCC(C)N1CCCC(O)(c1ccccn1)c1ccccn1,-6.58,339.5,3.76,49.2,1,4,6,3.43,0.871,0,2.47,0.353,DIPHENIDOL,0.133,novel,6.61
CHEMBL278078,CCN(CC)C(=O)c1ccc(C(=C2CCNCC2)c2ccccc2OC)cc1,-6.75,378.5,4.36,41.6,1,3,6,2.41,0.812,0,1.99,0.284,PICOTAMIDE,0.154,novel,6.609
CHEMBL44486,NC(Cc1cnc(C23CC4CC(CC(C4)C2)C3)n1Cc1ccccc1)C(=O)O,-6.64,379.5,3.35,81.1,2,3,6,4.21,0.806,0,2.3,0.328,AMPHETAMINE ASPARTATE,0.164,novel,6.609
CHEMBL417595,CSc1c(NS(=O)(=O)c2ccc(C(C)(C)C)cc2)noc1C,-6.52,340.5,3.8,72.2,1,5,4,2.52,0.857,0,2.65,0.365,SULFAMETHOXAZOLE,0.09,novel,6.609
CHEMBL33085,C[C@@H](NC1=NS(=O)(=O)c2cccnc2N1)c1ccccc1,-6.81,302.4,1.9,83.5,2,5,2,3.07,0.885,0,1.82,0.316,MAVACAMTEN,0.162,novel,6.608
CHEMBL286964,CCNCC1CN(c2c(F)cc3c(=O)c(C(=O)O)cn(C4CC4)c3c2F)CCO1,-6.74,407.4,2.13,83.8,2,5,6,3.22,0.763,0,2.03,0.506,GATIFLOXACIN,0.128,novel,6.608
CHEMBL13511,COc1ccc(C(=O)[C@@H]2CN(C)C[C@H]2c2ccc(Cl)cc2)cc1,-6.65,329.8,3.88,29.5,0,3,4,2.74,0.797,0,2.28,0.339,CLOMETACIN,0.093,novel,6.608
CHEMBL299613,COc1cc2c(cc1O)CC[C@@H]1[C@@H]2CC[C@]2(C)[C@@H](O)CC[C@@H]12,-6.81,302.4,3.62,49.7,2,3,1,3.64,0.833,0,1.83,0.66,ESTRADIOL,0.059,novel,6.607
CHEMBL300973,COc1cccc(OC)c1CN1C(=O)C2CCCN2c2ccccc21,-6.4,338.4,3.22,42.0,0,4,4,2.63,0.858,0,3.0,0.309,DONEPEZIL,0.111,novel,6.607
CHEMBL9368,CC(C)c1ccc(Sc2ccc(NC3=NCCN3)cc2)cc1,-7.02,311.5,4.33,36.4,2,4,4,2.34,0.882,0,1.22,0.422,CLONIDINE,0.093,novel,6.606
CHEMBL301958,OC1CCCc2nc3ccccc3c(NCc3ccccc3)c21,-6.95,304.4,4.22,45.2,2,3,3,2.62,0.761,0,1.41,0.353,TACRINE,0.162,novel,6.606
CHEMBL13893,c1ccc(CN2CC(C3=NCCN3)Oc3ccccc32)cc1,-6.66,293.4,2.46,36.9,1,4,3,2.9,0.944,0,2.24,0.375,TOLAZOLINE,0.113,novel,6.606
CHEMBL34523,OC1=C2C(=Nc3ccnn3C2c2ccc(Br)c(F)c2)CCC1,-6.65,362.2,4.46,50.4,1,3,1,3.7,0.815,0,2.28,0.197,BROXYQUINOLINE,0.069,novel,6.606
CHEMBL51854,COc1ncc2ncnc(Nc3cccc(Br)c3)c2n1,-6.38,332.2,2.93,72.8,1,6,3,2.42,0.795,0,3.05,0.369,ERLOTINIB,0.081,novel,6.606
CHEMBL283320,CN(C)CCNC(=O)C1=C/C(=C\c2ccncc2)c2ccccc21,-6.47,319.4,2.7,45.2,1,3,5,2.52,0.921,0,2.79,0.281,PHENIRAMINE MALEATE,0.155,novel,6.605
CHEMBL17460,CN(C)CCCC(=O)N1c2ccccc2C(=O)Nc2cccnc21,-6.31,324.4,2.65,65.5,1,4,4,2.4,0.939,0,3.24,0.627,PIRENZEPINE,0.177,novel,6.605
CHEMBL280804,CCO[C@@]1(CC)c2cccc3c2-c2c1ccc1c2[C@@H](C3)N(C)CC1,-6.86,319.4,4.44,12.5,0,2,3,3.83,0.829,0,1.66,0.474,APOMORPHINE,0.096,novel,6.604
CHEMBL45984,CC(C)N(C(=O)c1ccc(-c2ccc(C(=O)O)cc2)cc1)C(C)C,-6.66,325.4,4.31,57.6,1,2,5,1.88,0.891,0,2.23,0.375,PROBENECID,0.164,novel,6.603
CHEMBL38318,CCOc1ccc(F)c([C@H]2C[C@H]2NC(=O)Nc2ccc(C#N)cn2)c1Cl,-6.76,374.8,3.82,87.0,2,4,5,3.33,0.832,0,1.95,0.307,FINERENONE,0.118,novel,6.602
CHEMBL39990,CCC(=O)C1C(c2ccc3cc(OC)ccc3c2)CC2CCC1N2C,-6.72,337.5,4.39,29.5,0,3,4,4.16,0.828,0,2.07,0.377,IOFLUPANE,0.133,novel,6.602
CHEMBL26497,O=C(O)CNC1CCC2(CC1)CCN(c1ccncc1)CC2,-6.58,303.4,2.29,65.5,2,4,4,2.99,0.893,0,2.45,0.271,ISONIAZID,0.117,novel,6.601
CHEMBL287655,CN1CC=C(c2c[nH]c3ccc(S(C)(=O)=O)cc23)CC1,-6.57,290.4,2.29,53.2,1,3,2,2.5,0.923,0,2.48,0.324,NARATRIPTAN HYDROCHLORIDE,0.067,novel,6.601
CHEMBL44790,COc1ccc(C(=O)Nc2c(C)cncc2C)cc1OC1CCCC1,-6.58,340.4,4.28,60.5,1,4,5,2.18,0.882,0,2.44,0.418,ROFLUMILAST,0.11,novel,6.6
CHEMBL431331,CCN(CC)C(=O)[C@H]1CCC2C3CCC4N(C)C(=O)CC4(C)C3CCC21C,-6.52,374.6,3.94,40.6,0,2,3,4.31,0.751,0,2.64,0.39,BREXANOLONE,0.109,novel,6.6
CHEMBL278484,O=C1N2CCN=C2c2[nH]cnc2N1Cc1ccc(Cl)cc1,-6.45,301.7,2.27,64.6,1,3,2,2.89,0.924,0,2.82,0.291,CAPIVASERTIB,0.08,novel,6.6
CHEMBL9540,CC(C)Oc1ccc(Cc2ccc(NC3=NCCN3)cc2)cc1,-6.78,309.4,3.44,45.6,2,4,5,2.19,0.889,0,1.9,0.367,CLONIDINE,0.09,novel,6.599
CHEMBL276769,CC(C)(CC(=O)O)c1nc2ccccc2n1Cc1ccc(Cl)cc1,-6.66,342.8,4.49,55.1,1,2,5,2.19,0.743,0,2.23,0.338,TELMISARTAN,0.159,novel,6.599
CHEMBL285517,CCOC(=O)C1(c2ccccc2)CCN(CCc2ccccc2)CC1,-6.61,337.5,3.83,29.5,0,3,6,2.0,0.751,0,2.38,0.848,ANILERIDINE,0.162,novel,6.599
CHEMBL300804,O=C1CC(c2cc3c(c(OC4CCCC4)c2)OCCC3)CN1,-6.55,301.4,2.94,47.6,1,3,3,3.16,0.934,0,2.55,0.2,QUINESTROL,0.067,novel,6.599
CHEMBL59006,NC(CCCN1CCN(c2ncc(F)cn2)CC1)C1CCCCC1,-6.36,335.5,2.43,58.3,1,5,6,2.9,0.865,0,3.08,0.323,BUSPIRONE,0.073,novel,6.599
CHEMBL7283,CCNc1cccnc1N1CCN(Cc2cc3ccccc3[nH]2)CC1,-6.66,335.5,3.32,47.2,2,4,5,2.27,0.751,0,2.24,0.35,DELAVIRDINE,0.106,novel,6.598
CHEMBL15760,CC1(C)C=C(C(=O)NC(c2ccccc2)c2ccccc2)C(C)(C)N1,-6.83,334.5,3.98,41.1,2,2,4,2.48,0.888,0,1.73,0.293,MEBANAZINE,0.25,novel,6.597
CHEMBL277202,Cc1cc(Br)ccc1C(=O)N(C)[C@H]1CCCC[C@@]12CCCN2C,-6.72,379.3,4.24,23.6,0,2,2,3.94,0.768,0,2.05,0.262,MEPIVACAINE,0.09,novel,6.596
CHEMBL12839,CCC(C)c1ccc2nc3sc(C(=O)O)cn3c(=O)c2c1,-6.49,302.4,3.12,71.7,1,4,3,2.98,0.807,0,2.69,0.279,AMLEXANOX,0.171,novel,6.596
CHEMBL6551,O=C(NCc1ccccc1)c1cc(-c2ccncc2)nnc1Cl,-6.39,324.8,3.12,67.8,1,4,4,2.03,0.8,0,2.98,0.411,NIALAMIDE,0.179,novel,6.596
CHEMBL32977,Cc1cc(/C=C/c2ccccc2OCC(O)CNC(C)C)on1,-6.51,316.4,2.89,67.5,2,5,8,2.94,0.784,0,2.64,0.5,OXPRENOLOL,0.178,novel,6.595
CHEMBL285691,O=C(O)CCNC1CCC2(CC1)CCN(c1ccncc1)CC2,-6.46,317.4,2.68,65.5,2,4,5,2.97,0.874,0,2.79,0.27,NIALAMIDE,0.128,novel,6.595
CHEMBL279729,CCCCN1CCC[C@@H]1CNC(=O)c1cc(Cl)cc2c1OCCN2C,-6.44,365.9,3.16,44.8,1,4,6,2.97,0.841,0,2.84,0.382,SULPIRIDE,0.148,novel,6.595
CHEMBL45383,CS(=O)(=O)c1ccc(-n2cc(CO)nc2-c2ccc(Cl)cc2)cc1,-6.32,362.8,3.09,72.2,1,4,4,2.21,0.774,0,3.2,0.411,ETORICOXIB,0.113,novel,6.594
CHEMBL9166,COc1ccc(Sc2ccc3c(c2)CN2CCNC2=N3)cc1,-6.65,311.4,3.25,36.9,1,5,3,2.68,0.944,0,2.23,0.232,DEXTROMETHORPHAN,0.052,novel,6.593
CHEMBL7917,COc1cc2ncnc(Nc3cccc(Cl)c3)c2cc1OC,-6.64,315.8,4.04,56.3,1,5,4,1.93,0.787,0,2.26,0.536,ERLOTINIB,0.09,novel,6.593
CHEMBL8426,COc1cc2nc(N3CCN(C(C)=O)CC3)cc(N)c2cc1OC,-6.62,330.4,1.5,80.9,1,6,3,2.21,0.918,0,2.31,0.46,PRAZOSIN,0.097,novel,6.593
CHEMBL41601,CC(C)N(C)c1cc2c(cc1F)c(=O)c(C(=O)O)cn2-c1ccc(F)cc1,-6.45,372.4,3.81,62.5,1,3,4,2.5,0.756,0,2.82,0.423,TEMAFLOXACIN,0.133,novel,6.593
CHEMBL60869,CC[C@@]12CCN(CC3CC3)C(C(=O)c3ccc(C(N)=O)cc31)[C@@H]2C,-6.3,326.4,2.75,63.4,1,3,4,4.46,0.925,0,3.23,0.333,SAMIDORPHAN,0.115,novel,6.593
CHEMBL26263,CN1c2ccccc2N(C(=O)CNC(C)(C)C)c2ccccc2S1(=O)=O,-6.29,373.5,2.88,69.7,1,4,2,2.65,0.879,0,3.27,0.306,PIROXICAM,0.164,novel,6.593
CHEMBL35992,CS(=O)(=O)Nc1cc2c(cc1Sc1ccccn1)C(=O)CC2,-6.35,334.4,2.73,76.1,1,5,4,2.63,0.93,0,3.1,0.279,AMSACRINE,0.096,novel,6.592
CHEMBL18305,CCOC(=O)Nc1cccc2c1CN(C)CC2c1ccccc1,-6.73,310.4,3.83,41.6,1,3,3,2.63,0.936,0,2.0,0.526,NOMIFENSINE MALEATE,0.165,novel,6.591
CHEMBL415869,CC[C@H]1CC(=O)CC23CCN(CC4CC4)C(Cc4ccc(O)cc42)C13,-6.62,339.5,3.68,40.5,1,3,3,4.67,0.913,0,2.32,0.463,LEVALLORPHAN,0.124,novel,6.591
CHEMBL6273,CN1CCN(c2c(F)cc3c(=O)c(C(=O)O)cn(CCF)c3c2F)CC1,-6.4,369.3,1.7,65.8,1,4,4,2.67,0.889,0,2.94,0.574,OFLOXACIN,0.11,novel,6.591
CHEMBL31777,CCc1nc(C)c(Br)n1-c1ccc(-c2ccc(O)nn2)cc1,-6.37,359.2,3.67,63.8,1,4,3,2.62,0.775,0,3.03,0.209,MINAPRINE,0.09,novel,6.591
CHEMBL7658,CCOC(=O)C1=C(O)C(=O)N(Cc2cccc3ccccc23)C1,-6.37,311.3,2.56,66.8,1,4,4,2.29,0.881,0,3.04,0.286,CARBARIL,0.224,novel,6.591
CHEMBL278819,Cc1cc(-c2ccccc2)nnc1NCCN1CCOCC1,-7.08,298.4,2.2,50.3,1,5,5,2.16,0.917,0,2.44,1.0,MINAPRINE,0.128,likely-known-drug-chemistry,6.59
CHEMBL22694,CCN(CC)C(=O)[C@@H]1C=C2c3cccc4[nH]cc(c34)C[C@H]2N(CC)C1,-6.56,337.5,3.3,39.3,1,2,4,3.65,0.93,0,2.49,0.535,METHYLERGONOVINE,0.125,novel,6.59
CHEMBL14337,COc1cccc(-c2cc(O)c3cc(OC)c(OC)cc3n2)c1,-6.54,311.3,3.63,60.8,1,5,4,2.04,0.797,0,2.55,0.3,CINCHOPHEN,0.119,novel,6.59
CHEMBL412427,CN1CCC(OC(=O)c2ccccc2CCc2ccccc2)CC1,-6.62,323.4,3.72,29.5,0,3,5,1.96,0.785,0,2.31,0.455,PROPIVERINE,0.164,novel,6.589
CHEMBL35890,Cc1cc(/C=C/c2ccccc2OCC(O)CNC2CC2)on1,-6.48,314.4,2.65,67.5,2,5,8,2.94,0.784,0,2.7,0.358,PENBUTOLOL,0.156,novel,6.589
CHEMBL284636,OC(c1ccccc1)(c1ccc(C(F)(F)F)cc1)c1cncnc1,-6.62,330.3,3.78,46.0,1,3,3,2.76,0.795,0,2.31,0.28,FLUOXETINE,0.156,novel,6.588
CHEMBL41655,COc1cc2c(cc1OC)[C@@H]1C(=O)c3ccccc3O[C@@H]1CO2,-6.29,312.3,2.82,54.0,0,5,2,3.07,0.853,0,3.26,0.324,DOXAZOSIN,0.101,novel,6.588
CHEMBL22222,O=C(O)c1cc(O)c2c(C(F)(F)F)cc(C(F)(F)F)cc2n1,-6.65,325.2,3.68,70.4,2,3,1,2.59,0.785,0,2.22,0.217,MESALAMINE,0.127,novel,6.586
CHEMBL55948,C[C@H]1C2Cc3ccc(N4CCCC4)cc3[C@@]1(C)CCN2CC1CC1,-6.78,324.5,4.22,6.5,0,2,3,4.1,0.821,0,1.83,0.483,PENTAZOCINE,0.078,novel,6.585
CHEMBL20290,CCCN1CCCC(CNC(=O)CSc2nc3ccccc3s2)C1,-6.51,363.6,3.63,45.2,1,5,7,2.62,0.763,0,2.61,0.297,PIPERIDOLATE,0.159,novel,6.585
CHEMBL29593,CCNCC1CCN(c2nc3c(cc2F)c(=O)c(C(=O)O)cn3C(C)(C)C)C1,-6.63,390.5,2.42,87.5,2,5,5,3.22,0.815,0,2.27,0.493,ENOXACIN,0.143,novel,6.584
CHEMBL273664,CNS(=O)(=O)c1ccc2c(c1)C(n1ccccc1=O)=CC(C)(C)O2,-6.47,346.4,1.82,77.4,1,4,3,2.7,0.92,0,2.71,0.224,SULFAPHENAZOLE,0.095,novel,6.584
CHEMBL273400,Cc1ccc(C)n1Nc1ccc(N2C(C)COCC2C)nn1,-6.49,301.4,2.38,55.2,1,5,3,3.8,0.943,0,2.67,0.203,CABOTEGRAVIR,0.074,novel,6.583
CHEMBL433055,COc1cc(C2OCC(Cc3cccnc3)O2)cc(OC)c1OC,-6.17,331.4,2.76,59.0,0,6,6,3.06,0.811,0,3.57,0.338,PICOTAMIDE,0.083,novel,6.583
CHEMBL55780,COc1ccc2c(c1)CCN(CCCc1c[nH]c3ccc(F)cc13)C2,-6.83,338.4,4.31,28.3,1,2,5,2.19,0.751,0,1.69,0.406,MELATONIN,0.078,novel,6.582
CHEMBL279520,CN(C)CCNC(=O)C1=C/C(=C\c2cccnc2)c2ccccc21,-6.45,319.4,2.7,45.2,1,3,5,2.52,0.921,0,2.79,0.312,NICORANDIL,0.149,novel,6.582
CHEMBL295417,C[C@H](O)[C@@H](CCCc1ccccc1)n1cnc2c(N)ncnc21,-6.72,311.4,2.35,89.8,2,5,6,3.12,0.729,0,2.01,0.342,TENOFOVIR ALAFENAMIDE,0.152,novel,6.581
CHEMBL16397,Cc1c(F)c(N2CCC(N)C2)cc2c1c(=O)c(C(=O)O)cn2C1CC1,-6.66,345.4,2.02,88.6,2,4,3,3.16,0.888,0,2.17,0.733,GREPAFLOXACIN,0.102,novel,6.58
CHEMBL52677,COc1ccc2c(C(=O)NCc3ccccc3)cc(C)nc2c1,-6.59,306.4,3.48,51.2,1,3,4,1.73,0.803,0,2.37,0.394,DIBUCAINE,0.188,novel,6.58
CHEMBL57209,Cc1ccc(-c2cc(Cl)nc(N3CCN(C)CC3)n2)cc1,-6.49,302.8,2.86,32.3,0,4,2,2.06,0.799,0,2.66,0.293,LOXAPINE,0.058,novel,6.579
CHEMBL279753,CC(=O)Nc1nc(-c2cc(C(C)(C)C)c(O)c(C(C)(C)C)c2)ns1,-6.76,347.5,4.46,75.1,2,5,2,2.61,0.841,0,1.88,0.318,PROBUCOL,0.107,novel,6.578
CHEMBL32964,CCCNC(=O)Oc1ccc2c(c1)[C@]1(C)CCN(CC)C1C2,-6.6,302.4,3.09,41.6,1,3,4,3.3,0.929,0,2.34,0.409,PHYSOSTIGMINE,0.131,novel,6.578
CHEMBL278151,CSc1cc(C(=O)NC[C@H]2CCCN2Cc2ccccc2)c2c(c1)N(C)CCO2,-6.66,411.6,3.63,44.8,1,5,6,3.0,0.736,0,2.17,0.358,SULPIRIDE,0.14,novel,6.577
CHEMBL31199,Cc1csc2c(C(=O)O)c(=O)c3cc(F)c(N4CCNCC4)cc3n12,-6.49,361.4,2.07,74.0,2,5,2,2.79,0.731,0,2.64,0.524,CIPROFLOXACIN,0.103,novel,6.577
CHEMBL25578,O=C(O)c1ccc2c(c1)CCc1cc(Br)ccc1-2,-6.79,303.2,3.91,37.3,1,1,1,1.95,0.867,0,1.8,0.286,TAMIBAROTENE,0.119,novel,6.576
CHEMBL281595,Cc1ccc(C)c(N2CCN(C3CCCCC3O)CC2)c1,-6.69,288.4,2.73,26.7,1,3,2,2.78,0.906,0,2.08,0.291,VORTIOXETINE,0.074,novel,6.576
CHEMBL26909,CC(C)CCC(C)N1CCC(N2C(=O)N[C@@H]3CCCC[C@H]32)CC1,-6.68,321.5,3.61,35.6,1,2,5,3.56,0.839,0,2.09,0.235,DEXRAZOXANE,0.106,novel,6.576
CHEMBL56652,CCN1CCC(C)c2cc(Cc3cnc(N)nc3N)ccc21,-6.64,297.4,2.57,81.1,2,5,3,3.06,0.91,0,2.2,0.421,TRIMETHOPRIM,0.069,novel,6.575
CHEMBL6320,Cc1ccc([S+]([O-])c2cncc3sc(C(N)=O)cc23)cc1,-6.44,316.4,2.87,79.0,1,4,3,3.77,0.755,0,2.8,0.231,NIACINAMIDE,0.096,novel,6.575
CHEMBL275358,CNCC1CCN(c2nc3c(cc2F)c(=O)c(C(=O)O)cn3C2CC2)C1,-6.68,360.4,1.61,87.5,2,5,5,3.08,0.842,0,2.09,0.573,GEMIFLOXACIN,0.133,novel,6.574
CHEMBL34678,O=C(CCCn1c2c(c3ccccc31)C(=O)CN1CCCCC21)NCC(F)(F)F,-6.61,407.4,3.82,54.3,1,3,5,3.24,0.82,0,2.31,0.273,RAMATROBAN,0.195,novel,6.574
CHEMBL19492,CCCc1cc(C#N)ccc1/N=c1\c(O)c(O)\c1=N/[C@H](C)C(C)(C)C,-6.67,339.4,3.37,89.0,2,5,4,3.89,0.895,0,2.11,0.227,PINACIDIL ANHYDROUS,0.123,novel,6.573
CHEMBL24854,COc1ccccc1N1CCN(c2nc3ccccc3s2)CC1,-6.59,325.4,3.63,28.6,0,5,3,1.86,0.735,0,2.36,0.39,NAFTOPIDIL,0.087,novel,6.573
CHEMBL54079,CCCc1nn(C)c2c(=O)[nH]c(-c3ccccc3OCC)nc12,-6.37,312.4,2.67,72.8,1,4,5,2.46,0.786,0,2.98,0.636,SILDENAFIL,0.12,novel,6.573
CHEMBL9995,CC(C)(C)C(=O)OCc1cc(=O)c(OC(=O)C(C)(C)C)co1,-6.31,310.3,2.68,82.8,0,6,3,2.66,0.798,0,3.14,0.34,DIPIVEFRIN,0.122,novel,6.573
CHEMBL27908,CC1(C)Oc2ccsc2[C@@H](NC(=O)c2ccccc2)[C@@H]1O,-6.53,303.4,2.75,58.6,2,4,2,3.24,0.897,0,2.52,0.292,OXACILLIN,0.162,novel,6.572
CHEMBL289651,O=C([C@@H]1CCCN1C(=O)CCCc1ccccc1)N1CCCC1,-6.36,314.4,2.62,40.6,0,2,5,2.33,0.838,0,3.0,0.419,PHENYLBUTANOIC ACID,0.162,novel,6.572
CHEMBL301176,O=S(=O)(NCCc1c[nH]cn1)c1ccc2ccccc2c1,-6.67,301.4,2.08,74.8,2,3,5,2.29,0.757,0,2.11,0.367,HISTAMINE PHOSPHATE,0.13,novel,6.571
CHEMBL291142,CN1CCCC2(OCCO2)C1Cc1c[nH]c2ccccc12,-6.63,286.4,2.55,37.5,1,3,2,3.67,0.922,0,2.24,0.386,ELETRIPTAN,0.108,novel,6.571
CHEMBL34002,CCN1CC[C@@]2(C)c3cc(OC(=O)NC(C)(C)C)ccc3CC12,-6.62,316.4,3.48,41.6,1,3,2,3.42,0.908,0,2.25,0.409,PHYSOSTIGMINE,0.131,novel,6.569
CHEMBL441431,COc1ccc(C(=O)Nc2ncccc2Cl)cc1OC1CCCC1,-6.54,346.8,4.32,60.5,1,4,5,2.03,0.876,0,2.48,0.375,ROFLUMILAST,0.131,novel,6.569
CHEMBL47683,COc1ccc(C(=O)Nc2ccccc2F)cc1OC1CCCC1,-6.71,329.4,4.41,47.6,1,3,5,1.81,0.884,0,1.99,0.388,ENCAINIDE,0.152,novel,6.568
CHEMBL42857,CCCN(CCC)C1COc2c(cccc2C(=O)c2ccccc2)C1,-6.67,337.5,4.34,29.5,0,3,7,2.79,0.704,0,2.1,0.358,ROTIGOTINE,0.188,novel,6.568
CHEMBL43511,NS(=O)(=O)c1ccc(-n2cccc2-c2ccc(F)cc2)cc1,-6.33,316.4,2.93,65.1,1,2,3,2.02,0.807,0,3.07,0.396,CELECOXIB,0.081,novel,6.568
CHEMBL301902,O=C(c1ccc(F)cc1)C1CCN(CCn2nc3n(c2=O)CCCCC3)CC1,-6.17,386.5,2.51,60.1,0,4,5,2.4,0.741,0,3.54,0.478,KETANSERIN,0.103,novel,6.568
CHEMBL24185,O=C(O)COc1ccc2c(-c3ccccc3F)noc2c1Cl,-6.53,321.7,3.75,72.6,1,4,4,2.3,0.792,0,2.5,0.367,TICRYNAFEN,0.155,novel,6.567
CHEMBL282008,CC(C)(C)C(=O)NCCN1CCN(c2ccc(Cl)cc2)CC1,-6.5,323.9,2.62,35.6,1,3,4,1.93,0.925,0,2.57,0.49,MOCLOBEMIDE,0.135,novel,6.566
CHEMBL278125,O=C(C1CCCN1C(=O)OCc1ccccc1)N1CCCC1CO,-6.45,332.4,1.77,70.1,1,4,4,2.79,0.912,0,2.72,0.373,ENALAPRIL,0.159,novel,6.565
CHEMBL301532,CCN1CCC[C@H]1CNC(=O)c1cc(Br)cc2c1OCC2,-6.37,353.3,2.6,41.6,1,3,4,2.9,0.905,0,2.96,0.47,REMOXIPRIDE,0.118,novel,6.565
CHEMBL18612,COc1ccc(C23OCC24C(CO)C4Cc2cc(OC)c(OC)cc23)cc1OC,-6.29,398.5,2.78,66.4,1,6,6,4.52,0.807,0,3.17,0.25,DIHYDROCODEINE,0.109,novel,6.565
CHEMBL432116,Cc1nc(C)c(-c2ccnc(Nc3cccc(F)c3)n2)s1,-6.72,300.4,4.1,50.7,1,5,3,2.24,0.791,0,1.96,0.278,ENASIDENIB,0.086,novel,6.564
CHEMBL34603,NCc1c(N)nc(-c2ccccc2)nc1-c1ccc(Cl)cc1,-6.7,310.8,3.5,77.8,2,4,3,2.04,0.776,0,2.02,0.34,PYRIMETHAMINE,0.127,novel,6.564
CHEMBL15128,CC(=O)C[C@@]12CCC[C@H]1[C@@H]1CCC3=CC(=O)CC[C@@H]3[C@H]1CC2,-6.78,300.4,4.48,34.1,0,2,2,4.28,0.753,0,1.78,0.5,NORETHINDRONE,0.112,novel,6.563
CHEMBL9912,COc1cccc2c1CCC[C@H]2CN(C)CCc1ccc2c(c1)CCO2,-6.66,351.5,4.22,21.7,0,3,6,2.87,0.778,0,2.12,0.325,DARIFENACIN,0.095,novel,6.563
CHEMBL26557,O=C(NCCc1cccc(C(F)(F)F)c1)n1ccnc1,-6.53,283.3,2.7,46.9,1,2,3,2.26,0.941,0,2.5,0.354,BENFLUOREX,0.156,novel,6.563
CHEMBL297650,CNC(=O)Nc1c(OCCN2CCCCC2)cc2occc2c1OC,-6.48,347.4,3.06,76.0,2,5,6,2.55,0.84,0,2.64,0.333,BUFLOMEDIL,0.114,novel,6.563
CHEMBL43607,COc1ccc(C(=O)Nc2ccncc2Cl)c2cccnc12,-6.46,313.7,3.54,64.1,1,4,3,2.04,0.803,0,2.69,0.375,PICOTAMIDE,0.122,novel,6.563
CHEMBL277863,COC(=O)N1CCN(C(=O)Cc2ccc(Cl)c(Cl)c2)[C@H](CN2CCCC2)C1,-6.31,414.3,2.91,53.1,0,4,4,2.78,0.761,0,3.13,0.27,DICLOFENAC EPOLAMINE,0.103,novel,6.563
CHEMBL416956,OC(c1cc(C(F)(F)F)nc2c(C(F)(F)F)cccc12)C1CCCCN1,-7.33,378.3,4.45,45.2,2,3,2,3.49,0.759,0,1.62,1.0,MEFLOQUINE,0.136,likely-known-drug-chemistry,6.562
CHEMBL267062,O=C1c2ccccc2CCCN1CCN1CCC(c2c[nH]c3ccccc23)CC1,-6.77,387.5,4.44,39.3,1,2,4,2.3,0.719,0,1.81,0.352,INDORAMIN,0.114,novel,6.562
CHEMBL18846,CC(C)C1Nc2cccc([C@@H]3C[C@H]3CNC(=O)C3CC3)c2O1,-6.66,300.4,3.1,50.4,2,3,5,3.84,0.878,0,2.11,0.391,TASIMELTEON,0.133,novel,6.561
CHEMBL33983,CC[C@@H]1[C@@H](C)C(=O)CC23CCN(C)C(Cc4ccc(O)cc42)[C@@H]13,-6.57,313.4,3.14,40.5,1,3,1,4.95,0.866,0,2.39,0.517,LEVORPHANOL,0.129,novel,6.561
CHEMBL6442,Cc1ccc(Sc2cccc3sc(C(N)=O)cc23)cc1,-6.84,299.4,4.46,43.1,1,3,3,2.21,0.776,0,1.58,0.263,ZILEUTON,0.152,novel,6.56
CHEMBL50529,CC1(C)[C@H](c2cc(Cl)cc(Cl)c2)[C@H]1c1cc(N)nc(N)n1,-6.72,323.2,3.86,77.8,2,4,2,3.61,0.88,0,1.94,0.26,PYRIMETHAMINE,0.076,novel,6.56
CHEMBL800,Cc1c(CC(=O)O)c2cc(O)ccc2n1C(=O)c1ccc(Cl)cc1,-6.62,343.8,3.62,79.5,2,3,3,2.17,0.761,0,2.22,0.74,INDOMETHACIN,0.127,novel,6.56
CHEMBL291941,COc1ccc(C)cc1NC(=O)NC1CC2CCC(C1)N2C,-6.56,303.4,2.75,53.6,2,3,3,3.52,0.903,0,2.4,0.344,GRANISETRON,0.113,novel,6.56
CHEMBL276961,COc1cc(C(=O)NCCN(C)Cc2ccccc2)cc(OC)c1OC,-6.21,358.4,2.57,60.0,1,5,9,1.88,0.747,0,3.4,0.509,TRIMETHOBENZAMIDE,0.173,novel,6.56
CHEMBL284651,CN1CCc2c1nc1ccccc1c2NC(=O)CNC(C)(C)C,-6.52,312.4,2.55,57.3,2,4,3,2.45,0.914,0,2.51,0.25,TACRINE,0.181,novel,6.558
CHEMBL44914,COc1cc(C(=O)c2ccc3c(c2)OCO3)cc(OC)c1OC,-6.16,316.3,2.67,63.2,0,6,5,1.98,0.79,0,3.55,0.397,PODOFILOX,0.106,novel,6.558
CHEMBL19441,CC(C)C(=O)NC[C@@H]1C[C@H]1c1cccc2c1OC(C(C)C)N2,-6.7,302.4,3.35,50.4,2,3,5,3.91,0.877,0,1.99,0.381,TASIMELTEON,0.136,novel,6.557
CHEMBL15499,C[C@@H]1CN(CCc2ccc3c(c2)sc(=O)n3C)C[C@H](C)N1,-6.7,305.4,1.82,37.3,1,4,3,3.34,0.94,0,2.0,0.242,FENSPIRIDE,0.092,novel,6.557
CHEMBL52252,COc1cccc(C(=O)NC2(C(=O)c3cc(C)cc(C)c3)CCSCC2)c1C,-6.68,397.5,4.5,55.4,1,4,5,2.64,0.755,0,2.05,0.264,METHICILLIN,0.138,novel,6.557
CHEMBL267543,C[C@@H]1CCCN(CC[C@H](C)N(C)S(=O)(=O)c2cccc3ccccc23)C1,-6.48,374.6,3.97,40.6,0,3,6,2.98,0.768,0,2.62,0.275,PIPERIDOLATE,0.211,novel,6.557
CHEMBL275481,CCCN1CCN(Cc2ccccc2)CC12COc1cccc(OC)c1C2,-6.5,366.5,3.6,24.9,0,4,5,3.43,0.807,0,2.55,0.307,DONEPEZIL,0.115,novel,6.556
CHEMBL36494,COc1ccc(C2CCC(OCCc3cccnc3)O2)cc1OC,-6.38,329.4,3.54,49.8,0,5,7,3.04,0.778,0,2.92,0.343,PICOTAMIDE,0.08,novel,6.556
CHEMBL17246,CN1CCN(c2nc3ccccc3n2Cc2ccccc2)CC1,-6.51,306.4,2.84,24.3,0,3,3,1.87,0.744,0,2.53,0.58,EMEDASTINE,0.123,novel,6.555
CHEMBL58646,C[C@H]1C2Cc3ccc(C(N)=O)cc3[C@@]1(C)CCN2CC1CC1,-6.48,298.4,2.72,46.3,1,2,3,4.13,0.932,0,2.61,0.492,PENTAZOCINE,0.097,novel,6.555
CHEMBL52527,COc1ccccc1N1CCc2c(N)nc3c(OC)cccc3c21,-6.45,321.4,3.53,60.6,1,5,3,2.33,0.799,0,2.69,0.344,NAFTOPIDIL,0.129,novel,6.555
CHEMBL25493,CN1CCC[C@@]12CCCC[C@@H]2NC(=O)Cc1ccc(Cl)c(Cl)c1,-6.67,355.3,4.06,32.3,1,2,3,3.72,0.887,0,2.08,0.28,CARIPRAZINE,0.122,novel,6.554
CHEMBL6582,NC(=O)c1cc(-c2ccc(Cl)cc2)nnc1Cl,-6.48,268.1,2.55,68.9,1,3,2,2.04,0.909,0,2.59,0.296,BENOXAPROFEN,0.097,novel,6.551
CHEMBL22220,CN1CCC[C@@]12CCCC[C@@H]2NS(=O)(=O)c1ccc(Br)cc1,-6.42,387.3,3.13,49.4,1,3,3,3.76,0.867,0,2.77,0.283,ACETOHEXAMIDE,0.092,novel,6.551
CHEMBL43245,CN(C)CCOc1ccc(-c2cccc(N)n2)c2ccccc12,-6.54,307.4,3.42,51.4,1,4,5,2.1,0.784,0,2.42,0.306,DIPHENHYDRAMINE,0.167,novel,6.55
CHEMBL284985,CC(O)c1c(-c2ccccc2)c(-c2ccccc2)nn(CCO)c1=O,-6.44,336.4,2.62,75.3,2,4,5,2.69,0.751,0,2.71,0.288,PROPYPHENAZONE,0.181,novel,6.55
CHEMBL56197,CN1CCN(c2nc(-c3ccco3)cc(-c3cccs3)n2)CC1,-6.35,326.4,3.22,45.4,0,6,3,2.35,0.739,0,2.97,0.31,PRAZOSIN,0.067,novel,6.55
CHEMBL298688,NCc1ccc2c(c1)[C@@]13CCCC[C@H]1[C@@H](C2)N(CC1CCC1)CC3,-6.77,324.5,4.0,29.3,1,2,3,4.19,0.91,0,1.76,0.525,LEVALLORPHAN,0.056,novel,6.549
CHEMBL284191,Clc1ccc2c(NCCN3CCNCC3)ccnc2c1,-6.78,290.8,2.21,40.2,2,4,4,2.19,0.906,0,1.75,0.387,CHLOROQUINE,0.067,novel,6.548
CHEMBL301440,CS(=O)(=O)Nc1cc2c(cc1Cc1ccccc1)OCO2,-6.37,305.4,2.38,64.6,1,4,4,2.09,0.942,0,2.92,0.321,NIMESULIDE,0.139,novel,6.547
CHEMBL49662,COc1ccc(C(CO)C(=O)OC2CC3CCC(C2)N3C)cc1,-6.45,319.4,1.94,59.0,1,5,5,3.96,0.841,0,2.68,0.756,ATROPINE,0.145,novel,6.545
CHEMBL12980,O=C(OC1CN2CCC1CC2)C(O)(c1ccccc1)c1ccccc1,-6.34,337.4,2.56,49.8,1,4,4,3.44,0.871,0,2.98,0.574,CLIDINIUM,0.156,novel,6.545
CHEMBL30776,COc1ccc([C@H]2OC3=CC(=O)C=CC3(OC)[C@@H]2C)cc1OC,-6.23,316.4,2.82,54.0,0,5,4,3.85,0.855,0,3.29,0.241,ANISINDIONE,0.092,novel,6.545
CHEMBL296365,CCNCC1CCCCN1CC(=O)N1c2ccccc2C(=O)Nc2cccnc21,-6.48,393.5,2.78,77.6,2,5,5,3.05,0.817,0,2.57,0.594,PIRENZEPINE,0.151,novel,6.544
CHEMBL14876,CCC(=O)c1ccc2c(c1)sc(=O)n2CCN1CCCCC1,-6.38,318.4,3.14,42.3,0,4,5,2.27,0.795,0,2.87,0.379,DYCLONINE,0.113,novel,6.544
CHEMBL288585,CC1(C)CCC(C)(C)c2cc3c(cc21)NC(=O)CN(c1ccc(C(=O)O)cc1)C3=O,-6.9,406.5,4.33,86.7,2,3,2,2.66,0.777,0,1.39,0.418,BEXAROTENE,0.108,novel,6.543
CHEMBL11776,Fc1ccc(C(OC2CC3CCC(C2)N3)c2ccc(F)cc2)cc1,-6.88,329.4,4.35,21.3,1,2,4,3.83,0.9,0,1.43,0.405,BENZTROPINE,0.086,novel,6.543
CHEMBL284368,CCCN1CCc2cccc3c2C1Cc1ccc(OC)c(O)c1-3,-6.77,309.4,3.93,32.7,1,3,3,2.91,0.932,0,1.74,0.554,APOMORPHINE,0.106,novel,6.543
CHEMBL24390,O=C(O)COc1ccc2c(-c3ccccc3Cl)noc2c1Cl,-6.56,338.1,4.27,72.6,1,4,4,2.28,0.769,0,2.36,0.379,TICRYNAFEN,0.176,novel,6.543
CHEMBL6843,CCC1CCNc2cc3oc(=O)cc(C(F)(F)F)c3cc21,-6.78,297.3,4.12,42.2,1,3,1,3.31,0.805,0,1.73,0.233,MEFLOQUINE,0.125,novel,6.542
CHEMBL37598,OC1=C2C(=Nc3ccnn3C2c2ccc(F)c(Cl)c2)CCC1,-6.69,317.8,4.35,50.4,1,3,1,3.61,0.85,0,1.98,0.209,ATOVAQUONE,0.069,novel,6.542
CHEMBL40231,CN1CCN(C2=Nc3cscc3Nc3ccc(F)cc32)CC1,-6.64,316.4,3.27,30.9,1,5,0,2.81,0.809,0,2.13,0.5,CLOZAPINE,0.06,novel,6.542
CHEMBL6546,O=C1N(Cc2ccccc2)c2ccccc2C12OCCO2,-6.49,281.3,2.43,38.8,0,3,2,2.58,0.848,0,2.55,0.286,TRIACETYLDIPHENOLISATIN,0.125,novel,6.542
CHEMBL9435,CCCOC1c2c(ncn2Cc2ccc(OC)cc2)N=CN(C)N1C,-6.13,343.4,2.82,55.1,0,6,6,3.65,0.807,0,3.56,0.268,THONZONIUM,0.093,novel,6.542
CHEMBL33772,CC(C)c1ccc2ncc(C(=O)Nc3nccs3)c(O)c2c1,-6.7,313.4,3.77,75.1,2,5,3,2.41,0.771,0,1.96,0.324,PHTHALYLSULFATHIAZOLE,0.15,novel,6.541
CHEMBL40058,Cc1ccc(C(OCCN2CCN(CCC(=O)O)CC2)c2ccccc2)cc1,-6.38,382.5,3.19,53.0,1,4,9,2.52,0.722,0,2.86,0.446,CETIRIZINE,0.214,novel,6.54
CHEMBL9436,CCOC1c2c(ncn2Cc2ccc(OC)cc2)N=CN(C)N1C,-6.21,329.4,2.43,55.1,0,6,5,3.65,0.843,0,3.35,0.259,ASTEMIZOLE,0.082,novel,6.54
CHEMBL21066,CCN1C(CNC(=O)c2cc(Cl)c(NC)cc2OC)CCC1c1ccccc1,-6.8,401.9,4.35,53.6,2,4,7,3.19,0.724,0,1.65,0.395,SULPIRIDE,0.159,novel,6.539
CHEMBL23817,COc1ccccc1N1CCN(CCNC(=O)Cc2ccsc2)CC1,-6.37,359.5,2.24,44.8,1,5,7,2.05,0.823,0,2.89,0.397,NAFTOPIDIL,0.143,novel,6.539
CHEMBL435368,COc1ccc(Br)cc1CCc1ccccc1C1=NCCN1,-6.54,359.3,3.59,33.6,1,3,5,2.35,0.885,0,2.4,0.298,NAPHAZOLINE,0.095,novel,6.538
CHEMBL300703,Cc1cn(CCC(C(N)=O)(c2ccccc2)c2ccccc2)cn1,-6.35,319.4,3.05,60.9,1,2,6,2.39,0.759,0,2.95,0.449,ISOPROPAMIDE,0.167,novel,6.537
CHEMBL55529,CC(=O)Nc1ccc(Cl)c(COc2cccc3cnccc23)c1,-6.67,326.8,4.43,51.2,1,3,4,2.01,0.771,0,2.03,0.316,PHENACETIN,0.16,novel,6.536
CHEMBL30389,COc1ccc([C@H]2Oc3cc(OC)c(OC)cc3[C@@H]2C)cc1OC,-6.46,330.4,3.96,46.2,0,5,5,2.88,0.83,0,2.61,0.261,NOSCAPINE,0.099,novel,6.536
CHEMBL265373,CC(C)Oc1ccccc1CNC(=O)Nc1ccc2cnccc2n1,-6.62,336.4,3.74,76.1,2,4,5,2.19,0.744,0,2.16,0.264,PICOTAMIDE,0.145,novel,6.535
CHEMBL51355,CN1C2CC[C@@H]1C[C@H](c1ccc(Cl)cc1)C2C(=O)N1CCCC1,-6.54,332.9,3.53,23.6,0,2,2,4.02,0.827,0,2.37,0.364,IOFLUPANE,0.113,novel,6.535
CHEMBL49570,COc1cccc(OC)c1C(=O)N1CC2CCCN2c2ccccc21,-6.34,338.4,3.33,42.0,0,4,3,2.67,0.861,0,2.94,0.324,REMOXIPRIDE,0.127,novel,6.535
CHEMBL416578,COC[C@H]1CN(c2ccc(OCC[C@@H](O)C(F)(F)F)cc2)C(=O)O1,-6.24,349.3,2.35,68.2,1,5,7,3.19,0.818,0,3.24,0.355,TOLOXATONE,0.146,novel,6.535
CHEMBL32008,CC(C)(C)C1CS(=O)(=O)C(c2ccccc2)S(=O)(=O)C1,-6.24,316.4,2.19,68.3,0,4,1,3.0,0.796,0,3.25,0.3,PHENSUXIMIDE,0.161,novel,6.535
CHEMBL19148,COC(=O)c1sc(C(C)(C)C)cc1NC(=O)Nc1ccccc1,-6.71,332.4,4.48,67.4,2,4,3,2.15,0.815,0,1.91,0.349,ACETANILIDE,0.164,novel,6.533
CHEMBL15369,C=C(c1cc(Cl)ccc1OCC(O)CNC(C)(C)C)n1cccn1,-6.42,349.9,3.18,59.3,2,4,7,3.22,0.806,0,2.71,0.408,CELIPROLOL,0.126,novel,6.533
CHEMBL36403,COc1cc([C@@H]2CN3CCC[C@@H]3c3ccccc32)cc(OC)c1OC,-6.55,339.4,3.99,30.9,0,4,4,2.92,0.843,0,2.34,0.298,SERTRALINE,0.089,novel,6.532
CHEMBL26523,O=C(O)c1cn(C2CC2)c2c(F)c(N3CCOCC3)c(F)cc2c1=O,-6.3,350.3,2.15,71.8,1,4,3,2.51,0.918,0,3.06,0.561,GATIFLOXACIN,0.107,novel,6.532
CHEMBL292205,CCc1cn(C(=O)NC2CC3CCC(C2)N3C)c2ccccc12,-6.61,311.4,3.39,37.3,1,2,2,3.9,0.923,0,2.16,0.483,GRANISETRON,0.174,novel,6.53
CHEMBL56356,C[C@H]1[C@H]2Cc3cc4sc(N)nc4cc3[C@]1(C)CCN2CC1CC1,-6.61,327.5,3.81,42.1,1,4,2,4.47,0.912,0,2.18,0.403,PENTAZOCINE,0.064,novel,6.53
CHEMBL292355,Cc1onc(NS(=O)(=O)c2ccc(C(C)(C)C)cc2)c1C,-6.46,308.4,3.39,72.2,1,4,3,2.22,0.943,0,2.59,0.417,SULFISOXAZOLE,0.095,novel,6.53
CHEMBL9481,CC(C)Oc1ccc(C(=O)c2ccc3n2CCC3C(=O)O)cc1,-6.36,313.4,3.08,68.5,1,3,5,2.82,0.861,0,2.89,0.667,KETOROLAC,0.127,novel,6.529
CHEMBL283353,CCC(C)(C)C(=O)NCCN1CCN(c2ccc(Cl)cc2)CC1,-6.47,337.9,3.01,35.6,1,3,6,2.05,0.866,0,2.57,0.462,MOCLOBEMIDE,0.145,novel,6.528
CHEMBL268644,CCc1c(CC(N)=O)nn(-c2ccccc2)c1-c1ccccc1,-6.4,305.4,3.13,60.9,1,2,5,2.17,0.787,0,2.77,0.283,FELBINAC,0.183,novel,6.528
CHEMBL266688,O=C(O)CN(C(=O)c1cccc2ccccc12)c1ccccc1,-6.51,305.3,3.57,57.6,1,2,4,1.82,0.801,0,2.45,0.305,TOLRESTAT,0.321,novel,6.526
CHEMBL53711,CN(C)c1cc2c(Nc3cccc(Br)c3)ncnc2cn1,-6.42,344.2,3.6,53.9,1,5,3,2.37,0.787,0,2.71,0.375,ERLOTINIB,0.097,novel,6.526
CHEMBL296646,COc1ccc(C(=O)Nc2ccc(F)cc2)cc1OC1CCCC1,-6.67,329.4,4.41,47.6,1,3,5,1.77,0.884,0,1.99,0.357,ZAFIRLUKAST,0.127,novel,6.525
CHEMBL288587,CC1N=CN(Nc2cccc(Cl)c2)C1c1cccc(C#N)c1,-6.62,310.8,4.01,51.4,1,4,3,3.65,0.931,0,2.12,0.227,TEPOTINIB,0.071,novel,6.525
CHEMBL53796,CN(C)c1ccc2ncnc(Nc3cccc(Br)c3)c2n1,-6.42,344.2,3.6,53.9,1,5,3,2.37,0.787,0,2.71,0.313,ERLOTINIB,0.113,novel,6.525
CHEMBL276651,COc1ccc(Cn2cnc3c2C(OC)N(C)N(C)C=N3)cc1,-6.31,315.4,2.04,55.1,0,6,4,3.65,0.864,0,3.01,0.27,PYRILAMINE,0.08,novel,6.524
CHEMBL289469,CN1C2CCCC1CC(NC(=O)c1nn(C)c3ccccc13)C2,-6.94,312.4,2.32,50.2,1,3,2,3.72,0.926,0,2.63,1.0,GRANISETRON,0.157,likely-known-drug-chemistry,6.523
CHEMBL9655,CC(C)COc1ccc(Cc2ccc(NC3=NCCN3)cc2)cc1,-6.7,323.4,3.68,45.6,2,4,6,2.2,0.852,0,1.89,0.353,CLONIDINE,0.087,novel,6.523
CHEMBL6543,CCc1nc(Br)cnc1NS(=O)(=O)c1cccc2c(N(C)C)cccc12,-6.64,435.3,3.82,75.2,1,5,5,2.59,0.66,0,2.07,0.231,SULFAMERAZINE,0.149,novel,6.523
CHEMBL21316,CC(=O)NC[C@@H]1OC(=O)N2c3ccc(C(C)=O)cc3CC[C@H]12,-6.57,302.3,1.67,75.7,1,4,3,3.27,0.862,0,2.27,0.347,LINEZOLID,0.13,novel,6.522
CHEMBL8032,CCCC(=O)Nc1ccc(Oc2cccc3c2OCCO3)cc1,-6.57,313.4,3.99,56.8,1,4,5,1.99,0.907,0,2.28,0.357,BUCETIN,0.184,novel,6.522
CHEMBL36251,CCCC(=O)Nc1c2c(nc3ccccc13)CCC(=O)C2,-6.46,282.3,3.03,59.1,1,3,3,2.38,0.941,0,2.58,0.346,TACRINE,0.222,novel,6.522
CHEMBL33555,O=C(NCc1ccccc1)C1CCCN1S(=O)(=O)/C=C/c1ccccc1,-6.16,370.5,2.77,66.5,1,3,6,2.55,0.85,0,3.43,0.324,ENALAPRILAT ANHYDROUS,0.188,novel,6.522
CHEMBL18286,COC(=O)c1oc(C(C)(C)C)cc1NC(=O)Nc1ccc(F)cc1,-6.73,334.3,4.15,80.6,2,4,3,2.42,0.826,0,1.81,0.292,EZOGABINE,0.13,novel,6.521
CHEMBL285792,CC(=O)c1cc2c(s1)[C@@H](NC(=O)c1cccnc1)[C@H](O)C(C)(C)O2,-6.54,346.4,2.35,88.5,2,6,3,3.54,0.833,0,2.36,0.315,NIACIN,0.116,novel,6.521
CHEMBL6294,Fc1ccc(-c2c(-c3cccnc3)nc3n2CCC3)cc1,-6.68,279.3,3.7,30.7,0,2,2,2.24,0.716,0,1.95,0.273,NICOTINE,0.068,novel,6.52
CHEMBL32854,COc1ccc(C2(C#N)CCC(C(=O)O)CC2)cc1OC1CCCC1,-6.53,343.4,4.05,79.5,1,4,5,2.59,0.872,0,2.38,0.315,LEVOCABASTINE,0.095,novel,6.519
CHEMBL34060,O=C(NCc1ccccc1)C1CCCN1C(=O)NC1CCCCC1,-6.39,329.4,2.81,61.4,2,2,4,2.35,0.892,0,2.78,0.426,MELAGATRAN,0.159,novel,6.519
CHEMBL268454,NC(=O)c1cc(-c2ccc(Br)cc2)nnc1Cl,-6.29,312.6,2.66,68.9,1,3,2,2.12,0.927,0,3.06,0.277,DIBROMSALAN,0.094,novel,6.519
CHEMBL49096,CC(Oc1ccc(F)cc1)C(=O)OC1CC2CCC(C1)N2C,-6.34,307.4,2.76,38.8,0,4,4,3.85,0.802,0,2.91,0.51,HOMATROPINE,0.118,novel,6.518
CHEMBL25807,CC1CN(c2nc3c(cc2F)c(=O)c(C(=O)O)cn3C(C)(C)C)CCN1,-6.6,362.4,1.79,87.5,2,5,2,3.28,0.847,0,2.17,0.554,ENOXACIN,0.1,novel,6.517
CHEMBL17228,CN(C)CCC(=O)N1c2ccccc2C(=O)Nc2cccnc21,-6.34,310.4,2.26,65.5,1,4,3,2.41,0.944,0,2.89,0.638,PIRENZEPINE,0.165,novel,6.517
CHEMBL14781,CN(CCN1CCCCC1)c1c2c(nc3ccccc13)CCCC2,-6.68,323.5,4.04,19.4,0,3,4,2.37,0.846,0,1.92,0.449,TACRINE,0.157,novel,6.515
CHEMBL37824,CCN(CC)CCN1CCC2(CC1)Oc1ccccc1C2n1cccc1,-6.51,353.5,3.65,20.6,0,3,6,3.65,0.791,0,2.43,0.266,FENSPIRIDE,0.11,novel,6.515
CHEMBL14052,CC(C)(C)c1cc(C(=O)CS(C)(=O)=O)cc2c1OCC2(C)C,-6.14,324.4,2.88,60.4,0,4,3,2.85,0.802,0,3.47,0.228,SITAXENTAN,0.114,novel,6.515
CHEMBL282453,COc1ccccc1N1CCN(CCNC(=O)c2cccn2C)CC1,-6.48,342.4,1.59,49.7,1,4,6,2.05,0.866,0,2.48,0.4,NAFTOPIDIL,0.15,novel,6.513
CHEMBL267456,NC(=O)c1cc2c(Sc3ccccc3)cncc2s1,-6.56,286.4,3.55,56.0,1,4,3,2.47,0.801,0,2.26,0.277,NIACINAMIDE,0.169,novel,6.512
CHEMBL22460,CCn1cc(C(=O)O)c(=O)c2cc(F)c(-c3coc(C)n3)cc21,-6.41,316.3,2.82,85.3,1,4,3,2.63,0.803,0,2.68,0.508,NORFLOXACIN,0.131,novel,6.512
CHEMBL53376,COc1ccc(NS(=O)(=O)c2c(F)cc(F)cc2F)cc1,-6.34,317.3,2.91,55.4,1,3,4,1.92,0.943,0,2.88,0.3,SULFAMETER,0.099,novel,6.512
CHEMBL20271,c1ccc2c(c1)Oc1ccccc1C2NCCN1CCOCC1,-6.51,310.4,2.8,33.7,1,4,4,2.27,0.941,0,2.4,0.375,MINAPRINE,0.095,novel,6.511
CHEMBL299807,COc1ccccc1N1CCc2c(O)nc3c(OC)cccc3c21,-6.47,322.4,3.65,54.8,1,5,3,2.41,0.797,0,2.5,0.359,NAFTOPIDIL,0.143,novel,6.511
CHEMBL14835,CCC(=O)c1ccc2c(c1)sc(=O)n2CCN1CCCC1,-6.31,304.4,2.75,42.3,0,4,5,2.27,0.798,0,2.96,0.364,CARPHENAZINE,0.114,novel,6.511
CHEMBL46321,COc1ccc(C(=O)Nc2ccccc2)cc1OC1CCCC1,-6.68,311.4,4.27,47.6,1,3,5,1.7,0.897,0,1.9,0.366,ZAFIRLUKAST,0.16,novel,6.51
CHEMBL287309,Cc1c(O)nc(SC2CCCCC2)nc1COc1ccccc1,-6.61,330.5,4.49,55.2,1,5,5,2.49,0.818,0,2.12,0.3,MONOBENZONE,0.141,novel,6.51
CHEMBL14875,CCC(=O)c1ccc2c(c1)sc(=O)n2CCCN1CCCCC1,-6.38,332.5,3.53,42.3,0,4,6,2.27,0.76,0,2.78,0.409,CARPHENAZINE,0.123,novel,6.51
CHEMBL289064,CN1CCN(c2nc(-c3ccoc3)cc(-c3cccs3)n2)CC1,-6.31,326.4,3.22,45.4,0,6,3,2.49,0.739,0,2.97,0.29,THENALIDINE,0.066,novel,6.51
CHEMBL40750,CN1CCN(Cc2ccc(Cl)cc2Cl)C(c2ncc[nH]2)C1,-6.53,325.2,3.21,35.2,1,3,3,2.98,0.941,0,2.34,0.284,LOXAPINE,0.07,novel,6.509
CHEMBL279221,C[C@@H]1[C@@H](N)CN1c1c(F)cc2c(=O)c(C(=O)O)cn(C3CC3)c2c1Cl,-6.5,365.8,2.36,88.6,2,4,3,3.67,0.871,0,2.43,0.656,BESIFLOXACIN,0.101,novel,6.509
CHEMBL275698,O=C(O)c1cn(C2CC2)c2cc(C3CCNCC3)c(F)cc2c1=O,-6.38,330.4,2.64,71.3,2,3,3,2.58,0.907,0,2.76,0.685,CIPROFLOXACIN,0.096,novel,6.509
CHEMBL278129,CN(C)CCOC(=O)C1=C/C(=C\c2ccncc2)c2ccccc21,-6.33,320.4,3.12,42.4,0,4,5,2.57,0.794,0,2.9,0.328,TETRACAINE,0.155,novel,6.509
CHEMBL263080,NC(=O)c1cc2c(Sc3ccccn3)cncc2s1,-6.4,287.4,2.94,68.9,1,5,3,2.7,0.804,0,2.72,0.286,PYRAZINAMIDE,0.143,novel,6.508
CHEMBL21819,CCN1CCC[C@H]1CNC(=O)c1cc(Cl)cc2c1OCCN2C,-6.38,337.9,2.38,44.8,1,4,4,2.96,0.916,0,2.77,0.443,SULPIRIDE,0.125,novel,6.508
CHEMBL40799,CN1CCc2c(sc(NC(=O)C3CC3)c2C(=O)c2ccccc2Cl)C1,-6.5,374.9,3.97,49.4,1,4,4,2.29,0.824,0,2.41,0.319,EDOXABAN,0.129,novel,6.507
CHEMBL28685,COC(=O)c1[nH]cc(-c2ccc(Br)cc2)c1N1CCOCC1,-6.26,365.2,3.07,54.6,1,4,3,2.34,0.85,0,3.12,0.274,AMOPROXAN,0.1,novel,6.507
CHEMBL301005,CNc1nc2c(OC)cccc2c2c1CCN2c1ccccc1C,-6.74,319.4,4.29,37.4,1,4,3,2.37,0.781,0,1.73,0.296,NAFTOPIDIL,0.118,novel,6.506
CHEMBL14656,CN(CCCN1CCCCC1)c1c2c(nc3ccccc13)CCCC2,-6.7,337.5,4.43,19.4,0,3,5,2.37,0.805,0,1.83,0.431,TACRINE,0.153,novel,6.506
CHEMBL33765,C[C@@H](NC1=NS(=O)(=O)c2cccnc2N1)C1CCCCC1,-6.65,308.4,2.11,83.5,2,5,2,3.36,0.874,0,1.99,0.265,ISAXONINE,0.098,novel,6.506
CHEMBL282758,CCn1cc(C(=O)O)c(=O)c2cc(F)c(N3CCCC3)cc21,-6.33,304.3,2.46,62.5,1,3,3,2.24,0.946,0,2.9,0.816,NORFLOXACIN,0.141,novel,6.505
CHEMBL280469,CC1=C(C(=O)OC2CCCC2C)C(c2ccccc2)NC(=O)N1,-6.46,314.4,3.05,67.4,2,3,3,3.22,0.843,0,2.54,0.291,ETHOTOIN,0.127,novel,6.504
CHEMBL35211,COC(=O)Nc1ccc(OC)c(-c2nc3cc(C)ccc3o2)c1,-6.55,312.3,3.99,73.6,1,5,3,2.06,0.791,0,2.26,0.308,BENOXAPROFEN,0.107,novel,6.503
CHEMBL434404,COc1cc(C(=O)O[C@@H]2CCC3CCC2N3C)cc(OC)c1OC,-6.12,335.4,2.49,57.2,0,6,5,3.9,0.771,0,3.49,0.446,COCAINE,0.117,novel,6.503
CHEMBL56357,CC(=O)Nc1ccc2c(c1)[C@@]1(C)CCN(CC3CC3)C(C2)[C@@H]1C,-6.66,312.5,3.58,32.3,1,2,3,4.07,0.925,0,1.95,0.5,PENTAZOCINE,0.117,novel,6.502
CHEMBL14995,CCc1c(C)sc2c1C(N1CCN(C)CC1)=Nc1cc(F)ccc1N2,-6.63,358.5,4.14,30.9,1,5,1,2.94,0.831,0,2.03,0.46,OLANZAPINE,0.079,novel,6.502
CHEMBL287409,CC(C)CS(=O)(=O)N[C@@H]1CCN2CCc3ccccc3[C@@H]2C1,-6.4,322.5,2.32,49.4,1,3,4,3.15,0.925,0,2.7,0.328,RASAGILINE MESYLATE,0.138,novel,6.502
CHEMBL281851,CC1=NCCN1CCNC1c2ccccc2Oc2ccccc21,-6.57,307.4,3.21,36.9,1,4,4,2.69,0.942,0,2.21,0.327,ASENAPINE,0.104,novel,6.501
CHEMBL268271,CC1(C)Oc2ccc(C#N)cc2[C@H](N(Cc2ncco2)c2ccccc2)[C@H]1O,-6.49,375.4,3.83,82.5,1,6,4,3.6,0.746,0,2.44,0.261,FINERENONE,0.111,novel,6.501
CHEMBL36575,CC(C)NCC(O)COc1ccccc1/C=C/c1cc(Cl)no1,-6.42,336.8,3.24,67.5,2,5,8,3.07,0.774,0,2.63,0.491,OXPRENOLOL,0.176,novel,6.501
CHEMBL53520,CCCN1CCc2cc3c(cc2[C@@H]1Cc1ccccc1)OCO3,-6.68,309.4,3.97,21.7,0,3,4,2.68,0.853,0,1.87,0.307,NOSCAPINE,0.127,novel,6.5
CHEMBL298027,O=C1c2ccc(O)cc2[C@@]23CCCC[C@H]2[C@@H]1N(CC1CC1)CC3,-6.58,311.4,3.5,40.5,1,3,2,4.42,0.909,0,2.17,0.492,LEVALLORPHAN,0.099,novel,6.5
CHEMBL300091,CNC(=O)N1C(=O)[C@@H](C)[C@@H]2[C@@H]1CCN2C(=O)OCc1ccccc1,-6.5,331.4,1.58,79.0,1,4,2,3.46,0.892,0,2.41,0.315,BENZYL BENZOATE,0.16,novel,6.5
CHEMBL22099,CCCn1c(=O)c2c(nc(C3CCCC3)n2C)n(CCC)c1=O,-6.16,318.4,2.37,61.8,0,3,5,2.51,0.85,0,3.37,0.317,ISTRADEFYLLINE,0.085,novel,6.5
CHEMBL37229,COc1ccccc1-c1nc(-c2ccccc2)nc(N)c1CN,-6.59,306.4,2.86,87.0,2,5,4,2.1,0.774,0,2.13,0.269,TRIAMTERENE,0.118,novel,6.499
CHEMBL41582,COCCC1CN(c2cccc(C(F)(F)F)c2)NC1=O,-6.58,288.3,2.21,41.6,1,3,4,3.17,0.923,0,2.16,0.338,FLIBANSERIN,0.139,novel,6.498
CHEMBL27787,c1ccc(CN2CCc3ccccc3C2Cn2ccnc2)cc1,-6.65,303.4,3.68,21.1,0,2,4,2.65,0.733,0,1.97,0.328,OZAGREL,0.096,novel,6.497
CHEMBL276095,CCc1cc2c(s1)Nc1ccc(F)cc1N=C2N1CCN(C)C(C)C1,-6.64,358.5,4.22,30.9,1,5,1,3.43,0.828,0,1.98,0.412,OLANZAPINE,0.087,novel,6.497
CHEMBL273973,c1ccc(OC2(C3=NCCN3)COc3ccccc3O2)cc1,-6.47,296.3,2.23,52.1,1,5,3,3.29,0.943,0,2.47,0.312,TOLAZOLINE,0.118,novel,6.497
CHEMBL20986,COc1cc(N(C)C)c(Cl)cc1C(=O)NCCN(C)Cc1ccccc1,-6.4,375.9,3.28,44.8,1,4,8,2.13,0.769,0,2.68,0.492,METOCLOPRAMIDE,0.163,novel,6.497
CHEMBL43873,Cc1cccc(N(C)c2cc(Cl)nc(OCC(=O)O)n2)c1C,-6.33,321.8,2.98,75.6,1,5,5,2.65,0.853,0,2.86,0.286,ETHACRYNIC ACID,0.169,novel,6.497
CHEMBL21680,CCN1CCC[C@@H]1CNC(=O)c1cc(Cl)cc2c1OCC2,-6.46,308.8,2.49,41.6,1,3,4,2.85,0.929,0,2.5,0.456,SULPIRIDE,0.118,novel,6.496
CHEMBL42196,CN1CCN(Cc2ccc(Cl)cc2Cl)C(CC2=NCCN2)C1,-6.44,341.3,2.5,30.9,1,4,4,3.22,0.913,0,2.56,0.281,TOLAZOLINE,0.068,novel,6.496
CHEMBL281716,CCCN1CC=C(c2c[nH]c3ccc(C#N)cc23)CC1,-6.71,265.4,3.54,42.8,1,2,3,2.52,0.922,0,1.78,0.341,VILAZODONE HYDROCHLORIDE,0.082,novel,6.495
CHEMBL16153,CCCC1=C(C(=O)OCC)C(c2cccc(C)c2)NC(=O)N1,-6.47,302.4,2.97,67.4,2,3,5,2.7,0.822,0,2.47,0.328,FELODIPINE,0.139,novel,6.495
CHEMBL418420,Cc1c(C)n(Cc2ccc(Cl)c(Cl)c2)c(=O)n(CC(=O)O)c1=O,-6.33,357.2,2.07,81.3,1,3,4,2.23,0.908,0,2.86,0.317,CLOMETACIN,0.117,novel,6.494
CHEMBL46714,CCCOc1ccccc1-c1nc2c(c(C)nn2CC)c(=O)[nH]1,-6.33,312.4,2.9,72.8,1,4,5,2.38,0.786,0,2.88,0.286,SILDENAFIL,0.12,novel,6.494
CHEMBL267089,O=C(C1CCCC1)C(O)(Cn1cncn1)c1ccc(Cl)cc1Cl,-6.22,354.2,3.23,68.0,1,4,5,3.18,0.895,0,3.19,0.39,FLUCONAZOLE,0.094,novel,6.494
CHEMBL273897,CCC(=O)NCCc1c2n(c3ccccc13)CCc1ccccc1-2,-6.69,318.4,3.93,34.0,1,1,4,2.26,0.777,0,1.85,0.286,RAMELTEON,0.165,novel,6.493
CHEMBL275484,CNn1cc(C(=O)O)c(=O)c2cc(F)c(N3CCCCC3)cc21,-6.55,319.3,2.0,74.6,2,4,3,2.53,0.905,0,2.23,0.552,NORFLOXACIN,0.111,novel,6.493
CHEMBL49749,CCNC[C@H]1CCC(c2c(F)cc3c(=O)c(C(=O)O)cn(CC)c3c2F)C1,-6.47,378.4,3.49,71.3,2,3,6,3.48,0.807,0,2.45,0.5,LOMEFLOXACIN,0.136,novel,6.493
CHEMBL276753,CC(C)c1csc2c1C(N1CCN(C)CC1)=Nc1cc(F)ccc1N2,-6.67,358.5,4.39,30.9,1,5,1,2.97,0.82,0,1.89,0.422,OLANZAPINE,0.067,novel,6.492
CHEMBL10360,COc1cccc(-c2cncc(O[C@@H]3CCNC3)c2)c1,-6.56,270.3,2.5,43.4,1,4,4,2.63,0.927,0,2.19,0.262,TRAMADOL,0.068,novel,6.491
CHEMBL27782,COc1ccc(CC2Oc3ccc(O)cc3C2C)cc1,-6.72,270.3,3.51,38.7,1,3,3,2.91,0.927,0,1.75,0.385,MEQUINOL,0.095,novel,6.49
CHEMBL300147,COc1cccc(C2(c3ccccc3)C(=O)Nc3ccccc32)c1,-6.67,315.4,3.98,38.3,1,2,3,2.51,0.794,0,1.89,0.543,OXYPHENISATIN ACETATE,0.121,novel,6.489
CHEMBL301752,OCCN1CCN(CCCC2c3ccccc3Sc3ccc(Cl)cc32)CC1,-6.82,403.0,4.33,26.7,1,4,6,2.91,0.778,0,1.45,0.593,PERPHENAZINE,0.108,novel,6.488
CHEMBL284331,CCCCn1nc(C(=O)NN2CCCCC2)c(C)c1-c1ccccc1,-6.46,340.5,3.79,50.2,1,3,6,2.37,0.87,0,2.49,0.477,RIMONABANT,0.224,novel,6.488
CHEMBL13567,CCCCn1c(=O)c2cc(C(=O)O)cn2c2cc(Cl)c(Cl)cc21,-6.36,353.2,4.06,63.7,1,2,4,2.54,0.769,0,2.75,0.236,PHENYLBUTAZONE,0.162,novel,6.488
CHEMBL27696,CNC(=O)OCc1c(COC(=O)NC)c(-c2ccccc2)n2c1CCC2,-6.37,357.4,2.81,81.6,2,4,5,2.65,0.862,0,2.75,0.281,PIPERIDOLATE,0.158,novel,6.487
CHEMBL274701,CC(C)S(=O)(=O)Nc1nc(C(F)(F)F)nc2ccccc12,-6.27,319.3,2.8,72.0,1,4,3,2.44,0.944,0,3.02,0.295,AMSACRINE,0.203,novel,6.487
CHEMBL40233,COc1ccc(Br)cc1CCc1ccccc1C1=NCCCN1,-6.6,373.3,3.98,33.6,1,3,5,2.39,0.86,0,2.07,0.262,TRIMETAZIDINE,0.092,novel,6.486
CHEMBL417849,CCOC(=O)c1ccc(NC(=O)CCc2ccc(Cl)cc2)cc1,-6.5,331.8,4.09,55.4,1,3,6,1.56,0.811,0,2.36,0.412,CLOFOREX,0.164,novel,6.486
CHEMBL50670,CC1(C)[C@H](c2nc(N)no2)[C@H]1c1cccc2c1CCO2,-6.46,271.3,2.49,74.2,1,5,2,3.7,0.908,0,2.47,0.355,TASIMELTEON,0.095,novel,6.486
CHEMBL48048,COc1ccc(C(=O)Nc2cnccc2Cl)cc1OC1CCCC1,-6.46,346.8,4.32,60.5,1,4,5,2.08,0.876,0,2.48,0.394,ROFLUMILAST,0.105,novel,6.486
CHEMBL49898,CCN1CCC[C@H]1CNC(=O)c1cc2cc(Br)ccc2cc1OC,-6.57,391.3,3.83,41.6,1,3,5,2.63,0.843,0,2.17,0.603,SULPIRIDE,0.128,novel,6.485
CHEMBL289981,COc1ccccc1N1CCN(C[C@H](C(=O)NC(C)(C)C)c2ccccc2)CC1,-6.5,395.5,3.52,44.8,1,4,6,2.56,0.813,0,2.37,0.492,NAFTOPIDIL,0.227,novel,6.485
CHEMBL44705,Cc1c(C(=O)O)sc2cc(OCCn3ccnc3)ccc12,-6.35,302.4,3.18,64.3,1,4,5,2.35,0.786,0,2.79,0.303,RALOXIFENE,0.117,novel,6.485
CHEMBL33400,N#CC(C(=O)O)C1C(=O)N(Cc2ccccc2)c2ccccc21,-6.39,306.3,2.54,81.4,1,3,4,3.13,0.941,0,2.66,0.27,BENAZEPRIL,0.182,novel,6.484
CHEMBL39724,OCCN1CCN(C2=Nc3ccccc3Oc3cscc32)CC1,-6.32,329.4,2.54,48.3,1,6,2,2.7,0.92,0,2.86,0.467,QUETIAPINE,0.125,novel,6.484
CHEMBL297447,Cc1nc(C)c(-c2ccnc(Nc3ccccc3F)n2)s1,-6.64,300.4,4.1,50.7,1,5,3,2.23,0.791,0,1.96,0.311,DABRAFENIB,0.103,novel,6.483
CHEMBL46537,C[C@H]1C2Cc3ccc(O)cc3[C@]1(C)CCN2CCc1cccs1,-6.78,327.5,4.22,23.5,1,3,3,4.19,0.912,0,1.54,0.603,PENTAZOCINE,0.106,novel,6.482
CHEMBL25180,CCc1ccc(O)c(C(=O)c2ccc(Br)cc2)c1,-6.7,305.2,3.95,37.3,1,2,3,1.78,0.872,0,1.79,0.395,DIBROMSALAN,0.13,novel,6.482
CHEMBL42876,O=C(O)c1cn(CCF)c2nc(-c3ccncc3)c(F)cc2c1=O,-6.39,331.3,2.27,85.1,1,4,4,2.61,0.793,0,2.65,0.446,ENOXACIN,0.151,novel,6.482
CHEMBL783,CC(C)[C@H]1CC[C@H](C(=O)N[C@H](Cc2ccccc2)C(=O)O)CC1,-6.96,317.4,3.26,66.4,2,2,6,2.34,0.846,0,2.47,1.0,NATEGLINIDE,0.2,likely-known-drug-chemistry,6.481
CHEMBL17361,COC(=O)N1C(c2ccccc2)=NN=C(c2ccccc2)N1C(=O)OC,-6.12,352.4,2.86,83.8,0,6,2,2.69,0.832,0,3.42,0.333,FELBINAC,0.177,novel,6.481
CHEMBL16727,Cc1c(N2CC[C@H](N)C2)c(F)cn2c(=O)c(C(=O)O)cc(C3CC3)c12,-6.59,345.4,1.86,88.0,2,4,3,3.2,0.886,0,2.09,0.4,BESIFLOXACIN,0.09,novel,6.48
CHEMBL6316,Cc1ccc(Sc2cncc3sc(/C=N/OCC(=O)O)cc23)cc1,-6.41,358.4,4.19,71.8,1,6,6,2.88,0.528,0,2.61,0.229,AXITINIB,0.143,novel,6.479
CHEMBL268997,COc1ccc2c(OC(C)C)cc3nc(C(=O)O)cn3c2c1,-6.37,300.3,2.98,73.1,1,4,4,2.5,0.802,0,2.72,0.345,NAPROXEN,0.137,novel,6.479
CHEMBL34746,O=C(NCc1ccccc1)C1CCCN1C(=O)Nc1ccccc1,-6.4,323.4,3.0,61.4,2,2,4,2.13,0.908,0,2.62,0.387,ENALAPRILAT ANHYDROUS,0.178,novel,6.477
CHEMBL293294,CC(C)(C)CNC(=O)N1CCCC[C@H]1C(=O)OCc1ccccc1,-6.32,332.4,3.34,58.6,1,3,4,2.54,0.86,0,2.85,0.371,ENALAPRIL,0.165,novel,6.477
CHEMBL55829,CCOC(=O)c1c(NC(=O)N2CCCCC2)sc2c1CCN(C(C)=O)C2,-6.25,379.5,2.85,79.0,1,5,3,2.34,0.819,0,3.03,0.241,VINPOCETINE,0.093,novel,6.474
CHEMBL6512,CCCc1nc(Br)cnc1NS(=O)(=O)c1cccc2c(N(C)C)cccc12,-6.71,449.4,4.21,75.2,1,5,6,2.62,0.61,0,1.72,0.22,MACITENTAN,0.145,novel,6.473
CHEMBL301824,CCOC(=O)[C@@H]1CSC(CCc2ncc(C)c(OC)c2C)N1,-6.29,324.4,2.23,60.5,1,6,6,3.7,0.81,0,2.92,0.311,OMEPRAZOLE,0.095,novel,6.472
CHEMBL275780,CC(C)[C@H]1OS(=O)O[C@]1(Cn1cncn1)c1ccc(Cl)cc1,-6.02,341.8,2.48,66.2,0,5,4,4.26,0.854,0,3.69,0.341,TERCONAZOLE,0.097,novel,6.472
CHEMBL4,CC1COc2c(N3CCN(C)CC3)c(F)cc3c(=O)c(C(=O)O)cn1c23,-6.86,361.4,1.54,75.0,1,5,2,3.1,0.875,0,2.72,1.0,OFLOXACIN,0.113,likely-known-drug-chemistry,6.471
CHEMBL36596,CCOC(=O)C1(c2ccccc2)CCN(C/C=C/c2ccccc2)CC1,-6.53,349.5,4.3,29.5,0,3,6,2.23,0.729,0,2.23,0.638,MEPERIDINE,0.191,novel,6.471
CHEMBL22305,Cc1noc(C)c1C(c1ccc(C(C)C)cc1)N1CCNCC1,-6.52,313.4,3.41,41.3,1,4,4,2.87,0.939,0,2.26,0.279,MECLIZINE,0.078,novel,6.471
CHEMBL31513,O=c1cc(-c2ccc(Cl)cc2)c(-c2ccc(Cl)cc2)nn1CCO,-6.36,361.2,3.88,55.1,1,3,4,2.06,0.767,0,2.71,0.279,ALPIDEM,0.108,novel,6.47
CHEMBL292166,COC(=O)[C@@H]1CCC[C@H]2CCN(Cc3ccccc3)C(=O)N21,-6.27,302.4,2.41,49.9,0,3,3,2.9,0.806,0,2.98,0.347,CILAZAPRIL,0.154,novel,6.47
CHEMBL32796,CCOC(=O)c1cc2n(c1)CN(C(=O)OCC)c1ccccc1-2,-6.2,314.3,3.27,60.8,0,4,3,2.67,0.816,0,3.17,0.29,ETOMIDATE,0.143,novel,6.469
CHEMBL19503,CCNC(=O)N1CCN(C2CCCc3ccc(OC)cc32)CC1,-6.39,317.4,2.42,44.8,1,3,3,2.61,0.931,0,2.61,0.304,DEXTROMETHORPHAN,0.133,novel,6.468
CHEMBL19157,CC(C)CCc1nc2c([nH]1)N1C[C@@H](C(C)C)N=C1N(C)C2=O,-6.31,303.4,2.28,64.6,1,4,4,3.88,0.928,0,2.84,0.19,AMOBARBITAL,0.1,novel,6.468
CHEMBL33313,Cc1c(O)nc(SC2CCCC2)nc1COc1ccccc1,-6.53,316.4,4.1,55.2,1,5,5,2.49,0.842,0,2.21,0.306,MONOBENZONE,0.143,novel,6.467
CHEMBL17902,O=C1Nc2ccc(Cl)cc2C(OCC2CC2)(C(F)(F)F)O1,-6.56,321.7,4.04,47.6,1,3,3,3.51,0.914,0,2.12,0.536,EFAVIRENZ,0.101,novel,6.466
CHEMBL20725,CCCC(C)(C)C(=O)NCCN1CCN(c2ccc(Cl)cc2)CC1,-6.44,351.9,3.4,35.6,1,3,7,2.14,0.817,0,2.48,0.444,MOCLOBEMIDE,0.156,novel,6.466
CHEMBL36029,Cc1cc2c(cc1C)N(C)S(=O)(=O)c1cccnc1N2C(C)C,-6.22,331.4,3.38,53.5,0,4,1,2.84,0.804,0,3.11,0.306,PIROXICAM,0.09,novel,6.466
CHEMBL22042,CCCn1c(=O)c2c(nc(C3CCCCC3)n2C)n(CCC)c1=O,-6.03,332.4,2.76,61.8,0,3,5,2.51,0.846,0,3.64,0.312,ISTRADEFYLLINE,0.084,novel,6.466
CHEMBL46049,O=C1C[C@H](O)CC(CCc2c(O)cc(Cl)cc2Cl)O1,-6.37,305.2,2.7,66.8,2,4,3,3.44,0.843,0,2.66,0.297,SIMVASTATIN,0.082,novel,6.465
CHEMBL417789,c1ccc2c(c1)OCC(OC1CCCC1)(C1=NCCN1)O2,-6.49,288.3,2.11,52.1,1,5,3,3.54,0.925,0,2.33,0.293,TETRAHYDROZOLINE,0.096,novel,6.463
CHEMBL296575,COc1ccc(C(=O)Nc2ccccn2)cc1OC1CCCC1,-6.42,312.4,3.66,60.5,1,4,5,1.91,0.915,0,2.53,0.345,ACALABRUTINIB,0.136,novel,6.463
CHEMBL33,C[C@H]1COc2c(N3CCN(C)CC3)c(F)cc3c(=O)c(C(=O)O)cn1c23,-6.85,361.4,1.54,75.0,1,5,2,3.1,0.875,0,2.72,1.0,OFLOXACIN,0.113,likely-known-drug-chemistry,6.462
CHEMBL49319,CC(C)(O)COc1ncc(C(F)(F)F)cc1-c1ccc(S(C)(=O)=O)cc1,-6.35,389.4,3.32,76.5,1,5,5,2.45,0.849,0,2.73,0.344,ETORICOXIB,0.125,novel,6.462
CHEMBL414200,CN(C)c1cccc2c(S(=O)(=O)Nc3cccnn3)cccc12,-6.26,328.4,2.5,75.2,1,5,4,2.3,0.796,0,2.97,0.278,SULFAPYRIDINE,0.132,novel,6.462
CHEMBL46194,CC(Oc1ccc(Cl)cc1)C(=O)OC1CC2CCC(C1)N2C,-6.33,323.8,3.28,38.8,0,4,4,3.84,0.797,0,2.77,0.51,HOMATROPINE,0.105,novel,6.461
CHEMBL32121,Cc1ccc(S(=O)(=O)N2CCCC2C(=O)NCc2ccccc2)cc1,-6.1,358.5,2.46,66.5,1,3,5,2.23,0.893,0,3.42,0.351,TOLAZAMIDE,0.155,novel,6.461
CHEMBL12110,CC(=O)N(c1ccc(N2CCOCC2)nn1)n1c(C)ccc1C,-6.28,315.4,1.55,63.5,0,5,3,2.93,0.86,0,2.92,0.25,LINEZOLID,0.099,novel,6.46
CHEMBL19050,CCCC1Nc2cccc([C@@H]3C[C@H]3CNC(=O)C(C)C)c2O1,-6.63,302.4,3.49,50.4,2,3,6,3.89,0.845,0,1.91,0.385,TASIMELTEON,0.173,novel,6.459
CHEMBL47288,COc1ccc(C(=O)Nc2c(C)nsc2C#N)cc1OC1CCCC1,-6.43,357.4,3.91,84.2,1,6,5,2.58,0.877,0,2.48,0.338,ROFLUMILAST,0.112,novel,6.459
CHEMBL9584,CCCOc1ccc(Cc2ccc(NC3=NCCN3)cc2)cc1,-6.63,309.4,3.44,45.6,2,4,6,2.14,0.859,0,1.9,0.364,BRIMONIDINE,0.103,novel,6.458
CHEMBL280414,Cc1cccnc1NC(=O)c1cc(Br)cc(Br)c1O,-6.51,386.0,3.87,62.2,2,3,2,2.18,0.824,0,2.25,0.556,METABROMSALAN,0.133,novel,6.458
CHEMBL44424,CCCNC(=O)Nc1ccc(C(=O)n2nc(C)cc2C)cc1,-6.46,300.4,2.72,76.0,2,3,4,2.04,0.911,0,2.4,0.327,CHLORPROPAMIDE,0.145,novel,6.458
CHEMBL52010,COc1ccc(C(C)c2cc3c(cc2OCCO)OCO3)cc1,-6.29,316.4,2.95,57.2,1,5,6,2.65,0.888,0,2.89,0.305,VENLAFAXINE,0.111,novel,6.458
CHEMBL10631,CC(C)C(=O)C(O)(Cn1cnnc1)c1ccc(Cl)cc1Cl,-6.16,328.2,2.7,68.0,1,4,5,3.49,0.916,0,3.24,0.291,BUPROPION,0.133,novel,6.457
CHEMBL12750,CNn1cc(C(=O)O)c(=O)c2cc(F)c(N3CCSCC3)cc21,-6.54,337.4,1.57,74.6,2,5,3,2.82,0.885,0,2.15,0.533,NORFLOXACIN,0.108,novel,6.454
CHEMBL56118,N#Cc1c[nH]c(CN2CCN(c3ccccc3)CC2)c1,-6.57,266.3,2.21,46.1,1,3,3,2.3,0.926,0,2.06,0.323,OXYPERTINE,0.103,novel,6.453
CHEMBL30826,CN(C)c1ccc(-c2cc3ncccc3c(NCCN)n2)cc1,-6.36,307.4,2.73,67.1,2,5,5,2.2,0.758,0,2.66,0.278,METHYLENE BLUE ANHYDROUS,0.123,novel,6.453
CHEMBL37119,CNC(=O)N1CCC(c2ccc(OC)c(OC3CCCC3)c2)C1,-6.36,318.4,3.15,50.8,1,3,4,2.67,0.928,0,2.66,0.3,VERNAKALANT,0.11,novel,6.453
CHEMBL40229,CN1CCN(C)C(c2c(-c3ccccc3)[nH]c3ccccc23)C1,-6.74,305.4,3.75,22.3,1,2,2,2.68,0.779,0,1.57,0.321,MIANSERIN,0.119,novel,6.452
CHEMBL278572,CCC(=O)C1C(c2cccc3ccccc23)CC2CCC1N2C,-6.74,307.4,4.39,20.3,0,2,3,4.13,0.838,0,1.59,0.387,COCAINE,0.242,novel,6.452
CHEMBL52714,CC1CCCN(Cc2ccc(CN3CCCC(C)C3)cc2)C1,-6.71,300.5,4.15,6.5,0,2,4,2.58,0.824,0,1.65,0.405,PLERIXAFOR,0.075,novel,6.451
CHEMBL10045,Clc1ccc(Sc2ccc(CNC3=NCCN3)cc2)cc1,-6.69,317.8,3.54,36.4,2,4,4,2.32,0.905,0,1.71,0.391,CLONIDINE,0.088,novel,6.45
CHEMBL273798,CC(C)(CC(=O)O)Cc1nc2ccccc2n1Cc1ccccc1,-6.5,322.4,4.13,55.1,1,2,6,2.08,0.742,0,2.24,0.347,TELMISARTAN,0.164,novel,6.45
CHEMBL39835,O=C(O)CSc1ccc(C(=O)Nc2ccc(F)cc2)cn1,-6.46,306.3,2.65,79.3,2,4,5,1.89,0.83,0,2.37,0.344,PIFLUFOLASTAT F18,0.164,novel,6.45
CHEMBL15070,CCC(=O)c1ccc2c(c1)sc(=O)n2CCN1CCOCC1,-6.26,320.4,1.99,51.5,0,5,5,2.34,0.791,0,2.95,0.362,MOCLOBEMIDE,0.111,novel,6.449
CHEMBL430138,O=C(O)COc1ccc2c(-c3ccccc3F)nsc2c1Cl,-6.44,337.8,4.22,59.4,1,4,4,2.45,0.774,0,2.43,0.407,TICRYNAFEN,0.153,novel,6.448
CHEMBL49338,O=C(NC(=O)c1c(F)cccc1F)Nc1ccc(Cl)cc1,-6.55,310.7,3.58,58.2,2,2,2,1.8,0.89,0,2.11,0.326,PROGUANIL,0.148,novel,6.447
CHEMBL51514,CCC[C@H]1CC(=O)CC23CCN(CC4CC4)C(Cc4ccc(O)cc42)[C@H]13,-6.5,353.5,4.07,40.5,1,3,4,4.68,0.887,0,2.24,0.449,LEVALLORPHAN,0.111,novel,6.447
CHEMBL56794,Cc1cc2c(c(S(C)(=O)=O)c1)N(C)C(=O)c1cccnc1O2,-6.21,318.4,2.18,76.6,0,5,1,2.74,0.805,0,3.08,0.254,NEVIRAPINE,0.084,novel,6.447
CHEMBL56441,CCOC(=O)c1c(NC(=O)N2CCN(C)CC2)sc2c1CCN(C(C)=O)C2,-6.48,394.5,1.61,82.2,1,6,3,2.41,0.788,0,2.3,0.263,DIETHYLCARBAMAZINE,0.095,novel,6.446
CHEMBL295346,CC1(C)Oc2ccc(C#N)cc2C(O)[C@H]1N1CCCCC1=O,-6.39,300.4,2.14,73.6,1,4,1,3.5,0.862,0,2.56,0.256,ALECTINIB,0.096,novel,6.446
CHEMBL52015,CN(C)c1ccc2ncnc(Nc3cccc(Br)c3)c2c1,-6.56,343.2,4.2,41.1,1,4,3,2.1,0.774,0,2.08,0.381,ERLOTINIB,0.114,novel,6.445
CHEMBL17010,O=C1Nc2ccc(F)cc2C(OCC=C(Cl)Cl)(C(F)(F)F)O1,-6.5,360.1,4.44,47.6,1,3,3,3.83,0.811,0,2.25,0.354,EFAVIRENZ,0.123,novel,6.444
CHEMBL300267,CC(Nc1ccc(Cl)cc1)C(=O)OC1CC2CCC(C1)N2C,-6.44,322.8,3.31,41.6,1,4,4,3.9,0.864,0,2.4,0.5,HOMATROPINE,0.117,novel,6.444
CHEMBL10686,COc1ccc(CCCc2cc3c(cc2OC)OCO3)cc1,-6.47,300.4,3.61,36.9,0,4,6,1.93,0.816,0,2.33,0.36,PIPERONYL BUTOXIDE,0.08,novel,6.443
CHEMBL21802,CCN1CCC[C@H]1CNC(=O)c1cc(Cl)cc2c1OCC2,-6.41,308.8,2.49,41.6,1,3,4,2.85,0.929,0,2.5,0.456,SULPIRIDE,0.118,novel,6.443
CHEMBL289413,CCCn1c(=O)c2[nH]c(-c3ccccc3)cc2n(CCC)c1=O,-6.27,311.4,2.98,59.8,1,2,5,2.27,0.787,0,2.89,0.269,MEPHENYTOIN,0.153,novel,6.443
CHEMBL57507,Cc1cc(C(=O)NC2CC3CCC(C2)N3C)n2ccccc12,-6.46,297.4,2.6,36.8,1,2,2,3.99,0.925,0,2.35,0.483,GRANISETRON,0.156,novel,6.441
CHEMBL301484,COc1ccc(C2CC[C@H](c3ccc(OC)c(OC)c3)O2)cc1OC,-6.39,344.4,4.31,46.2,0,5,6,2.81,0.781,0,2.55,0.286,VERNAKALANT,0.075,novel,6.441
CHEMBL6437,CN1CCN2c3ccccc3Cc3ccccc3C2C1,-7.11,264.4,3.08,6.5,0,2,0,2.58,0.721,0,1.92,1.0,MIANSERIN,0.097,likely-known-drug-chemistry,6.44
CHEMBL31137,CN(Cc1cccc(Br)c1)c1ccc(C(=O)O)nc1,-6.33,321.2,3.18,53.4,1,3,4,2.14,0.94,0,2.72,0.275,ACIPIMOX,0.167,novel,6.439
CHEMBL428891,CC1(C)Oc2ccc(C#N)cc2[C@H](N(Cc2ncc[nH]2)c2ccccc2)[C@H]1O,-6.53,374.4,3.56,85.2,2,5,4,3.54,0.729,0,2.14,0.256,FINERENONE,0.106,novel,6.438
CHEMBL35095,Cc1[nH]c(C)c(C(=O)OC2CCN(Cc3ccccc3)CC2)c1C,-6.48,326.4,3.76,45.3,1,3,4,2.14,0.87,0,2.27,0.35,REVEFENACIN,0.141,novel,6.438
CHEMBL43747,CCn1cc(C(=O)O)c(=O)c2cc(F)c(-c3ccncc3)nc21,-6.4,313.3,2.32,85.1,1,4,3,2.41,0.802,0,2.52,0.577,NALIDIXIC ACID,0.151,novel,6.437
CHEMBL26743,CCn1cc(C(=O)O)c(=O)c2cc(Cl)c(N3CCN(C)CC3)cc21,-6.17,349.8,2.12,65.8,1,4,3,2.33,0.919,0,3.17,0.596,NORFLOXACIN,0.123,novel,6.436
CHEMBL418190,CCC(=O)C1C(c2ccc3ccccc3c2)CC2CCC1N2C,-6.72,307.4,4.39,20.3,0,2,3,4.11,0.838,0,1.59,0.387,COCAINE,0.171,novel,6.435
CHEMBL418569,O=C(O)c1cn(C2CC2)c2cc(N3CCOCC3)c(F)cc2c1=O,-6.29,332.3,2.01,71.8,1,4,3,2.37,0.931,0,2.81,0.769,CIPROFLOXACIN,0.095,novel,6.435
CHEMBL10753,COc1cc(NC(=O)COc2ccc(Cl)cc2)c(Cl)cc1C(=O)O,-6.54,370.2,3.72,84.9,2,4,6,1.82,0.81,0,2.1,0.325,LENVATINIB,0.156,novel,6.434
CHEMBL18744,CC(C)CCc1nc2c([nH]1)N1C(=N[C@@H]3CCC[C@@H]31)N(C)C2=O,-6.3,301.4,2.18,64.6,1,4,3,4.04,0.93,0,2.77,0.186,AMOBARBITAL,0.11,novel,6.434
CHEMBL22469,CCN1CCC[C@@H]1CNC(=O)c1cc(Cl)cc2c1OCCN2C,-6.3,337.9,2.38,44.8,1,4,4,2.96,0.916,0,2.77,0.443,SULPIRIDE,0.125,novel,6.434
CHEMBL6444,Cc1cc(CCCCCOc2ccc(C3=NCCO3)cc2Cl)on1,-6.27,348.8,4.21,56.9,0,5,8,2.6,0.671,0,2.88,0.224,ACORAMIDIS,0.086,novel,6.434
CHEMBL57667,COCc1ccccc1NC(=O)NC1CC2CCC(C1)N2C,-6.45,303.4,2.58,53.6,2,3,4,3.62,0.899,0,2.37,0.387,GRANISETRON,0.156,novel,6.433
CHEMBL27018,CCN1C(=O)N(C2CCN(Cc3ccccc3)CC2)[C@@H]2CCCC[C@H]21,-6.43,341.5,3.72,26.8,0,2,4,3.03,0.834,0,2.42,0.381,DONEPEZIL,0.132,novel,6.433
CHEMBL36643,COC(=O)COc1ccc(C(=O)Nc2ccc(F)cc2)cn1,-6.42,304.3,2.02,77.5,1,5,5,1.85,0.855,0,2.44,0.3,CABOZANTINIB,0.147,novel,6.433
CHEMBL294969,CS(=O)(=O)c1ccc(-n2cc(CN)nc2-c2ccc(Cl)cc2)cc1,-6.19,361.9,3.05,78.0,1,4,4,2.25,0.774,0,3.1,0.362,ETORICOXIB,0.082,novel,6.433
CHEMBL418175,Cc1c(N2CC[C@H](N)C2)c(F)cn2c(=O)c(C(=O)O)cc(C(C)C)c12,-6.49,347.4,2.11,88.0,2,4,3,3.24,0.888,0,2.25,0.395,BESIFLOXACIN,0.103,novel,6.432
CHEMBL21271,CCC(=O)C1(c2ccccc2)CCN(C2CCCCC2O)CC1,-6.46,315.5,3.3,40.5,1,3,4,3.14,0.927,0,2.32,0.423,MEPERIDINE,0.162,novel,6.432
CHEMBL37462,CN(C)CCc1c[nH]c2ccc(Cc3nc(N)ns3)cc12,-6.46,301.4,2.3,70.8,2,5,5,2.73,0.758,0,2.32,0.526,SUMATRIPTAN,0.105,novel,6.432
CHEMBL43163,CN1CCN(c2nc(-c3cccs3)cc(-c3cccs3)n2)CC1,-6.38,342.5,3.69,32.3,0,6,3,2.33,0.727,0,2.56,0.327,THENALIDINE,0.077,novel,6.432
CHEMBL19123,CCCC(=O)N1CCN(C2CCc3ccc(OC)cc32)CC1,-6.32,302.4,2.63,32.8,0,3,4,2.57,0.857,0,2.72,0.293,BENZQUINAMIDE,0.152,novel,6.432
CHEMBL29950,CCCS(=O)(=O)N(C)[C@H]1CCN2CCc3ccccc3[C@H]2C1,-6.24,322.5,2.42,40.6,0,3,4,3.19,0.855,0,2.96,0.306,RASAGILINE MESYLATE,0.152,novel,6.432
CHEMBL10259,CCC[C@H]1OC(=O)O[C@]1(Cn1cncn1)c1ccc(Cl)cc1,-6.09,321.8,3.16,66.2,0,5,5,3.67,0.791,0,3.37,0.316,ITRACONAZOLE,0.107,novel,6.432
CHEMBL8589,COc1ccc2c(c1)CCC=C2CCCN1CCNCC1,-6.56,286.4,2.71,24.5,1,3,5,2.48,0.901,0,2.03,0.316,TRIMETAZIDINE,0.072,novel,6.431
CHEMBL540195,CN1CCN2CC(c3ccc(O)cc3)c3ccccc3C2C1,-6.54,294.4,2.83,26.7,1,3,1,2.98,0.876,0,2.08,0.38,MIANSERIN,0.093,novel,6.431
CHEMBL21527,CCn1cc(C(=O)O)c(=O)c2cc(F)c(C3=NCCCO3)cc21,-6.4,318.3,2.03,80.9,1,4,3,2.78,0.939,0,2.5,0.524,NORFLOXACIN,0.129,novel,6.431
CHEMBL21588,CC(C)c1cccc(C(C)C)c1OC(=O)NS(=O)(=O)N1CCCCC1,-6.33,368.5,3.75,75.7,1,4,5,2.49,0.859,0,2.7,0.333,TOLAZAMIDE,0.149,novel,6.431
CHEMBL433452,O=C(N[C@H]1CN2CCC1CC2)c1cccc2ccccc12,-6.53,280.4,2.66,32.3,1,2,2,3.16,0.917,0,2.13,0.302,SOLIFENACIN,0.23,novel,6.43
CHEMBL51245,CC[C@@H]1CC(=O)CC23CCN(C)C(Cc4ccc(OC)cc42)[C@@H]13,-6.39,313.4,3.2,29.5,0,3,2,4.53,0.84,0,2.51,0.552,DEXTROMETHORPHAN,0.118,novel,6.43
CHEMBL35554,O=C1CCCC2Nc3ccnn3[C@@H](c3ccc(F)c(Br)c3)C12,-6.33,364.2,3.54,46.9,1,3,1,4.05,0.842,0,2.69,0.206,TEGAFUR,0.065,novel,6.43
CHEMBL44939,CNC(=O)Nc1cc2ccoc2cc1OCCN1CCCCC1,-6.37,317.4,3.05,66.7,2,4,5,2.33,0.889,0,2.58,0.328,BUFLOMEDIL,0.106,novel,6.429
CHEMBL7415,CCOC(=O)C1=C(O)C(=O)N(Cc2ccc(Cl)c(Cl)c2)C1,-6.12,330.2,2.71,66.8,1,4,4,2.39,0.862,0,3.28,0.31,CLOFOREX,0.113,novel,6.429
CHEMBL296039,NC(Cc1cnc(C2CCCCC2)n1Cc1ccccc1)C(=O)O,-6.42,327.4,2.93,81.1,2,3,6,2.79,0.855,0,2.42,0.339,AMPHETAMINE ASPARTATE,0.169,novel,6.426
CHEMBL26153,CCn1cc(C(=O)O)c(=O)c2cc(F)c(N3CCC(O)CC3)cc21,-6.54,334.3,1.82,82.8,2,4,3,2.4,0.895,0,2.08,0.755,NORFLOXACIN,0.134,novel,6.424
CHEMBL29929,CN(C)CC1CN(c2c(F)cc3c(=O)c(C(=O)O)cn(C4CC4)c3c2F)CCO1,-6.35,407.4,2.08,75.0,1,5,5,3.23,0.818,0,2.6,0.52,GATIFLOXACIN,0.106,novel,6.424
CHEMBL295981,CCOCc1ncn2c1CN(C)C(=O)c1cc(Cl)ccc1-2,-6.18,305.8,2.65,47.4,0,3,3,2.74,0.876,0,3.09,0.5,FLUMAZENIL,0.087,novel,6.424
CHEMBL43104,CN(C(=O)Cc1cccc2[nH]ccc12)[C@@H]1CCCC[C@H]1N1CCCC1,-6.44,339.5,3.58,39.3,1,2,4,3.13,0.925,0,2.35,0.288,INDORAMIN,0.147,novel,6.423
CHEMBL46154,CC(Oc1cccc(Cl)c1)C(=O)OC1CC2CCC(C1)N2C,-6.29,323.8,3.28,38.8,0,4,4,3.92,0.797,0,2.77,0.51,HOMATROPINE,0.127,novel,6.422
CHEMBL274788,CC(C)(C)C(=O)Oc1coc(COC2CCOCC2)cc1=O,-6.18,310.3,2.29,75.0,0,6,4,2.74,0.794,0,3.1,0.29,DIPIVEFRIN,0.111,novel,6.422
CHEMBL20935,c1ccc(CCNC2c3ccccc3Oc3ccccc32)nc1,-6.7,302.4,4.11,34.1,1,3,4,2.22,0.787,0,1.61,0.487,BETAHISTINE,0.096,novel,6.421
CHEMBL57005,CCN(CC)CC(=O)NC1CC(c2ccccc2)c2ccccc21,-6.57,322.5,3.72,32.3,1,2,6,2.9,0.879,0,1.97,0.388,LIDOCAINE,0.197,novel,6.42
CHEMBL283528,CCCCN1CCC[C@H]1CNC(=O)c1cc(Cl)cc2c1OCCN2C,-6.26,365.9,3.16,44.8,1,4,6,2.97,0.841,0,2.84,0.382,SULPIRIDE,0.148,novel,6.42
CHEMBL13425,CN1C[C@@H](C(=O)c2ccc(F)cc2)[C@H](c2ccc(F)cc2)C1,-6.55,301.3,3.49,20.3,0,2,3,2.77,0.809,0,2.03,0.302,KETANSERIN,0.113,novel,6.418
CHEMBL283825,c1ccc(C2(c3ccccc3)OC[C@H]([C@@H]3CCCN3)O2)cc1,-6.54,295.4,3.06,30.5,1,3,3,3.21,0.944,0,2.05,0.25,METHYLPHENIDATE,0.091,novel,6.416
CHEMBL46758,CC(NC(=O)OCC1c2ccccc2-c2ccccc21)C(=O)O,-6.43,311.3,3.0,75.6,2,3,4,2.45,0.91,0,2.36,0.31,RASAGILINE TARTRATE,0.206,novel,6.416
CHEMBL15767,CCc1c(F)c(N2CCC(N)C2)cc2c1c(=O)c(C(=O)O)cn2C1CC1,-6.41,359.4,2.27,88.6,2,4,4,3.26,0.874,0,2.43,0.574,GREPAFLOXACIN,0.124,novel,6.416
CHEMBL301535,CN(CCC(O)COc1ccccc1)CCN(C)c1ccccc1,-6.36,328.5,2.88,35.9,1,4,10,2.54,0.727,0,2.57,0.356,PHENOXYPROPAZINE,0.156,novel,6.416
CHEMBL11323,CCCN(CCC)C(=O)c1ccc2[nH]c(NC(=O)OC)nc2c1,-6.5,318.4,3.0,87.3,2,4,6,2.33,0.857,0,2.16,0.615,MEBENDAZOLE,0.139,novel,6.415
CHEMBL273261,CCOc1cc2c(cc1CCc1ccc(OC)cc1)OCO2,-6.44,300.4,3.61,36.9,0,4,6,1.95,0.816,0,2.33,0.346,PIPERONYL BUTOXIDE,0.078,novel,6.414
CHEMBL21620,c1ccc(CCc2cccc(N3CCNCC3)n2)cc1,-6.66,267.4,2.28,28.2,1,3,4,1.99,0.921,0,1.71,0.283,TOLAZOLINE,0.143,novel,6.413
CHEMBL299283,OCCN1CCN(Cc2ccc(-c3ccc(F)cc3)[nH]2)CC1,-6.64,303.4,1.93,42.5,2,3,5,2.21,0.887,0,1.76,0.27,BLONANSERIN,0.088,novel,6.413
CHEMBL266994,COc1ccc(Cl)c(C2(F)C(=O)Nc3cc(F)ccc32)c1,-6.54,309.7,3.65,38.3,1,2,2,2.96,0.919,0,2.02,0.25,OXYPHENISATIN ACETATE,0.075,novel,6.413
CHEMBL9543,CN(C)CCNC(=O)c1cccc2ccc(-c3ccccc3)nc12,-6.37,319.4,3.19,45.2,1,3,5,1.92,0.785,0,2.52,0.343,DIBUCAINE,0.212,novel,6.413
CHEMBL276953,COc1ccccc1N1CCN(CCNC(=O)c2ccsc2)CC1,-6.27,345.5,2.31,44.8,1,5,6,2.0,0.873,0,2.8,0.388,NAFTOPIDIL,0.146,novel,6.413
CHEMBL22058,CC(C)c1cccc(C(C)C)c1OC(=O)NS(=O)(=O)N1CCOCC1,-6.2,370.5,2.6,84.9,1,5,5,2.56,0.861,0,3.01,0.315,FOSPROPOFOL,0.13,novel,6.413
CHEMBL282325,OC(c1ccc(F)cc1)(c1ccc(Cl)cc1)c1cncnc1,-6.45,314.7,3.55,46.0,1,3,3,2.69,0.804,0,2.29,0.255,FLUCONAZOLE,0.087,novel,6.411
CHEMBL289192,CNC(=O)Nc1c(OCCN2CCCC2)c(OC)c2occc2c1OC,-6.3,363.4,2.68,85.2,2,6,7,2.73,0.787,0,2.71,0.308,BUFLOMEDIL,0.105,novel,6.41
CHEMBL25638,COc1cccc2c1[C@@H]1CCN(CCc3ccccc3)[C@H]1CC2,-6.63,307.4,4.04,12.5,0,2,4,2.87,0.845,0,1.78,0.303,METHOPHOLINE,0.108,novel,6.409
CHEMBL301040,Cc1cc(N2CCOCC2)nc2c(C)cc(Br)cc12,-6.43,321.2,3.45,25.4,0,3,1,2.25,0.804,0,2.35,0.242,MINAPRINE,0.074,novel,6.409
CHEMBL288457,O=C(O)CCSc1ccc(C(=O)Nc2ccc(F)cc2)cn1,-6.43,320.3,3.04,79.3,2,4,6,1.95,0.8,0,2.33,0.354,PIFLUFOLASTAT F18,0.176,novel,6.408
CHEMBL277828,CCCCC(=O)N1CCN(C2CCc3ccc(OC)cc32)CC1,-6.3,316.4,3.02,32.8,0,3,5,2.56,0.837,0,2.71,0.316,ESTRADIOL VALERATE,0.177,novel,6.408
CHEMBL441905,CN1[C@@H]2CC[C@H]1C[C@H](N(c1ccccc1)c1ccc(C(=O)O)cc1)C2,-6.51,336.4,4.15,43.8,1,3,4,3.89,0.911,0,2.11,0.42,HOMATROPINE,0.175,novel,6.407
CHEMBL278299,CC(/N=c1\c(O)c(O)\c1=N/c1cncc(Br)c1)C(C)(C)C,-6.25,352.2,2.7,78.1,2,5,2,4.11,0.872,0,2.84,0.217,PINACIDIL ANHYDROUS,0.078,novel,6.407
CHEMBL297412,Cc1nc(C)c(-c2ccnc(Nc3ccc(F)cc3)n2)s1,-6.56,300.4,4.1,50.7,1,5,3,2.17,0.791,0,1.96,0.292,MOMELOTINIB,0.077,novel,6.406
CHEMBL6206,O=C1O/C(=C/Br)CCC1c1cccc2ccccc12,-6.63,317.2,4.5,26.3,0,2,1,3.16,0.724,0,1.75,0.226,CARBARIL,0.21,novel,6.405
CHEMBL21328,CN(C)CCN(C)C(=O)C1=C/C(=C\c2cccnc2)c2ccccc21,-6.22,333.4,3.04,36.4,0,3,5,2.64,0.844,0,2.93,0.286,ZIMELDINE,0.153,novel,6.405
CHEMBL291668,COc1ccc([C@H]2CC[C@H](c3ccc(OC)c(OC)c3)O2)cc1OC,-6.35,344.4,4.31,46.2,0,5,6,2.81,0.781,0,2.55,0.286,VERNAKALANT,0.075,novel,6.404
CHEMBL15660,COc1ccc(CCNC(=O)C2=CC(C)(C)NC2(C)C)cc1OC,-6.3,332.4,2.45,59.6,2,4,6,2.55,0.84,0,2.69,0.347,GLYBURIDE,0.127,novel,6.404
CHEMBL6336,Cc1cc(O)c(O)c2oc(=O)c3ccc(F)cc3c12,-6.5,260.2,2.8,70.7,2,4,0,2.44,0.37,0,2.11,0.264,DIFLUNISAL,0.093,novel,6.403
CHEMBL33975,O=C(NCCc1cccs1)C1=Cc2ccncc2CC1,-6.43,284.4,2.83,42.0,1,3,4,2.58,0.938,0,2.33,0.294,ISONIAZID,0.123,novel,6.403
CHEMBL29289,CN(C)CCCN1c2ccccc2C(=O)Nc2cccnc21,-6.32,296.4,2.74,48.5,1,4,4,2.28,0.942,0,2.63,0.558,PROTHIPENDYL,0.127,novel,6.403
CHEMBL286682,CCCNc1ccc(S(=O)(=O)Nc2onc(C)c2C)cc1,-6.47,309.4,2.91,84.2,2,5,6,2.18,0.857,0,2.2,0.636,SULFISOXAZOLE,0.149,novel,6.402
CHEMBL46858,COc1cc2sn(CCCN3CCCCC3)c(=O)c2cc1OC,-6.13,336.5,2.96,43.7,0,5,6,2.43,0.813,0,3.17,0.407,BUFLOMEDIL,0.075,novel,6.402
CHEMBL274358,CC(=O)NCCc1cccc2ccc3c(c12)CCCO3,-6.5,269.3,2.84,38.3,1,2,3,2.25,0.93,0,2.1,0.439,AGOMELATINE,0.171,novel,6.401
CHEMBL273900,CC1(C)Oc2ccc(C#N)cc2[C@@H](N(Cc2ncc[nH]2)c2ccccc2)[C@@H]1O,-6.49,374.4,3.56,85.2,2,5,4,3.54,0.729,0,2.14,0.256,FINERENONE,0.106,novel,6.4
CHEMBL21327,COC(=O)c1ccc(-c2ccc(OC)c(OC3CCCC3)c2)cc1,-6.45,326.4,4.47,44.8,0,4,5,1.83,0.761,0,2.26,0.35,ADAPALENE,0.105,novel,6.4
CHEMBL39886,CN1CCC2(c3cccc(O)c3)CC1C[C@@H](NC(=O)c1ccccc1)C2,-6.37,350.5,3.32,52.6,2,3,3,4.07,0.893,0,2.49,0.338,ALVIMOPAN,0.145,novel,6.4
CHEMBL596,CCC(=O)N(c1ccccc1)C1CCN(CCc2ccccc2)CC1,-7.02,336.5,4.14,23.6,0,2,6,1.98,0.791,0,2.07,1.0,FENTANYL,0.164,likely-known-drug-chemistry,6.399
CHEMBL301813,COc1ccc(C(=O)Nc2cccnc2)cc1OC1CCCC1,-6.35,312.4,3.66,60.5,1,4,5,1.91,0.915,0,2.53,0.435,PICOTAMIDE,0.12,novel,6.399
CHEMBL50519,COc1ccc2ncnc(Nc3cccc(Br)c3)c2n1,-6.27,331.2,3.54,59.9,1,5,3,2.2,0.795,0,2.76,0.375,ERLOTINIB,0.113,novel,6.399
CHEMBL279389,CSC1=C2N=CN=C2N(Cc2ccc(Cl)cc2)C2=NCCN21,-6.12,331.8,2.8,43.6,0,6,3,3.39,0.855,0,3.21,0.246,MEDAZEPAM,0.078,novel,6.399
CHEMBL298958,COc1cccc(OC)c1CN1CC2CCCN2c2ccccc21,-6.46,324.4,3.69,24.9,0,4,4,2.69,0.856,0,2.24,0.293,MEPAZINE,0.099,novel,6.398
CHEMBL49665,CCCC[C@@]1(O)CCN2C[C@H](c3ccccc3)CC[C@@H]2C1,-6.77,287.4,3.95,23.5,1,2,4,3.27,0.906,0,1.32,0.274,LEVOCABASTINE,0.203,novel,6.397
CHEMBL13363,CC(C)Oc1cc2nc(C(=O)O)cn2c2cc(Cl)ccc12,-6.34,304.7,3.63,63.8,1,3,3,2.55,0.802,0,2.55,0.29,CARPROFEN,0.139,novel,6.397
CHEMBL24374,COc1c(C(C)(C)C)cc(Cc2cnc(N)nc2N)cc1C(C)(C)C,-6.56,342.5,3.84,87.0,2,5,3,2.6,0.885,0,1.92,0.69,TRIMETHOPRIM,0.064,novel,6.396
CHEMBL41246,COc1cc2c(cc1OC)[C@@H]1C(=O)c3ccccc3O[C@@H]1CS2,-6.26,328.4,3.54,44.8,0,5,2,3.33,0.844,0,2.8,0.286,DONEPEZIL,0.099,novel,6.396
CHEMBL24857,CCNC(=O)OCc1cn2c(c1COC(=O)NCC)-c1ccccc1CC2C,-6.53,385.5,3.76,81.6,2,4,6,3.25,0.793,0,2.01,0.25,QUINAPRIL,0.146,novel,6.394
CHEMBL23016,Cc1ccc(C(=O)N(C)[C@H]2CCCC[C@@]23CCCN3C)cc1,-6.5,300.4,3.47,23.6,0,2,2,3.73,0.835,0,2.11,0.298,PYROVALERONE,0.097,novel,6.394
CHEMBL9404,O=C(c1ccc(Cl)cc1)c1ccc2n1CCCC2C(=O)O,-6.32,303.7,3.33,59.3,1,2,3,2.71,0.885,0,2.61,0.651,KETOROLAC,0.118,novel,6.393
CHEMBL285040,CC(=O)Nc1nc(O)c(Br)c(-c2ccccc2)n1,-6.38,308.1,2.57,75.1,2,4,2,2.26,0.894,0,2.43,0.395,ACETANILIDE,0.161,novel,6.392
CHEMBL45958,CCN1c2ncccc2-c2nnc(CN(C)C)n2-c2cccnc21,-6.06,321.4,2.26,63.0,0,6,3,2.69,0.737,0,3.36,0.333,PROTHIPENDYL,0.096,novel,6.392
CHEMBL20463,CC(C)(C)[C@H]1CC[C@@H](O)[C@H](N2CCC(c3ccccc3)CC2)C1,-6.77,315.5,4.44,23.5,1,2,2,3.19,0.872,0,1.31,0.296,NEFOPAM,0.122,novel,6.391
CHEMBL267573,CC(C)c1cccc(C(C)C)c1N1CNC(Cc2ccccc2)C1=O,-6.64,336.5,4.44,32.3,1,2,5,2.97,0.875,0,1.69,0.295,AMPHETAMINE,0.152,novel,6.391
CHEMBL282935,CCCCN1CCC[C@@H]1CNC(=O)c1cc(Cl)cc2c1OCC(=O)N2C,-6.06,379.9,2.69,61.9,1,4,6,3.01,0.825,0,3.34,0.372,SULPIRIDE,0.144,novel,6.391
CHEMBL22178,CCCn1c(=O)c2c(nc(-c3ccccc3)n2C)n(CCC)c1=O,-6.03,326.4,2.38,61.8,0,3,5,2.26,0.723,0,3.45,0.361,ISTRADEFYLLINE,0.155,novel,6.391
CHEMBL285214,C[C@H](NC(=O)c1ccc(Cl)c(-c2ccc(Cl)cc2)c1)C(=O)O,-6.42,338.2,3.86,66.4,2,2,4,2.2,0.889,0,2.33,0.328,BENOXAPROFEN,0.172,novel,6.39
CHEMBL43517,CCOC(=O)Nc1cc2c(c(N)n1)N=C(c1ccccc1)C(C)(C)S2,-6.61,356.5,4.24,89.6,2,6,3,2.9,0.858,0,1.77,0.362,FLUPIRTINE,0.155,novel,6.389
CHEMBL283743,CCn1cc(C(=O)O)c(=O)c2cc(F)c(-c3cocn3)cc21,-6.35,302.3,2.51,85.3,1,4,3,2.74,0.803,0,2.52,0.525,NORFLOXACIN,0.134,novel,6.389
CHEMBL19056,CC1(O)OC(=O)C(c2ccsc2)=C1c1ccc(S(C)(=O)=O)cc1,-6.19,350.4,2.33,80.7,1,6,3,3.16,0.859,0,2.96,0.352,ROFECOXIB,0.113,novel,6.389
CHEMBL284611,OC1(c2ccccc2)C2CCC1CN(Cc1ccccc1)C2,-6.64,293.4,3.42,23.5,1,2,3,3.52,0.937,0,1.67,0.286,BENZYL ALCOHOL,0.132,novel,6.388
CHEMBL417991,Cc1cccc(C)c1OCC(C)NC(=O)C1=CC(C)(C)NC1(C)C,-6.43,330.5,3.27,50.4,2,3,5,3.24,0.871,0,2.29,0.396,MEXILETINE,0.171,novel,6.388
CHEMBL275650,CC1(O)OC(=O)C(c2cccs2)=C1c1ccc(S(C)(=O)=O)cc1,-6.19,350.4,2.33,80.7,1,6,3,3.11,0.859,0,2.96,0.352,ROFECOXIB,0.103,novel,6.388
CHEMBL21410,COc1ccc2cc(C(C)C(=O)C[C@H](O)C(=O)O)ccc2c1,-6.5,302.3,2.36,83.8,2,4,6,2.96,0.855,0,2.07,0.692,NAPROXEN,0.19,novel,6.387
CHEMBL26521,O=C1N[C@@H]2CCCC[C@H]2N1C1CCN(Cc2ccccc2)CC1,-6.4,313.4,2.99,35.6,1,2,3,2.95,0.931,0,2.36,0.349,DONEPEZIL,0.118,novel,6.387
CHEMBL269171,COc1cccc2c1CCC[C@H]2CN(C)CCc1ccc2c(c1)COC2,-6.5,351.5,4.32,21.7,0,3,6,3.0,0.774,0,2.06,0.286,VERAPAMIL,0.084,novel,6.386
CHEMBL10594,O=C(c1ccc(Cl)cc1)C(O)(Cn1cncn1)C1CCCC1,-6.12,319.8,2.74,68.0,1,4,5,3.06,0.86,0,3.15,0.345,FLUCONAZOLE,0.099,novel,6.385
CHEMBL490,Fc1ccc([C@@H]2CCNC[C@H]2COc2ccc3c(c2)OCO3)cc1,-6.88,329.4,3.33,39.7,1,4,4,2.99,0.934,0,2.41,1.0,PAROXETINE,0.077,likely-known-drug-chemistry,6.384
CHEMBL10152,COc1cccc2c1CCC[C@H]2CN(C)CCc1ccc2c(c1)C=CS2(=O)=O,-6.35,397.5,4.05,46.6,0,4,6,3.36,0.738,0,2.5,0.274,IVABRADINE,0.091,novel,6.384
CHEMBL25675,CCOc1ccc(-n2c(C)c3c(C)nnc(OC)c3c2C)cc1,-6.31,311.4,3.75,49.2,0,4,4,2.45,0.736,0,2.62,0.286,PHENACETIN,0.092,novel,6.384
CHEMBL285457,CCOC(=O)c1nc2c(O)n(CC)nc(-c3ccccc3)c-2c1C,-6.28,325.4,3.26,77.2,1,5,4,2.59,0.745,0,2.7,0.323,ETOMIDATE,0.155,novel,6.384
CHEMBL9552,CCOc1ccc(Sc2ccc(NC3=NCCN3)cc2)cc1,-6.58,313.4,3.61,45.6,2,5,5,2.28,0.885,0,1.84,0.367,CLONIDINE,0.09,novel,6.38
CHEMBL267938,Cc1occc1Sc1cncc2sc(C(N)=O)cc12,-6.36,290.4,3.45,69.1,1,5,3,3.02,0.802,0,2.46,0.231,PYRAZINAMIDE,0.125,novel,6.38
CHEMBL26154,CCn1cc(C(=O)O)c(=O)c2cc(F)c(N3CCOCC3)cc21,-6.33,320.3,1.7,71.8,1,4,3,2.31,0.932,0,2.53,0.769,NORFLOXACIN,0.136,novel,6.38
CHEMBL14717,CC(=O)Nc1cc2c(c(N3CCCC3)c1C#N)C[C@H](O)C(C)(C)O2,-6.46,329.4,2.19,85.6,2,5,2,3.38,0.869,0,2.18,0.219,ACETARSONE,0.127,novel,6.379
CHEMBL14048,CN1C[C@H](CNC(=O)c2ccccc2)C[C@@H]2c3cccc4[nH]cc(c34)C[C@H]21,-6.4,359.5,3.56,48.1,2,2,3,3.35,0.751,0,2.34,0.514,PERGOLIDE MESYLATE,0.165,novel,6.379
CHEMBL48980,CCN(CC)CC1CCCN1CC(=O)N1c2ccccc2C(=O)Nc2cccnc21,-6.22,407.5,3.12,68.8,1,5,6,3.11,0.797,0,2.85,0.603,PIRENZEPINE,0.14,novel,6.379
CHEMBL49100,CC[C@]1(O)CCN2C[C@@H](c3ccc(Cl)cc3Cl)CC[C@@H]2C1,-6.73,328.3,4.48,23.5,1,2,2,3.46,0.865,0,1.4,0.257,LULICONAZOLE,0.11,novel,6.377
CHEMBL59529,CCCn1c(=O)c2nc(NC3CCCCC3)[nH]c2n(CCC)c1=O,-6.38,333.4,2.45,84.7,2,4,6,2.68,0.85,0,2.38,0.246,ROPIVACAINE,0.1,novel,6.377
CHEMBL278511,Cc1cccc(C)c1OCC(C)NC(=O)C1CC(C)(C)NC1(C)C,-6.42,332.5,3.35,50.4,2,3,5,3.4,0.869,0,2.26,0.38,MEXILETINE,0.152,novel,6.376
CHEMBL60580,Cc1cc(C)nc(NS(=O)(=O)c2cc(Cl)ccc2Cl)n1,-6.2,332.2,3.2,72.0,1,4,3,2.1,0.937,0,2.91,0.5,SULFAMETHAZINE,0.097,novel,6.376
CHEMBL31223,CCOC(=O)c1ccc(NCCc2ccc(Cl)cc2)cc1,-6.63,303.8,4.17,38.3,1,3,6,1.59,0.814,0,1.68,0.471,BENZONATATE,0.153,novel,6.375
CHEMBL20996,CCCCC(C)(C)C(=O)NCCN1CCN(c2ccc(Cl)cc2)CC1,-6.41,365.9,3.79,35.6,1,3,8,2.13,0.761,0,2.29,0.429,MOCLOBEMIDE,0.182,novel,6.375
CHEMBL53062,COc1cc2c(Nc3cccc(Br)c3)ncnc2cn1,-6.25,331.2,3.54,59.9,1,5,3,2.26,0.795,0,2.76,0.419,ERLOTINIB,0.097,novel,6.375
CHEMBL33216,O=C1CCC2C3Cc4cccc(O)c4C2(CCN3CC2CC2)C1,-6.37,311.4,3.04,40.5,1,3,2,4.38,0.912,0,2.42,0.417,SAMIDORPHAN,0.103,novel,6.374
CHEMBL431928,CC(CN1CCOCC1)C(C(=O)N1CCCC1)(c1ccccc1)c1ccccc1,-6.33,392.5,3.56,32.8,0,3,6,2.88,0.754,0,2.51,0.577,DEXTROMORAMIDE,0.192,novel,6.373
CHEMBL53483,CCCN1CCc2cc3c(cc2[C@H]1Cc1ccccc1)OCO3,-6.56,309.4,3.97,21.7,0,3,4,2.68,0.853,0,1.87,0.307,NOSCAPINE,0.127,novel,6.372
CHEMBL40011,CC1N=CN(Nc2cccc(Cl)c2)C1c1cccc(C(=O)O)c1,-6.41,329.8,3.84,64.9,2,4,4,3.52,0.894,0,2.29,0.3,BUPROPION,0.122,novel,6.372
CHEMBL22693,Nc1nc(N)c(-c2ccccc2)c(CCCc2ccccc2)n1,-6.52,304.4,3.48,77.8,2,4,5,2.02,0.756,0,1.98,0.442,PYRIMETHAMINE,0.13,novel,6.371
CHEMBL30282,CN(Cc1ccc(Cl)c(Cl)c1)c1ccc(C(=O)O)nc1,-6.39,311.2,3.72,53.4,1,3,4,2.14,0.935,0,2.33,0.281,ALCLOFENAC,0.149,novel,6.371
CHEMBL42531,CCCN(c1ccncc1F)n1cc(C)c2cc(OC(=O)NC)ccc21,-6.24,356.4,3.88,59.4,1,4,5,3.02,0.754,0,2.79,0.263,PHYSOSTIGMINE,0.132,novel,6.371
CHEMBL45738,COc1ccc(C(=O)Nc2cnccn2)cc1OC1CCCC1,-6.23,313.4,3.06,73.3,1,5,5,2.09,0.918,0,2.79,0.369,PICOTAMIDE,0.107,novel,6.371
CHEMBL32,COc1c(N2C[C@@H]3CCCN[C@@H]3C2)c(F)cc2c(=O)c(C(=O)O)cn(C3CC3)c12,-6.93,401.4,2.37,83.8,2,5,4,3.51,0.819,0,2.22,1.0,MOXIFLOXACIN,0.093,likely-known-drug-chemistry,6.369
CHEMBL277631,CCN1CCCC1c1ccc(-c2cc(S(=O)(=O)CC)ccc2OC)[nH]1,-6.16,362.5,3.64,62.4,1,4,6,3.11,0.852,0,3.0,0.408,SULPIRIDE,0.079,novel,6.369
CHEMBL18079,CC1CCC(C)N1CC(O)COC(c1ccccc1)c1ccccc1,-6.52,339.5,4.03,32.7,1,3,7,3.15,0.827,0,1.96,0.37,DIPHENYLPYRALINE,0.191,novel,6.368
CHEMBL24155,COc1c(C)cc(Cc2cnc(N)nc2N)cc1C(C)(C)C,-6.48,300.4,2.85,87.0,2,5,3,2.49,0.91,0,2.09,0.63,TRIMETHOPRIM,0.061,novel,6.368
CHEMBL33869,COc1ccc2c(c1)c(CCNC(C)=O)cn2-c1ccccc1,-6.4,308.4,3.32,43.3,1,2,5,2.02,0.786,0,2.3,0.566,AGOMELATINE,0.167,novel,6.368
CHEMBL275996,CC1CCN(CC[C@@H](C)N(C)S(=O)(=O)c2ccc(Cl)c(Cl)c2)CC1,-6.38,393.4,4.12,40.6,0,3,6,2.73,0.73,0,2.37,0.284,THIOTHIXENE,0.099,novel,6.368
CHEMBL268603,COc1ccc(C(NC(C)=O)c2ccc(C(C)C)cc(=O)c2O)cc1,-6.31,341.4,3.11,75.6,2,4,5,2.69,0.876,0,2.57,0.385,NAPROXEN SODIUM,0.145,novel,6.368
CHEMBL8482,COc1cc2cc(N3CCCCC3)nc(N)c2cc1OC,-6.24,287.4,2.82,60.6,1,5,3,2.17,0.94,0,2.78,0.4,MINOXIDIL,0.059,novel,6.367
CHEMBL279225,CN(C)CCN(C)C(=O)C1=C/C(=C\c2ccccn2)c2ccccc21,-6.18,333.4,3.04,36.4,0,3,5,2.67,0.844,0,2.93,0.354,METHAPYRILENE FUMARATE,0.157,novel,6.367
CHEMBL283980,CC(C)c1cccc(C(C)C)c1OS(=O)(=O)NC(=O)Oc1ccc(F)cc1,-6.54,395.5,4.48,81.7,1,5,6,2.45,0.78,0,1.92,0.321,FOSPROPOFOL,0.147,novel,6.366
CHEMBL36930,O=C(NCCc1c(F)cccc1F)Nc1ccc(Cl)cn1,-6.46,311.7,3.38,54.0,2,2,4,2.07,0.909,0,2.14,0.292,BETRIXABAN,0.132,novel,6.365
CHEMBL413094,CC(=O)O[C@H]1CCC2C3CC[C@H]4NC(=O)CCCC4(C)C3CCC21C,-6.28,347.5,3.83,55.4,1,3,1,4.17,0.734,0,2.65,0.415,DROMOSTANOLONE PROPIONATE,0.088,novel,6.365
CHEMBL19442,COc1ccc2cccc(N3CCN(C(=O)C4CC4)CC3)c2c1,-6.25,310.4,2.91,32.8,0,3,3,1.89,0.874,0,2.72,0.397,AGOMELATINE,0.174,novel,6.365
CHEMBL50221,Oc1nncc2c(Br)nc(Cc3ccccc3)n12,-6.23,305.1,2.18,63.3,1,4,2,2.89,0.788,0,2.77,0.25,BENZYL ALCOHOL,0.138,novel,6.365
CHEMBL289882,COC(=O)C(C)Oc1ccc(N(C)c2ncc(Cl)cn2)cc1,-5.96,321.8,2.84,64.6,0,6,5,2.81,0.789,0,3.57,0.292,BETRIXABAN,0.132,novel,6.364
CHEMBL6201,Cn1c(CC(=O)O)cc(CO)c1C(=O)c1ccc(Cl)cc1,-6.49,307.7,2.03,79.5,2,3,5,2.43,0.828,0,2.03,0.721,ZOMEPIRAC,0.152,novel,6.363
CHEMBL275976,CCOc1cc2c(cc1CCCc1ccc(OC)cc1)OCO2,-6.42,314.4,4.0,36.9,0,4,7,1.99,0.774,0,2.24,0.358,PIPERONYL BUTOXIDE,0.09,novel,6.363
CHEMBL43783,COc1ccc(N2C[C@@H](CN3CCC(O)(c4ccc(F)cc4)CC3)OC2=O)cc1,-6.18,400.5,3.14,62.2,1,5,5,2.81,0.836,0,2.93,0.357,HALOPERIDOL,0.113,novel,6.363
CHEMBL298000,CCCOc1cc(C(=O)Nc2c(F)cccc2F)ccc1OC,-6.46,321.3,4.01,47.6,1,3,6,1.8,0.874,0,2.13,0.353,ROFLUMILAST,0.189,novel,6.362
CHEMBL280600,CN(C)CCC(=O)N1c2ccccc2NC(=O)c2ccccc21,-6.23,309.4,2.87,52.7,1,3,3,2.23,0.948,0,2.77,0.443,PIRENZEPINE,0.185,novel,6.362
CHEMBL289735,CCCSC1=NC(=O)C2(CC(C)(C)Oc3ccc(C#N)cc32)N1,-6.16,329.4,2.94,74.5,1,5,2,4.17,0.903,0,2.98,0.258,ALECTINIB,0.093,novel,6.362
CHEMBL21296,O=C1N(CC2CC2)[C@@H](Cc2ccccc2)C(O)[C@H](Cc2ccccc2)N1CC1CC1,-6.53,404.6,4.13,43.8,1,2,8,3.22,0.719,0,1.93,0.346,TRIMETHAPHAN,0.145,novel,6.361
CHEMBL38288,COc1ccccc1N1CCN(C[C@@H](C(=O)NC(C)(C)C)c2ccccc2)CC1,-6.37,395.5,3.52,44.8,1,4,6,2.56,0.813,0,2.37,0.492,NAFTOPIDIL,0.227,novel,6.361
CHEMBL280307,CCCC(CCC)c1nc2c([nH]1)N1C(=N[C@@H]3CCC[C@@H]31)N(C)C2=O,-6.15,329.4,3.28,64.6,1,4,5,4.16,0.901,0,2.99,0.208,PERINDOPRIL,0.099,novel,6.361
CHEMBL10654,OC1CCN(Cc2ccc(CN3CCC(O)CC3)cc2)CC1,-6.61,304.4,1.6,46.9,2,4,4,1.96,0.887,0,1.68,0.412,PLERIXAFOR,0.091,novel,6.36
CHEMBL279743,Cc1cc(C)nc(NC(=O)c2cc(Br)cc(Br)c2O)n1,-6.46,401.1,3.58,75.1,2,4,2,2.3,0.807,0,2.11,0.561,TRIBROMSALAN,0.111,novel,6.36
CHEMBL39108,CCC(CCc1ccc(O)c(OC)c1)OC(=O)NCCc1ccccc1,-6.38,357.5,4.08,67.8,2,4,9,2.54,0.709,0,2.35,0.373,CAPSAICIN,0.177,novel,6.36
CHEMBL35979,CCN1c2cc(Cl)c(C)cc2S(=O)(=O)N(C)c2cccnc21,-6.08,337.8,3.34,53.5,0,4,1,2.78,0.801,0,3.19,0.284,PIROXICAM,0.098,novel,6.36
CHEMBL441436,CC1(C)C=C(c2ccccn2)c2cc(Br)ccc2C1=O,-6.52,328.2,4.5,30.0,0,2,1,2.57,0.771,0,1.93,0.444,BROMAZEPAM,0.091,novel,6.359
CHEMBL38211,CCCNC1=NC(=O)C2(CC(C)(C)Oc3ccc(F)cc32)N1,-6.39,305.4,2.07,62.7,2,4,2,4.03,0.878,0,2.3,0.224,REPOTRECTINIB,0.131,novel,6.358
CHEMBL295555,Cc1cc(CO)cc(N(CCN(C(C)C)C(C)C)C(=O)N(C)C)n1,-6.09,336.5,2.49,59.9,1,4,7,2.86,0.831,0,3.16,0.303,FESOTERODINE,0.147,novel,6.358
CHEMBL13050,O=C(OC1CN2CCC1CC2)C(O)(c1ccccc1)C1CCCC1,-6.15,329.4,2.7,49.8,1,4,4,3.9,0.863,0,2.98,0.528,GLYCOPYRRONIUM,0.145,novel,6.357
CHEMBL22772,CCCCN1CCC[C@H]1CNC(=O)c1cc(Cl)cc2c1OCC2,-6.3,336.9,3.27,41.6,1,3,6,2.85,0.867,0,2.55,0.387,SULPIRIDE,0.149,novel,6.356
CHEMBL269366,CN1Cc2c(C(=O)OC(C)(C)C)ncn2-c2ccsc2C1=O,-5.97,319.4,2.47,64.4,0,5,1,2.94,0.758,0,3.49,0.455,FLUMAZENIL,0.094,novel,6.356
CHEMBL36683,CCCn1c(=O)c2c(cc(-c3ccccc3)n2C)n(CCC)c1=O,-6.09,325.4,2.99,48.9,0,2,5,2.4,0.724,0,3.17,0.277,ISTRADEFYLLINE,0.155,novel,6.354
CHEMBL298426,COc1ccc(C(=O)Nc2c(C)nsc2C)cc1OC1CCCC1,-6.33,346.5,4.34,60.5,1,5,5,2.36,0.875,0,2.47,0.342,ROFLUMILAST,0.119,novel,6.353
CHEMBL288334,C=Cn1cc(C(=O)O)c(=O)c2cc(F)c(-c3ccncc3)nc21,-6.3,311.3,2.4,85.1,1,4,3,2.74,0.803,0,2.54,0.368,ENOXACIN,0.153,novel,6.352
CHEMBL293988,COc1cc2c(cc1OC)C(c1cc(OC)c(OC)c(OC)c1)[C@H]1COC[C@@H]1C2,-6.19,400.5,3.68,55.4,0,6,6,3.49,0.737,0,2.87,0.393,PODOFILOX,0.076,novel,6.352
CHEMBL292206,CN1CCN(c2nc(-c3ccsc3)cc(-c3cccs3)n2)CC1,-6.29,342.5,3.69,32.3,0,6,3,2.42,0.727,0,2.56,0.279,THENALIDINE,0.082,novel,6.351
CHEMBL277564,NC(=O)N1CCN(C2=Nc3ccc(Cl)cc3CC=C2c2ccccc2)CC1,-6.22,380.9,3.71,61.9,1,3,1,2.57,0.819,0,2.78,0.386,LOXAPINE SUCCINATE,0.117,novel,6.351
CHEMBL266800,Cc1cc(CCCCCOc2ccc(C3=NCCO3)cc2)on1,-6.16,314.4,3.55,56.9,0,5,8,2.48,0.699,0,2.93,0.271,PRAMOXINE,0.092,novel,6.351
CHEMBL289787,COc1cccc2c(Nc3cccc(Br)c3)ncnc12,-6.45,330.2,4.14,47.0,1,4,3,1.98,0.784,0,2.13,0.393,ERLOTINIB,0.101,novel,6.35
CHEMBL300288,CCCN1C(=O)c2ccccc2S(=O)(=O)c2ccccc21,-6.09,301.4,2.89,54.5,0,3,2,2.17,0.857,0,3.13,0.413,DIBENZEPIN,0.145,novel,6.349
CHEMBL23565,COc1ccc(Nc2ccccc2C(=O)O)cc1C(F)(F)F,-6.56,311.3,4.16,58.6,2,3,4,1.89,0.89,0,1.8,0.417,MEFENAMIC ACID,0.197,novel,6.348
CHEMBL20631,CN(C)C1CCCN(C2c3ccccc3Oc3ccccc32)C1,-6.54,308.4,3.91,15.7,0,3,2,2.74,0.836,0,1.86,0.346,ASENAPINE,0.088,novel,6.347
CHEMBL269075,CONC(=O)c1cc2c(Sc3ccc(C)cc3)cncc2s1,-6.39,330.4,4.05,51.2,1,5,4,2.63,0.733,0,2.27,0.244,AXITINIB,0.123,novel,6.347
CHEMBL285824,O=C(O)c1ccc(NCc2cccc(Br)c2)cn1,-6.34,307.1,3.15,62.2,2,3,4,1.94,0.911,0,2.41,0.281,ISOCARBOXAZID,0.152,novel,6.347
CHEMBL294851,CN1C2CCC1CC(NC(=O)c1ccc3ccccn13)C2,-6.47,283.4,2.29,36.8,1,2,2,4.02,0.918,0,2.05,0.464,GRANISETRON,0.164,novel,6.346
CHEMBL10215,COc1ccc(CCCc2cc(OC)c(OC)c(OC)c2)cc1O,-6.25,332.4,3.6,57.2,1,5,8,1.95,0.8,0,2.68,0.333,DOPAMINE,0.1,novel,6.344
CHEMBL288061,CCCOc1ccccc1-c1nc2c(c(C)nn2CCC)c(=O)[nH]1,-6.21,326.4,3.29,72.8,1,4,6,2.4,0.754,0,2.79,0.298,SILDENAFIL,0.119,novel,6.343
CHEMBL50578,OC1CCCc2nc3ccccc3c(NCCc3ccccc3)c21,-6.65,318.4,4.26,45.2,2,3,4,2.66,0.755,0,1.52,0.34,TACRINE,0.157,novel,6.341
CHEMBL40700,Cc1cc2c(cc1C)Sc1cscc1C(N1CCN(C)CC1)=N2,-6.47,343.5,4.16,18.8,0,5,0,2.94,0.716,0,2.04,0.397,OLANZAPINE,0.041,novel,6.341
CHEMBL23367,CC(C)N(CCC1(c2ccccc2)C(=O)NCN2CCCCC21)C(C)C,-6.29,357.5,3.38,35.6,1,3,6,3.66,0.848,0,2.55,0.314,BARBEXACLONE,0.132,novel,6.341
CHEMBL427815,Cc1c(Nn2c(C)ccc2C)nnc(N2CCOCC2)c1C,-6.28,301.4,2.22,55.2,1,5,3,2.89,0.942,0,2.58,0.305,MINAPRINE,0.08,novel,6.341
CHEMBL55953,COc1cccc(C(=O)NC2(C(=O)c3cc(C)cc(C)c3)CC2)c1C,-6.28,337.4,3.77,55.4,1,3,5,2.34,0.845,0,2.59,0.281,PICOTAMIDE,0.147,novel,6.341
CHEMBL283139,COc1ccc2c(c1)OCC1c3cc(O)c(OC)cc3OC21,-6.23,300.3,3.02,57.2,1,5,2,3.19,0.924,0,2.71,0.286,OXYBENZONE,0.096,novel,6.341
CHEMBL25074,CN1C[C@@H](NC(=O)C(C)(C)C)CC2c3cccc4[nH]c(Cl)c(c34)C[C@H]21,-6.38,359.9,3.7,48.1,2,2,1,3.8,0.815,0,2.27,0.301,PERGOLIDE MESYLATE,0.126,novel,6.339
CHEMBL27945,CCC1CCN(C)c2cc3nc(O)cc(C(F)(F)F)c3cc21,-6.61,310.3,4.29,36.4,1,3,1,3.4,0.853,0,1.63,0.23,MEFLOQUINE,0.11,novel,6.338
CHEMBL55473,CCCOc1cccc(-c2nc(N)nc(O)c2Br)c1,-6.35,324.2,2.98,81.3,2,5,4,2.37,0.903,0,2.36,0.246,PROPOXYCAINE,0.115,novel,6.338
CHEMBL430585,CCOC(=O)c1c(NC(=O)N2CCOCC2)sc2c1CCN(C(C)=O)C2,-6.36,381.5,1.69,88.2,1,6,3,2.41,0.805,0,2.33,0.286,MOLSIDOMINE,0.094,novel,6.336
CHEMBL18964,CCC(CC)c1nc2c([nH]1)N1C(=N[C@@H]3CCC[C@@H]31)N(C)C2=O,-6.14,301.4,2.5,64.6,1,4,3,4.19,0.933,0,2.95,0.183,LEVETIRACETAM,0.112,novel,6.336
CHEMBL12264,Cc1cccc(S(=O)(=O)N(C)[C@H](C)CCN2CCC(C)CC2)c1,-6.12,338.5,3.13,40.6,0,3,6,2.67,0.8,0,3.02,0.284,THIOTHIXENE,0.122,novel,6.336
CHEMBL10642,CCOc1cc2c(cc1C/C=C/c1ccc(OC)cc1)OCO2,-6.41,312.4,4.08,36.9,0,4,6,2.2,0.805,0,2.18,0.298,PIPERONYL BUTOXIDE,0.113,novel,6.335
CHEMBL16739,Cc1c(N2CC[C@H](N)C2)c(F)cn2c(=O)c(C(=O)O)cc(CC(C)(C)C)c12,-6.31,375.4,2.57,88.0,2,4,3,3.38,0.861,0,2.48,0.385,BESIFLOXACIN,0.111,novel,6.335
CHEMBL298281,CNS(=O)(=O)c1ccc(-n2cccc2-c2ccc(F)cc2)cc1,-6.21,330.4,3.19,51.1,1,2,4,2.07,0.799,0,2.75,0.283,CELECOXIB,0.107,novel,6.335
CHEMBL47853,CCN(CC)Cc1ncn2c1CN(C)C(=O)c1cc(Cl)ccc1-2,-6.09,332.8,2.95,41.4,0,3,4,2.75,0.864,0,3.09,0.462,FLUMAZENIL,0.082,novel,6.334
CHEMBL35226,CCCN1CCC(COc2nc3ccccc3c3c2CCCN3)CC1,-6.46,339.5,4.09,37.4,1,4,5,2.53,0.89,0,2.03,0.27,TACRINE,0.125,novel,6.333
CHEMBL296687,CCCc1cc2c(cc1Cl)N(C(=O)Nc1cccnc1)CC2,-6.51,315.8,4.28,45.2,1,2,3,2.3,0.918,0,1.88,0.275,IMATINIB,0.169,novel,6.332
CHEMBL44206,CCOc1cc2c(cc1Cl)N(C(=O)Nc1cccnc1)CC2,-6.33,317.8,3.73,54.5,1,3,3,2.19,0.938,0,2.41,0.304,LORATADINE,0.14,novel,6.329
CHEMBL44827,CC(Oc1ccccc1Cl)C(=O)OC1CC2CCC(C1)N2C,-6.2,323.8,3.28,38.8,0,4,4,3.89,0.797,0,2.77,0.551,HOMATROPINE,0.13,novel,6.328
CHEMBL6482,CCCCN1CCN2CC(c3ccccc3)c3ccccc3C2C1,-6.55,320.5,4.29,6.5,0,2,4,2.86,0.829,0,1.76,0.385,NOMIFENSINE,0.164,novel,6.327
CHEMBL39755,CN1CCC(C)(OC(=O)c2ccccc2-c2ccccc2)CC1,-6.45,309.4,3.99,29.5,0,3,3,2.2,0.803,0,2.03,0.392,MEPERIDINE,0.154,novel,6.326
CHEMBL42641,CCCc1c2c(c(O)c3c(=O)cc(C(=O)O)oc13)CCCC2,-6.47,302.3,3.03,87.7,2,4,3,2.76,0.91,0,1.99,0.433,NEDOCROMIL,0.128,novel,6.324
CHEMBL726,OCCN1CCN(CCCN2c3ccccc3Sc3ccc(C(F)(F)F)cc32)CC1,-7.24,437.5,4.31,30.0,1,5,6,2.42,0.728,0,1.22,1.0,FLUPHENAZINE,0.138,likely-known-drug-chemistry,6.323
CHEMBL416764,CCOC(=O)C1C2CC[C@H](C[C@@H]1OC(=O)c1ccccc1)N2C,-6.06,317.4,2.26,55.8,0,5,4,3.98,0.797,0,3.16,0.776,COCAINE,0.167,novel,6.323
CHEMBL37952,COc1ccc(C2CCC(OC/C=C/c3cccnc3)O2)cc1OC,-6.19,341.4,4.01,49.8,0,5,7,3.25,0.762,0,2.77,0.274,PICOTAMIDE,0.099,novel,6.32
CHEMBL17375,O=S1NC(Cc2coc3c(Cl)cc(Cl)cc23)=NO1,-6.1,305.1,2.79,63.8,1,4,2,4.17,0.928,0,3.02,0.183,NAPHAZOLINE,0.068,novel,6.32
CHEMBL29569,COc1ccc(CC(=O)O)c(Oc2ccc(C)cc2Cl)c1,-6.41,306.7,4.08,55.8,1,3,5,1.89,0.904,0,2.14,0.51,FENCLOFENAC,0.117,novel,6.318
CHEMBL35635,O=C(O)C(NS(=O)(=O)c1ccc(Cl)cc1)c1ccccc1,-6.34,325.8,2.44,83.5,2,3,5,2.22,0.884,0,2.33,0.391,CHLORPROPAMIDE,0.2,novel,6.317
CHEMBL41798,Cc1cccc(N(C)c2cc(Cl)nc(NCC(=O)O)n2)c1C,-6.33,320.8,3.01,78.4,2,5,5,2.62,0.825,0,2.37,0.276,MEFENAMIC ACID,0.169,novel,6.316
CHEMBL273530,COc1ccc(Sc2ccc(NC3=NC(C)CN3)cc2)cc1,-6.51,313.4,3.61,45.6,2,5,4,3.02,0.905,0,1.84,0.256,MEQUINOL,0.063,novel,6.315
CHEMBL15325,C=C(c1ccccc1OCC(O)CNC(C)C)n1ccc(=O)cc1,-6.26,328.4,2.1,63.5,2,4,8,3.18,0.779,0,2.55,0.528,OXPRENOLOL,0.152,novel,6.315
CHEMBL290620,COc1cccc(-c2nc(-c3ccccc3)nc(N)c2CN)c1,-6.41,306.4,2.86,87.0,2,5,4,2.08,0.774,0,2.13,0.283,OXYBENZONE,0.134,novel,6.314
CHEMBL21971,CCCCN1CCC[C@H]1CNC(=O)c1cc(SC)cc2c1OCCN2C,-6.21,377.6,3.23,44.8,1,5,7,3.16,0.739,0,2.7,0.372,SULPIRIDE,0.144,novel,6.314
CHEMBL56206,CC1CCCC(C)N1CCC(C(N)=O)(c1ccccc1)c1ccccc1,-6.34,350.5,4.11,46.3,1,2,6,3.06,0.852,0,2.31,0.458,ISOPROPAMIDE,0.169,novel,6.313
CHEMBL29497,CCOc1ccc(OCC(=O)COc2ccc(C(=O)O)cc2)cc1,-6.14,330.3,2.81,82.1,1,5,9,1.81,0.761,0,2.89,0.459,PHENACETIN,0.156,novel,6.313
CHEMBL19653,COc1ccc2c(c1)[C@H](N1CCN(C(=O)C3CC3)CC1)CC2,-6.28,300.4,2.24,32.8,0,3,3,2.56,0.858,0,2.49,0.328,PRAZIQUANTEL,0.1,novel,6.311
CHEMBL53213,CCc1ccc(CC[C@@H]2CCC(C)(C)C(OCCO)[C@H]2Cn2cncn2)cc1,-6.24,385.6,3.9,60.2,1,4,9,3.84,0.711,0,2.59,0.239,NONOXYNOL 9,0.08,novel,6.311
CHEMBL15361,O=C(O)c1cn(C2CCC2)c2cc(N3CCNCC3)c(F)cc2c1=O,-6.79,345.4,1.97,74.6,2,4,3,2.48,0.89,0,2.45,0.918,CIPROFLOXACIN,0.093,likely-known-drug-chemistry,6.309
CHEMBL280959,COc1ccc(S(=O)(=O)Nc2cccc3cc[nH]c23)cc1,-6.32,302.4,2.98,71.2,2,3,4,2.01,0.778,0,2.38,0.365,SULFAMETER,0.118,novel,6.309
CHEMBL21863,CC(C)c1cccc(C(C)C)c1NC(=O)NS(=O)(=O)N1CCCC1,-6.29,353.5,3.4,78.5,2,3,5,2.34,0.851,0,2.45,0.333,MEPIVACAINE,0.154,novel,6.309
CHEMBL36502,COc1ccccc1CNC(=O)C1CCc2cnccc2C1,-6.24,296.4,2.51,51.2,1,3,4,2.57,0.943,0,2.61,0.324,PICOTAMIDE,0.133,novel,6.308
CHEMBL33968,COc1cccc2c(O)c(C(=O)Nc3nccs3)cnc12,-6.37,301.3,2.66,84.3,2,6,3,2.31,0.777,0,2.22,0.343,PHTHALYLSULFATHIAZOLE,0.136,novel,6.307
CHEMBL9350,CC(C)Cc1noc2c(Cl)c3c(cc12)CC(C(=O)O)O3,-6.22,295.7,3.07,72.6,1,4,3,3.45,0.942,0,2.64,0.232,IBUFENAC,0.12,novel,6.306
CHEMBL289153,c1ccc(CN2c3ccccc3CC2C2=NCCN2)cc1,-6.45,277.4,2.62,27.6,1,3,3,2.88,0.934,0,1.97,0.391,TOLAZOLINE,0.116,novel,6.305
CHEMBL20632,CN(C)C1CCN(C2c3ccccc3Oc3ccccc32)CC1,-6.49,308.4,3.91,15.7,0,3,2,2.3,0.836,0,1.86,0.347,ASENAPINE,0.099,novel,6.303
CHEMBL14266,CN(CC(=O)c1cc(C(C)(C)C)c2c(c1)C(C)(C)CO2)CC1CC1,-6.4,329.5,4.18,29.5,0,3,5,2.8,0.759,0,2.11,0.236,LOFEPRAMINE,0.12,novel,6.301
CHEMBL14657,c1ccc2c(NCCN3CCCCC3)c3c(nc2c1)CCCC3,-6.58,309.5,4.01,28.2,1,3,4,2.16,0.925,0,1.6,0.468,TACRINE,0.145,novel,6.3
CHEMBL276813,CC1(C)C=C(C(=O)NCc2ccc(Cl)cc2)C(C)(C)N1,-6.49,292.8,3.04,41.1,2,2,3,2.53,0.899,0,1.87,0.314,CHLORPROPAMIDE,0.141,novel,6.299
CHEMBL279967,O=C1c2ccc(O)cc2C23CCCCC2C1N(CC1CC1)CC3,-6.38,311.4,3.5,40.5,1,3,2,4.42,0.909,0,2.17,0.492,LEVALLORPHAN,0.099,novel,6.299
CHEMBL274017,COc1ccccc1C(=O)N(C)CC1(c2ccccc2)CCN(C(C)=O)CC1,-6.05,380.5,3.35,49.9,0,3,5,2.3,0.799,0,3.12,0.311,MEPERIDINE,0.151,novel,6.299
CHEMBL19328,CC1C(N)CN1c1c(F)cc2c(=O)c(C(=O)O)cn(C3CC3)c2c1Cl,-6.29,365.8,2.36,88.6,2,4,3,3.67,0.871,0,2.43,0.656,BESIFLOXACIN,0.101,novel,6.297
CHEMBL39207,CNC(=O)OCc1c(COC(=O)NC)c(C)n(-c2ccccc2)c1C,-6.21,345.4,2.81,81.6,2,4,5,2.54,0.873,0,2.64,0.326,CARBARIL,0.179,novel,6.297
CHEMBL278902,C=C(c1cc(Cl)ccc1OCC(O)CNC(C)C)n1cccn1,-6.16,335.8,2.79,59.3,2,4,8,3.17,0.779,0,2.8,0.426,OXPRENOLOL,0.115,novel,6.297
CHEMBL49355,CC(C)(C)[C@]1(O)CCN2C[C@@H](c3ccccc3Cl)CC[C@@H]2C1,-6.66,321.9,4.46,23.5,1,2,1,3.56,0.825,0,1.35,0.274,LEVOCABASTINE,0.127,novel,6.296
CHEMBL43448,CC(C)(C)OC(=O)N[C@@H]1Cc2cc(C#N)ccc2OC1(C)C,-6.2,302.4,3.17,71.3,1,4,1,3.12,0.865,0,2.68,0.273,ESCITALOPRAM OXALATE,0.123,novel,6.294
CHEMBL28020,CC(=O)c1cc2c(s1)[C@@H](NC(=O)c1ccco1)[C@H](O)C(C)(C)O2,-6.31,335.4,2.55,88.8,2,6,3,3.65,0.842,0,2.36,0.235,OXACILLIN,0.12,novel,6.293
CHEMBL30290,CCC(=O)N(Cc1cccc(Cl)c1)c1ccc(C(=O)O)nc1,-6.18,318.8,3.38,70.5,1,3,5,2.19,0.917,0,2.73,0.292,VADADUSTAT,0.157,novel,6.292
CHEMBL298430,CCN1CCc2c(sc(NC(=O)C(C)C)c2C(O)c2ccccc2Cl)C1,-6.55,393.0,4.46,52.6,2,4,5,3.02,0.79,0,1.65,0.338,CLOPIDOGREL,0.163,novel,6.291
CHEMBL300367,COc1ccc(C(O)(c2ccc(OC)cc2)C2CC3CCN2CC3)cc1,-6.21,353.5,3.42,41.9,1,4,5,3.56,0.894,0,2.63,0.324,MEQUINOL,0.082,novel,6.291
CHEMBL30636,COc1cc2nc(O)nc(C3CCCC3)c2cc1OC,-6.21,274.3,3.01,64.5,1,5,3,2.47,0.932,0,2.64,0.344,TERAZOSIN,0.091,novel,6.291
CHEMBL290575,COc1cc([C@@H]2CN3CCC[C@H]3c3ccccc32)cc(OC)c1OC,-6.31,339.4,3.99,30.9,0,4,4,2.92,0.843,0,2.34,0.298,SERTRALINE,0.089,novel,6.29
CHEMBL17328,CN(C(=O)[C@@H](N)c1ccccc1)[C@H]1CCCC[C@@H]1N1CCCC1,-6.16,315.5,2.55,49.6,1,3,4,3.22,0.929,0,2.77,0.333,METHYLPHENIDATE,0.178,novel,6.29
CHEMBL10649,CC(C)[C@H]1OC(=O)O[C@]1(Cn1cncn1)c1ccc(Cl)cc1Cl,-5.94,356.2,3.67,66.2,0,5,4,3.79,0.782,0,3.4,0.427,TERCONAZOLE,0.105,novel,6.29
CHEMBL416019,COc1cccc(Sc2c(C(=O)O)oc3ccccc23)c1,-6.41,300.3,4.29,59.7,1,4,4,2.31,0.778,0,2.06,0.315,OXYBENZONE,0.197,novel,6.288
CHEMBL283129,COc1ccc(O)c(C(=O)Nc2ccc(Br)cc2)c1,-6.32,322.2,3.42,58.6,2,3,3,1.62,0.91,0,2.31,0.703,DIBROMSALAN,0.125,novel,6.288
CHEMBL49268,CCOC(c1ccc(C)cc1)c1ccc(C(C)C)cc(=O)c1O,-6.47,312.4,4.31,46.5,1,3,5,2.81,0.895,0,1.86,0.254,IOPHENDYLATE,0.135,novel,6.287
CHEMBL36790,CCOC(=O)c1cc(CC)cc(CCn2cnc3c2NC=NCC3O)c1,-6.27,356.4,2.35,88.7,2,6,6,3.41,0.776,0,2.45,0.272,FLUMAZENIL,0.101,novel,6.287
CHEMBL59102,N#CC1=Cc2cccc(OCC3CCCNC3)c2OC1,-6.3,270.3,2.36,54.3,1,4,3,3.35,0.916,0,2.36,0.302,VILOXAZINE,0.09,novel,6.286
CHEMBL11469,Cc1ccc(C)n1Nc1ccc(N2CCCC2)nn1,-6.4,257.3,2.37,46.0,1,4,3,2.61,0.917,0,2.06,0.25,MINOXIDIL,0.069,novel,6.284
CHEMBL53114,Cc1nsc(NS(=O)(=O)c2ccc(C(C)(C)C)cc2)c1C,-6.25,324.5,3.86,59.1,1,4,3,2.46,0.932,0,2.5,0.36,SULFISOXAZOLE,0.11,novel,6.284
CHEMBL34875,COc1cc2c(cc1OC)[C@H]1CCCN1C[C@H]2c1ccccc1,-6.47,309.4,3.99,21.7,0,3,3,2.84,0.856,0,1.86,0.35,TETRABENAZINE,0.091,novel,6.282
CHEMBL38656,CCCN(CCC)C1COc2c(cccc2C(=O)c2ccoc2)C1,-6.24,327.4,3.94,42.7,0,4,7,3.18,0.723,0,2.52,0.338,ROTIGOTINE,0.147,novel,6.282
CHEMBL16799,CC(C)(C)c1ccc2c(c1)C(N1CCCC1=O)[C@H](O)C(C)(C)O2,-6.21,317.4,3.18,49.8,1,3,1,3.28,0.865,0,2.61,0.276,NABILONE,0.088,novel,6.281
CHEMBL296370,C[C@H](CO)Sc1ncc(C(F)(F)F)cc1-c1ccc(S(C)(=O)=O)cc1,-6.16,391.4,3.64,67.3,1,5,5,3.03,0.788,0,2.74,0.339,ETORICOXIB,0.138,novel,6.281
CHEMBL24942,Cc1cc(C(c2ccc(C(C)C)cc2)N2CC(C)NC(C)C2)sn1,-6.52,343.5,4.35,28.2,1,4,4,3.7,0.895,0,1.72,0.227,MECLIZINE,0.075,novel,6.279
CHEMBL47349,NC1CCN(Cc2ccc(OCc3ccccc3)cc2)CC1,-6.36,296.4,3.19,38.5,1,3,5,1.7,0.921,0,2.16,0.462,MONOBENZONE,0.106,novel,6.279
CHEMBL33346,CCC(=O)NCc1cc2c(OC)cccc2n1Cc1ccccc1,-6.35,322.4,3.72,43.3,1,2,6,2.05,0.751,0,2.21,0.302,BENDAZAC,0.179,novel,6.279
CHEMBL29826,COc1cc2c(C)nc(O)c(CCC(=O)OC(C)C)c2cc1OC,-6.13,333.4,3.15,77.9,1,6,6,2.49,0.818,0,2.82,0.246,CAPSAICIN,0.13,novel,6.279
CHEMBL42925,COc1ccc(C(=O)c2ccccc2N2CCC(C)CC2)cc1,-6.44,309.4,4.16,29.5,0,3,4,1.8,0.794,0,1.94,0.408,OXYBENZONE,0.118,novel,6.278
CHEMBL15260,CCNCC1CCN(c2nc3c(cc2F)c(=O)c(C(=O)O)cn3C2CC2)C1,-6.35,374.4,2.0,87.5,2,5,6,3.09,0.804,0,2.18,0.566,GEMIFLOXACIN,0.144,novel,6.277
CHEMBL25386,CN1CCC[C@@]12CCCC[C@@H]2NC(=O)CCc1ccccc1,-6.39,300.4,3.14,32.3,1,2,4,3.55,0.926,0,2.09,0.333,FENTANYL,0.184,novel,6.276
CHEMBL274699,CCCc1ccc2c(c1)sc(=O)n2CCN1CCCCC1,-6.36,304.5,3.5,25.2,0,3,5,2.19,0.844,0,2.17,0.3,DYCLONINE,0.101,novel,6.276
CHEMBL17413,C[C@@H]1[C@@H](O)CC[C@]2(C)CN(Cc3ccccc3)CC[C@@H]12,-6.57,273.4,3.31,23.5,1,2,2,3.44,0.893,0,1.55,0.299,DONEPEZIL,0.117,novel,6.275
CHEMBL58980,CCOC(=O)c1c(NC(=O)N(CC)C2CCCCC2)sc2c1CCN(C(C)=O)C2,-6.42,421.6,4.02,79.0,1,5,5,2.55,0.729,0,2.0,0.239,PERINDOPRIL ERBUMINE,0.089,novel,6.274
CHEMBL11392,CCOC(=O)N(c1ccccc1)C1c2cc(C#N)ccc2OC(C)(C)C1O,-6.22,366.4,3.79,82.8,1,5,3,3.37,0.893,0,2.54,0.313,FINERENONE,0.14,novel,6.274
CHEMBL18809,CCCCN(C(=O)c1cc2cc(O)ccc2n1C)c1ccccc1,-6.44,322.4,4.33,45.5,1,2,5,2.23,0.76,0,1.92,0.3,OXYPHENBUTAZONE ANHYDROUS,0.2,novel,6.273
CHEMBL10557,COc1ccc(CCc2cc(OC)c(OC)c(OC)c2)cc1O,-6.14,318.4,3.21,57.2,1,5,7,1.92,0.849,0,2.77,0.351,DOPAMINE,0.087,novel,6.273
CHEMBL10301,O=C(c1ccc(Cl)cc1)C(O)(Cn1cncn1)C1CCCCC1,-6.04,333.8,3.13,68.0,1,4,5,3.05,0.854,0,3.06,0.339,FLUCONAZOLE,0.098,novel,6.273
CHEMBL414182,CN(C)CC1NCC(c2ccccc2)c2ccccc21,-6.56,266.4,3.02,15.3,1,2,3,3.0,0.918,0,1.57,0.318,PHENSUXIMIDE,0.129,novel,6.272
CHEMBL284519,CCN1CC[C@@]2(C)c3cc(OC(=O)NC)ccc3CC12,-6.38,274.4,2.31,41.6,1,3,2,3.39,0.9,0,2.09,0.525,PHYSOSTIGMINE,0.122,novel,6.271
CHEMBL54475,Brc1cccc(Nc2ncnc3ncccc23)c1,-6.31,301.1,3.53,50.7,1,4,2,2.09,0.786,0,2.29,0.326,BROXYQUINOLINE,0.106,novel,6.271
CHEMBL282960,CNCCC(=O)N1c2ccccc2N2CCc3cc(Cl)cc(c32)C1C,-6.35,355.9,4.05,35.6,1,3,3,3.13,0.902,0,2.16,0.29,DESIPRAMINE,0.141,novel,6.27
CHEMBL59535,COc1c(C)cnc(CC2Nc3ccccc3S2)c1C,-6.54,286.4,3.79,34.1,1,4,3,3.32,0.931,0,1.64,0.364,OMEPRAZOLE,0.086,novel,6.269
CHEMBL16275,OCC1CCCN1c1nc(C(F)(F)F)nc2ccccc12,-6.19,297.3,2.61,49.2,1,4,2,2.8,0.925,0,2.63,0.276,AVANAFIL,0.176,novel,6.269
CHEMBL422943,COc1cccc(OC)c1CN1CC2CCCN2c2ncccc21,-6.11,325.4,3.09,37.8,0,5,4,2.88,0.863,0,2.86,0.273,MIRTAZAPINE,0.077,novel,6.269
CHEMBL44315,C[C@@H](COc1cc(F)ccc1F)NC(=O)[C@@H](C#N)C(C)(C)C,-6.09,310.3,3.03,62.1,1,3,5,3.32,0.909,0,2.9,0.267,BICALUTAMIDE,0.167,novel,6.269
CHEMBL278971,COc1ccccc1C(=O)N(C)CC1(c2ccccc2)CCNCC1,-6.17,338.5,3.09,41.6,1,3,5,2.31,0.911,0,2.67,0.294,TOLRESTAT,0.157,novel,6.268
CHEMBL30548,CN(C)c1ccc(-c2cc3ncccc3c(N(C)CCCN)n2)cc1,-6.07,335.5,3.15,58.3,1,5,6,2.36,0.75,0,2.98,0.273,METHYLENE BLUE ANHYDROUS,0.122,novel,6.268
CHEMBL287371,CCOc1ccc(-n2c(C)c3c(C)nnc(NC)c3c2C)cc1,-6.32,310.4,3.79,52.0,1,4,4,2.5,0.796,0,2.25,0.306,PHENACETIN,0.091,novel,6.267
CHEMBL290764,Cc1cc(CO)nc(N(CCN(C(C)C)C(C)C)C(=O)N(C)C)c1,-6.0,336.5,2.49,59.9,1,4,7,2.9,0.831,0,3.16,0.277,TOLTERODINE TARTRATE,0.147,novel,6.267
CHEMBL299589,C[C@H](Cc1c[nH]cn1)NS(=O)(=O)c1ccc2ccccc2c1,-6.25,315.4,2.47,74.8,2,3,5,2.78,0.759,0,2.45,0.296,HISTAMINE PHOSPHATE,0.156,novel,6.266
CHEMBL417911,COc1cc(C(=O)O[C@H]2CCC3CCC2N3C)cc(OC)c1OC,-5.89,335.4,2.49,57.2,0,6,5,3.9,0.771,0,3.49,0.446,COCAINE,0.117,novel,6.266
CHEMBL428695,CCC1CN2CCC1CC2C(O)c1ccnc2ccccc12,-6.4,296.4,3.39,36.4,1,3,3,4.33,0.943,0,2.0,0.522,QUINIDINE,0.133,novel,6.265
CHEMBL281528,CN(C)CCCN1c2ccccc2N(C)S(=O)(=O)c2ccccc21,-5.96,345.5,2.91,43.9,0,4,4,2.39,0.855,0,3.28,0.561,IMIPRAMINE,0.125,novel,6.265
CHEMBL20314,CCN1CCCC(N(C)C2c3ccccc3Oc3ccccc32)C1,-6.48,322.5,4.3,15.7,0,3,3,2.97,0.838,0,1.77,0.356,PIPERIDOLATE,0.103,novel,6.263
CHEMBL46691,CN1CCC23CCCCC2C1Cc1ccc(OCC2CC2)cc13,-6.49,311.5,4.16,12.5,0,2,3,4.11,0.831,0,1.75,0.745,DEXTROMETHORPHAN,0.076,novel,6.262
CHEMBL286564,COc1ccccc1-c1ccc(C[C@H](NC(=O)C2CCCC2)C(=O)O)cc1,-6.28,367.4,3.66,75.6,2,3,7,2.27,0.783,0,2.36,0.556,NATEGLINIDE,0.183,novel,6.262
CHEMBL301370,CC[C@H]1C(=O)Nc2ccc(F)cc2N1C(=O)OC(C)C,-6.19,280.3,2.91,58.6,1,3,2,2.97,0.906,0,2.62,0.263,SUNITINIB,0.154,novel,6.262
CHEMBL50858,COC(=O)C1C2CC[C@H](C[C@@H]1c1ccc(Cl)c(C)c1)N2C,-6.28,307.8,3.39,29.5,0,3,2,4.13,0.784,0,2.35,0.476,IOFLUPANE,0.121,novel,6.261
CHEMBL32907,COc1ccc([C@@H]2CN3CCC[C@H]3c3ccccc32)cc1OC,-6.45,309.4,3.99,21.7,0,3,3,2.79,0.856,0,1.86,0.345,SERTRALINE,0.089,novel,6.26
CHEMBL277960,O=C(O)Cc1nc(-c2ccc(Cl)cc2)oc1-c1ccoc1,-6.34,303.7,3.88,76.5,1,4,4,2.45,0.791,0,2.18,0.42,FENCLOZIC ACID,0.149,novel,6.26
CHEMBL49333,CC(C)Nc1nc2sc3c(c2c(=O)o1)CCCC3,-6.27,264.3,2.95,55.1,1,5,2,2.66,0.906,0,2.37,0.196,ISAXONINE PHOSPHATE,0.084,novel,6.26
CHEMBL288738,COC(=O)Cc1cccc2cc(C(O)CNC(C)(C)C)oc12,-6.23,305.4,2.57,71.7,2,5,5,2.97,0.831,0,2.48,0.383,PIRBUTEROL ACETATE,0.171,novel,6.26
CHEMBL23202,O=C(O)C1=Cc2cc(CCn3ccnc3)sc2CC1,-6.21,274.3,2.6,55.1,1,3,4,3.03,0.932,0,2.55,0.295,OZAGREL,0.093,novel,6.26
CHEMBL42084,CCN(CC)CC(=O)Nc1c(C(=O)c2ccccc2F)c(C)nn1C,-5.96,346.4,2.38,67.2,1,4,7,2.38,0.782,0,3.25,0.426,LIDOCAINE HYDROCHLORIDE,0.179,novel,6.26
CHEMBL435357,CCCS(=O)(=O)N(C)[C@@H]1CCN2CCc3ccccc3C2C1,-6.06,322.5,2.42,40.6,0,3,4,3.19,0.855,0,2.96,0.306,RASAGILINE MESYLATE,0.152,novel,6.259
CHEMBL284413,CC[C@]1(c2ccc(Cl)cc2)OC[C@H]([C@@H]2CCCCN2)O1,-6.46,295.8,3.46,30.5,1,3,3,3.66,0.926,0,1.83,0.254,SIBUTRAMINE,0.092,novel,6.258
CHEMBL18852,COC(=O)c1c(NC(=O)Nc2ccc(C)cc2)cc(C(C)(C)C)n1C,-6.35,343.4,4.06,72.4,2,3,3,2.44,0.826,0,2.13,0.281,BITOLTEROL,0.115,novel,6.258
CHEMBL274756,CC1CCCC(C)N1CC(O)COC(c1ccccc1)c1ccccc1,-6.44,353.5,4.42,32.7,1,3,7,3.14,0.8,0,1.87,0.354,DIPHENYLPYRALINE,0.186,novel,6.256
CHEMBL279455,CCCc1cc(Cc2cnc(N)nc2N)cc(CC)c1OC,-6.35,300.4,2.76,87.0,2,5,6,2.54,0.856,0,2.14,0.644,TRIMETHOPRIM,0.089,novel,6.256
CHEMBL268099,NC(=O)c1cc2c(SC3CCCCC3)cncc2s1,-6.34,292.4,3.82,56.0,1,4,3,2.79,0.935,0,2.16,0.22,PYRAZINAMIDE,0.083,novel,6.256
CHEMBL296511,COC1c2cc(C#N)ccc2OC(C)(C)[C@@H]1NC(=O)OC(C)(C)C,-6.16,332.4,3.31,80.6,1,5,2,3.52,0.898,0,2.66,0.262,FINERENONE,0.118,novel,6.255
CHEMBL17286,CN(C(=O)[C@H](N)c1ccccc1)[C@@H]1CCCC[C@H]1N1CCCC1,-6.13,315.5,2.55,49.6,1,3,4,3.22,0.929,0,2.77,0.333,METHYLPHENIDATE,0.178,novel,6.255
CHEMBL298038,O=c1c2cc(Cl)c(Cl)cc2sn1CCN1CCCCC1,-6.32,331.3,3.86,25.2,0,3,3,2.57,0.853,0,2.21,0.283,PITOLISANT,0.074,novel,6.254
CHEMBL300343,Cc1ccnc(NS(=O)(=O)c2ccc(Br)cc2)n1,-6.06,328.2,2.35,72.0,1,4,3,1.98,0.939,0,2.96,0.737,SULFAMERAZINE,0.097,novel,6.254
CHEMBL275707,C[C@@H]1CN(CCCn2c3ccccc3c3ccccc32)C[C@H](C)N1,-6.53,321.5,3.87,20.2,1,2,4,2.93,0.787,0,1.6,0.346,IPRINDOLE,0.127,novel,6.251
CHEMBL32414,O=C(NCc1ccccc1)C1CCCN1C(=O)NCc1ccccc1,-6.08,337.4,2.68,61.4,2,2,5,2.19,0.881,0,2.9,0.414,ENALAPRILAT ANHYDROUS,0.175,novel,6.251
CHEMBL6204,COc1ccc(-c2c(-c3ccccn3)nc3n2CCC3)cc1,-6.27,291.4,3.57,39.9,0,3,3,2.23,0.74,0,2.34,0.29,PYRILAMINE,0.08,novel,6.25
CHEMBL300710,CC(C)(O)CSc1ncc(C(F)(F)F)cc1-c1ccc(S(C)(=O)=O)cc1,-6.25,405.5,4.03,67.3,1,5,5,2.6,0.761,0,2.4,0.339,ETORICOXIB,0.123,novel,6.25
CHEMBL47702,N#CC(Cc1cc(Br)c(O)c(Br)c1)c1ccccn1,-6.25,382.1,4.16,56.9,1,3,3,3.11,0.868,0,2.41,0.347,TILBROQUINOL,0.119,novel,6.25
CHEMBL40370,CN1CCN(C2=Nc3ccccc3Sc3cscc32)CC1,-6.34,315.5,3.54,18.8,0,5,0,2.77,0.741,0,2.13,0.482,QUETIAPINE,0.086,novel,6.249
CHEMBL281091,COc1ccc(Oc2ccc(C)cc2Cl)c(CC(=O)O)c1,-6.34,306.7,4.08,55.8,1,3,5,1.88,0.904,0,2.14,0.521,FENCLOFENAC,0.118,novel,6.249
CHEMBL294989,CC(C)CC(NC(=O)OCC1c2ccccc2-c2ccccc21)C(=O)O,-6.33,353.4,4.02,75.6,2,3,6,2.52,0.822,0,2.17,0.409,LEVACETYLLEUCINE,0.194,novel,6.249
CHEMBL24747,CCOc1ccc(-n2c(C)c3c(C)nnc(N(C)C)c3c2C)cc1,-6.19,324.4,3.81,43.2,0,4,4,2.56,0.732,0,2.58,0.28,PHENACETIN,0.077,novel,6.247
CHEMBL33722,CCCn1c(=O)c2nc(-c3cccs3)[nH]c2n(CCC)c1=O,-6.07,318.4,2.43,72.7,1,4,5,2.67,0.785,0,2.9,0.246,MEPHENYTOIN,0.114,novel,6.247
CHEMBL285681,Cc1c(O)nc(SC2CCCC2)nc1CCc1ccccc1,-6.43,314.5,4.31,46.0,1,4,5,2.52,0.835,0,1.87,0.271,TRIDIHEXETHYL,0.147,novel,6.246
CHEMBL287687,COc1ccc(C2CCN(C(C)=O)C2)cc1OC1CCCC1,-6.2,303.4,3.35,38.8,0,3,4,2.55,0.856,0,2.54,0.313,VERNAKALANT,0.1,novel,6.246
CHEMBL15300,COc1ccc(CNC(=O)C2=CC(C)(C)NC2(C)C)cc1,-6.37,288.4,2.4,50.4,2,3,4,2.48,0.894,0,2.06,0.367,TRIMETHOBENZAMIDE,0.135,novel,6.245
CHEMBL275165,O=C(O)Cc1nc(-c2ccc(Cl)cc2)oc1-c1ccco1,-6.32,303.7,3.88,76.5,1,4,4,2.31,0.791,0,2.18,0.404,FENCLOZIC ACID,0.162,novel,6.245
CHEMBL9241,COc1cc(C(=O)c2cc(Cl)ccc2O)cc(OC)c1OC,-6.06,322.7,3.3,65.0,1,5,5,1.91,0.856,0,2.93,0.362,OXYBENZONE,0.096,novel,6.245
CHEMBL58699,Cc1cccc(NC(=O)N[C@@H]2N=C(C3CCCCC3)c3ccccc3N(C)C2=O)c1,-6.52,404.5,4.49,73.8,2,3,3,2.85,0.791,0,1.61,0.297,LORMETAZEPAM,0.11,novel,6.244
CHEMBL6304,Fc1ccc(-c2c(-c3ccccn3)nc3n2CCC3)cc1,-6.4,279.3,3.7,30.7,0,2,2,2.26,0.716,0,1.95,0.254,BLONANSERIN,0.083,novel,6.244
CHEMBL289424,COC(=O)Nc1cn2cc(C(Cl)=C(Cl)Cl)ccc2n1,-6.25,320.6,3.86,55.6,1,3,2,3.06,0.914,0,2.39,0.3,MEBENDAZOLE,0.105,novel,6.243
CHEMBL298893,CN(C(=O)c1ccc(O)cc1)C1CCCC[C@H]1N(C)C,-6.32,276.4,2.34,43.8,1,3,3,2.93,0.921,0,2.17,0.297,DIENESTROL,0.116,novel,6.241
CHEMBL9115,O=C(c1ccc(Cl)cc1Cl)c1ccc2n1CCC2C(=O)O,-6.15,324.2,3.6,59.3,1,2,3,2.9,0.878,0,2.65,0.587,KETOROLAC,0.114,novel,6.241
CHEMBL287911,Cc1ccc(C2CCc3cc(Br)cnc3O2)cc1,-6.49,304.2,4.22,22.1,0,2,1,2.82,0.787,0,1.69,0.247,LONAFARNIB,0.064,novel,6.24
CHEMBL33644,COc1cc2c(cc1OC)[C@@H]1CCCN1C[C@H]2c1ccccc1,-6.43,309.4,3.99,21.7,0,3,3,2.84,0.856,0,1.86,0.35,TETRABENAZINE,0.091,novel,6.24
CHEMBL7603,CCOC(=O)C1=C(O)C(=O)N(Cc2ccc(Br)cc2)C1,-6.0,340.2,2.17,66.8,1,4,4,2.33,0.853,0,3.09,0.304,CLOFOREX,0.117,novel,6.239
CHEMBL295136,CC(=O)Nc1ncc(SCc2ncc(C(C)(C)C)o2)s1,-6.19,311.4,3.68,68.0,1,6,4,2.81,0.872,0,2.55,0.273,ACETAZOLAMIDE,0.114,novel,6.238
CHEMBL50602,CCC1(CC)C(=O)NN=C1c1ccc(-n2ccnc2)cc1,-6.15,282.3,2.51,59.3,1,3,4,2.89,0.936,0,2.66,0.267,BARBITAL,0.089,novel,6.238
CHEMBL34521,Cc1c(C(=O)c2ccc(N(C)C)cc2)n(C(=O)C(C)C)c(=O)n1C(=O)C(C)C,-5.92,385.5,2.85,81.4,0,5,5,2.76,0.739,0,3.32,0.306,HEXAMETHYL PARAROSANILINE,0.119,novel,6.238
CHEMBL416595,COc1ccc([C@@H]2CN3CCC[C@@H]3c3ccccc32)cc1OC,-6.43,309.4,3.99,21.7,0,3,3,2.79,0.856,0,1.86,0.345,SERTRALINE,0.089,novel,6.237
CHEMBL296886,COc1cc(OC)c2c(=O)n(CCN3CCCCC3)sc2c1,-5.99,322.4,2.57,43.7,0,5,5,2.57,0.848,0,3.11,0.453,BUFLOMEDIL,0.074,novel,6.236
CHEMBL50720,c1ccc(CCC[C@H]2CCCC[C@@H]2NC2=NCCO2)cc1,-6.46,286.4,3.54,33.6,1,3,5,3.22,0.898,0,1.77,0.314,RILMENIDINE,0.127,novel,6.235
CHEMBL19512,CCNC(=O)N1CCN(c2cccc3ccc(OC)cc23)CC1,-6.12,313.4,2.7,44.8,1,3,3,1.94,0.947,0,2.73,0.456,AGOMELATINE,0.186,novel,6.234
CHEMBL6538,COc1ccc(-c2cc(C(N)=O)c(Cl)nn2)cc1,-6.38,263.7,1.9,78.1,1,4,3,2.0,0.917,0,1.99,0.315,MOFEZOLAC,0.095,novel,6.232
CHEMBL296799,COc1ccc(C(=O)Nc2ccncc2)cc1OC1CCCC1,-6.18,312.4,3.66,60.5,1,4,5,1.92,0.915,0,2.53,0.349,PICOTAMIDE,0.113,novel,6.232
CHEMBL15657,NCCN1CCC(c2c[nH]c3cc(F)ccc23)CC1,-6.47,261.3,2.45,45.0,2,2,3,2.25,0.891,0,1.72,0.359,NARATRIPTAN,0.068,novel,6.231
CHEMBL432103,CC1CCCC(C)N1CCCC(O)(c1ccccc1)c1ccccn1,-6.42,338.5,4.36,36.4,1,3,6,3.4,0.85,0,1.85,0.431,DIPHENIDOL,0.141,novel,6.231
CHEMBL274516,CCOC(=O)Cc1nc(C2CCCCC2)oc1-c1ccco1,-6.12,303.4,4.09,65.5,0,5,5,2.58,0.778,0,2.7,0.273,SOFPIRONIUM,0.134,novel,6.23
CHEMBL301476,Cc1ccc(C(O)(c2ccc(C)cc2)C2CC3CCN2CC3)cc1,-6.51,321.5,4.02,23.5,1,2,3,3.59,0.923,0,1.59,0.276,TERFENADINE,0.086,novel,6.229
CHEMBL273534,Cc1ccc(C)n1Nc1ccc(N2CCSCC2)nn1,-6.25,289.4,2.32,46.0,1,5,3,2.9,0.939,0,2.32,0.208,LEVAMISOLE,0.067,novel,6.228
CHEMBL45545,CCc1cccc2c3c(n(C)c12)C(CC)(CC(=O)O)OCC3,-6.23,301.4,3.39,51.5,1,2,4,3.44,0.941,0,2.38,0.607,ETODOLAC,0.186,novel,6.228
CHEMBL40701,CC(=O)NC(Cc1cn(-c2ccc(Br)cc2)cn1)C(=O)O,-6.3,352.2,1.77,84.2,2,3,5,2.71,0.859,0,2.19,0.34,ACETYLCYSTEINE,0.158,novel,6.227
CHEMBL6,COc1ccc2c(c1)c(CC(=O)O)c(C)n2C(=O)c1ccc(Cl)cc1,-6.58,357.8,3.93,68.5,1,3,4,2.08,0.768,0,2.82,1.0,INDOMETHACIN,0.122,likely-known-drug-chemistry,6.226
CHEMBL274717,CC(C)(O)CC(=O)c1cc(C(C)(C)C)c2c(c1)C(C)(C)CCO2,-6.41,318.5,4.39,46.5,1,3,3,2.89,0.841,0,1.87,0.254,BEXAROTENE,0.114,novel,6.224
CHEMBL19751,CCn1cc(C(=O)O)c(=O)c2cc(F)c(N3C[C@H](N)[C@H]3C)c(F)c21,-6.43,337.3,1.53,88.6,2,4,3,3.67,0.887,0,1.82,0.639,LOMEFLOXACIN,0.131,novel,6.223
CHEMBL23257,CC(C)(C)C(c1cc2c(s1)CCC(C(=O)O)=C2)n1ccnc1,-6.27,316.4,3.99,55.1,1,3,3,3.83,0.931,0,2.27,0.246,BIFONAZOLE,0.107,novel,6.222
CHEMBL48836,CCOc1ccccc1NC(=O)OCCN1C[C@H](C)C[C@H](C)C1,-6.21,320.4,3.61,50.8,1,4,6,2.79,0.87,0,2.42,0.295,MORICIZINE,0.152,novel,6.221
CHEMBL35944,Cc1nc(SC2CCCC2)nc(O)c1Cc1ccccc1,-6.41,300.4,4.12,46.0,1,4,4,2.38,0.863,0,1.85,0.255,TOLAZOLINE,0.132,novel,6.22
CHEMBL47593,CN1C(=O)C(NC(=O)c2ccc3ccccc3c2)CCc2ccccc21,-6.13,344.4,3.55,49.4,1,2,2,2.42,0.773,0,2.64,0.338,BENAZEPRIL,0.138,novel,6.219
CHEMBL17367,O=S1NC(Cc2coc3ccc(Br)cc23)=NO1,-6.04,315.1,2.25,63.8,1,4,2,4.06,0.924,0,2.92,0.218,DIBROMSALAN,0.085,novel,6.219
CHEMBL21797,CC(C)c1cccc(C(C)C)c1OC(=O)NS(=O)(=O)N1CCCC1,-6.03,354.5,3.36,75.7,1,4,5,2.5,0.88,0,2.95,0.333,FOSPROPOFOL,0.152,novel,6.219
CHEMBL10235,OC(c1ccccc1Cl)C(O)(Cn1cncn1)c1ccccc1,-6.11,329.8,2.55,71.2,2,4,5,3.14,0.754,0,2.7,0.382,FLUCONAZOLE,0.145,novel,6.218
CHEMBL267229,COc1cc(N2CCN(c3cc(OC)c(OC)c(OC)c3)CC2)cc(OC)c1OC,-5.94,418.5,3.06,61.9,0,8,8,1.95,0.648,0,3.2,0.32,CINEPAZIDE,0.048,novel,6.218
CHEMBL54805,Brc1cccc(Nc2ncnc3cccnc23)c1,-6.26,301.1,3.53,50.7,1,4,2,2.06,0.786,0,2.29,0.326,BROXYQUINOLINE,0.074,novel,6.217
CHEMBL8895,CCc1c(CC(=O)NC)nn(-c2ccccc2)c1-c1ccccc1,-6.2,319.4,3.39,46.9,1,2,5,2.17,0.783,0,2.45,0.271,FELBINAC,0.194,novel,6.217
CHEMBL22465,CCCCN1CCCC1CNC(=O)c1cccc2c1OCCN2C,-6.08,331.5,2.51,44.8,1,4,6,2.86,0.87,0,2.79,0.392,SULPIRIDE,0.179,novel,6.217
CHEMBL410035,Cc1cccc(NC(=O)N[C@H]2N=C(C3CCCCC3)c3ccccc3N(C)C2=O)c1,-6.49,404.5,4.49,73.8,2,3,3,2.85,0.791,0,1.61,0.297,LORMETAZEPAM,0.11,novel,6.216
CHEMBL285611,CN1C2CCC1[C@@H]([C@H](O)C(F)(F)F)[C@@H](c1ccc(Cl)cc1)C2,-6.42,333.8,3.83,23.5,1,2,2,4.59,0.889,0,1.81,0.313,IOFLUPANE,0.147,novel,6.216
CHEMBL274293,COC(=O)Nc1nc2cc(C(=O)N(C(C)C)C(C)C)ccc2[nH]1,-6.3,318.4,3.0,87.3,2,4,4,2.45,0.907,0,2.16,0.64,MEBENDAZOLE,0.127,novel,6.216
CHEMBL278845,Cc1cc(C)nc(NC(=O)c2cc(Br)cc(Br)c2O)c1,-6.37,400.1,4.18,62.2,2,3,2,2.28,0.796,0,1.95,0.523,TRIBROMSALAN,0.107,novel,6.215
CHEMBL33413,O=C(NCCc1ccccc1)C1CCCN1C(=O)Nc1ccccc1,-6.1,337.4,3.04,61.4,2,2,5,2.18,0.881,0,2.73,0.419,ENALAPRILAT ANHYDROUS,0.173,novel,6.215
CHEMBL286965,OC(c1ccc(Cl)cc1)(c1cncnc1)c1cccc(F)c1,-6.25,314.7,3.55,46.0,1,3,3,2.76,0.804,0,2.29,0.25,FLUCONAZOLE,0.095,novel,6.213
CHEMBL279723,COc1ccc(S(=O)(=O)N(Cc2ccc(C(C)C)cc2)[C@H](C)C(=O)O)cc1,-6.19,391.5,3.48,83.9,1,4,8,2.51,0.745,0,2.46,0.365,NAPROXEN,0.159,novel,6.212
CHEMBL19760,C[C@@H]1[C@@H](N)CN1c1cc2c(cc1F)c(=O)c(C(=O)O)cn2C1CC1,-6.4,331.3,1.71,88.6,2,4,3,3.53,0.894,0,1.86,0.61,CIPROFLOXACIN,0.105,novel,6.209
CHEMBL23905,COc1ccccc1N1CCN(CCNC(=O)C2CCCC2)CC1,-6.15,331.5,2.12,44.8,1,4,6,1.86,0.867,0,2.57,0.406,NAFTOPIDIL,0.138,novel,6.209
CHEMBL57001,O=C(c1ccc(F)cc1)C1CCN(CCCn2nc3n(c2=O)CCCCC3)CC1,-5.86,400.5,2.9,60.1,0,4,6,2.41,0.7,0,3.41,0.443,KETANSERIN,0.114,novel,6.209
CHEMBL278086,CCOc1ccc2c(c1)C1(C)CCN(CC3CC3)C(C2=O)C1C,-6.26,313.4,3.66,29.5,0,3,4,4.27,0.849,0,2.25,0.3,PHYSOSTIGMINE,0.097,novel,6.208
CHEMBL17707,O=S1NC(Cc2cc3cc(Br)ccc3s2)=NO1,-6.0,331.2,2.72,50.7,1,4,2,4.1,0.92,0,3.01,0.211,IPRAGLIFLOZIN,0.085,novel,6.208
CHEMBL291230,O=C(NCc1ccccc1)C1CCCCN1S(=O)(=O)/C=C/c1ccccc1,-5.97,384.5,3.16,66.5,1,3,6,2.57,0.832,0,3.09,0.333,MELAGATRAN,0.186,novel,6.208
CHEMBL911,Cc1ccc(-c2nc3ccc(C)cn3c2CC(=O)N(C)C)cc1,-6.63,307.4,3.25,37.6,0,2,3,2.25,0.745,0,2.61,1.0,ZOLPIDEM,0.132,likely-known-drug-chemistry,6.207
CHEMBL283861,CC(=O)c1ccccc1NC(C(N)=O)c1c(Cl)cccc1Cl,-6.28,337.2,3.83,72.2,2,3,5,2.6,0.815,0,2.2,0.327,DICLOFENAC SODIUM,0.156,novel,6.207
CHEMBL274407,c1ccc(COCC23NC(Cc4ccccc42)c2ccccc23)cc1,-6.55,327.4,4.35,21.3,1,2,4,3.85,0.769,0,1.42,0.262,UMECLIDINIUM,0.118,novel,6.206
CHEMBL430939,CCCC(=O)Nc1c2c(nc3ccccc13)CCC1(CC1)C2,-6.47,294.4,4.24,42.0,1,2,3,2.93,0.92,0,1.64,0.333,TYROPANOIC ACID,0.213,novel,6.206
CHEMBL284737,O=C(O)Cn1c(C(F)(F)F)nc2ccc(Br)cc2c1=O,-5.96,351.1,2.26,72.2,1,3,2,2.33,0.901,0,3.11,0.263,ACEFYLLINE,0.167,novel,6.206
CHEMBL273499,CC(C)[C@H]1OC(=O)O[C@]1(Cn1cncn1)c1ccc(Cl)cc1,-5.84,321.8,3.02,66.2,0,5,4,3.73,0.81,0,3.45,0.345,TERCONAZOLE,0.109,novel,6.206
CHEMBL41429,CCN1CCc2cccc(C(c3ccc(F)cc3)n3cncn3)c21,-6.15,322.4,3.44,34.0,0,3,4,3.06,0.738,0,2.56,0.375,LETROZOLE,0.133,novel,6.205
CHEMBL300327,CCOC(=O)c1c(NC(=O)N2CCSC2)sc2c1CCN(CC)C2,-5.87,369.5,2.84,61.9,1,6,4,2.67,0.827,0,3.37,0.218,VINPOCETINE,0.09,novel,6.205
CHEMBL43029,CN(C)CCCN1c2ccccc2Sc2ccc(C(N)=O)cc21,-6.13,327.5,3.34,49.6,1,4,5,2.22,0.915,0,2.61,0.674,PROMAZINE,0.141,novel,6.204
CHEMBL297836,COc1cc(OC)c2c(=O)n(CCN3CCCC3)sc2c1,-6.08,308.4,2.18,43.7,0,5,5,2.59,0.849,0,2.77,0.462,BUFLOMEDIL,0.075,novel,6.204
CHEMBL415865,Cc1ccc(S(=O)(=O)NC(C(=O)O)c2ccccc2)cc1,-6.36,305.4,2.1,83.5,2,3,5,2.2,0.886,0,1.96,0.383,TOLBUTAMIDE,0.219,novel,6.202
CHEMBL281345,CCNC(=O)N1CCN(C2CCc3ccc(OC)cc32)CC1,-6.25,303.4,2.03,44.8,1,3,3,2.62,0.929,0,2.26,0.309,ELACESTRANT,0.136,novel,6.202
CHEMBL47097,COc1cc2sn(CCN3CCCCC3)c(=O)c2cc1OC,-5.95,322.4,2.57,43.7,0,5,5,2.44,0.848,0,3.11,0.37,BUFLOMEDIL,0.072,novel,6.202
CHEMBL40711,COc1ccc(Br)cc1CCc1c(F)cccc1C1=NCCN1,-6.28,377.3,3.73,33.6,1,3,5,2.49,0.862,0,2.17,0.253,VANDETANIB,0.087,novel,6.2
CHEMBL18808,COc1ccc2c(c1)C(N1CCN(C(=O)C(C)C)CC1)CC2,-6.12,302.4,2.48,32.8,0,3,3,2.6,0.86,0,2.64,0.309,NAPROXEN,0.113,novel,6.2
CHEMBL281554,CCO[C@]1(CC)c2cccc3c2-c2c1ccc1c2[C@@H](C3)N(C)CC1,-6.46,319.4,4.44,12.5,0,2,3,3.83,0.829,0,1.66,0.474,APOMORPHINE,0.096,novel,6.199
CHEMBL278070,c1cc(OC2CCCCC2)nc(N2CCNCC2)c1,-6.41,261.4,2.2,37.4,1,4,3,2.31,0.905,0,1.81,0.267,AMOXAPINE,0.104,novel,6.199
CHEMBL27946,CCC[C@H](NC)[C@H]1COC(c2ccccc2)(c2ccccc2)O1,-6.39,311.4,3.69,30.5,1,3,6,3.28,0.882,0,1.84,0.311,BARBEXACLONE,0.171,novel,6.198
CHEMBL33238,Cc1cccc(Cc2nc(SC3CCCC3)nc(O)c2C)c1,-6.4,314.5,4.42,46.0,1,4,4,2.61,0.848,0,1.81,0.235,MECLIZINE,0.141,novel,6.197
CHEMBL37507,CCOC(=O)Cc1cccc2cc(C(O)CNC(C)(C)C)oc12,-6.15,319.4,2.96,71.7,2,5,6,2.95,0.801,0,2.54,0.359,LEVALBUTEROL TARTRATE,0.177,novel,6.197
CHEMBL43520,Cc1csc(Sc2cc3c(cc2NS(C)(=O)=O)COC3=O)n1,-5.96,356.5,2.64,85.4,1,7,4,2.89,0.848,0,3.08,0.219,AMSACRINE,0.09,novel,6.197
CHEMBL51265,Brc1cccc(Nc2ncnc3cnccc23)c1,-6.24,301.1,3.53,50.7,1,4,2,2.11,0.786,0,2.29,0.355,ERLOTINIB,0.087,novel,6.196
CHEMBL31655,CCCn1nc(C)c(C(=O)c2ccccc2C(F)(F)F)c1N,-6.11,311.3,3.43,60.9,1,3,4,2.4,0.88,0,2.66,0.239,PROPIVERINE,0.219,novel,6.196
CHEMBL37408,CCOC(=O)c1ccc(C)c(CCn2cnc3c2NC=NCC3O)c1,-6.27,342.4,2.1,88.7,2,6,5,3.36,0.812,0,2.18,0.296,FLUMAZENIL,0.099,novel,6.195
CHEMBL34504,CCCn1c(=O)c2nc(-c3ccsc3)[nH]c2n(CCC)c1=O,-6.02,318.4,2.43,72.7,1,4,5,2.76,0.785,0,2.9,0.236,ISTRADEFYLLINE,0.1,novel,6.195
CHEMBL274787,CC(O)(c1ccc(F)cc1)C(O)(Cn1cncn1)c1ccc(F)cc1,-6.08,345.3,2.35,71.2,2,4,5,3.22,0.745,0,2.73,0.511,FLUCONAZOLE,0.108,novel,6.194
CHEMBL31548,CN1CCN(c2nc(Cl)c(Cl)c(NC3CCCC3)n2)CC1,-6.06,330.3,2.89,44.3,1,5,3,2.45,0.864,0,2.76,0.247,GILTERITINIB,0.062,novel,6.191
CHEMBL267375,CC(C)NCC(O)COc1ccc(CCOC2CCCC2)cc1,-6.19,321.5,2.93,50.7,2,4,10,2.59,0.696,0,2.4,0.7,BETAXOLOL,0.114,novel,6.19
CHEMBL296978,CCN1CCC[C@H]1CNC(=O)c1c(OC)ccc2ccccc12,-6.17,312.4,3.06,41.6,1,3,5,2.48,0.922,0,2.45,0.672,REMOXIPRIDE,0.192,novel,6.19
CHEMBL15231,C=C(c1cccc(C)c1OCC(O)CNC(C)(C)C)n1ccnc1,-6.08,329.4,2.84,59.3,2,4,7,3.22,0.82,0,2.72,0.382,LEVOBUNOLOL,0.129,novel,6.19
CHEMBL48816,O=C1c2ccc(O)cc2[C@@]23CCCC[C@H]2[C@@H]1N(CCF)CC3,-6.21,303.4,3.06,40.5,1,3,2,4.57,0.913,0,2.34,0.492,LEVALLORPHAN,0.122,novel,6.189
CHEMBL416562,CC[C@]1(c2ccc(F)cc2)OC[C@H]([C@@H]2CCCCN2)O1,-6.34,279.4,2.95,30.5,1,3,3,3.67,0.922,0,1.96,0.246,BARBEXACLONE,0.091,novel,6.188
CHEMBL42878,CC(C)(C)Nc1cc2c(cc1F)c(=O)c(C(=O)O)cn2C(C)(C)C,-6.25,334.4,3.8,71.3,2,3,2,2.73,0.876,0,2.22,0.387,NORFLOXACIN,0.132,novel,6.188
CHEMBL20664,CC1CN(C2CCCCC2O)CCN1c1ccccc1,-6.38,274.4,2.5,26.7,1,3,2,3.08,0.897,0,1.86,0.279,SPARTEINE,0.11,novel,6.186
CHEMBL280739,CC[C@]1(c2cccc(Cl)c2)OC[C@H]([C@@H]2CCCCN2)O1,-6.38,295.8,3.46,30.5,1,3,3,3.74,0.926,0,1.83,0.25,BARBEXACLONE,0.095,novel,6.185
CHEMBL23062,O=C(O)C1=Cc2sc(CCn3ccnc3)cc2CC1,-6.13,274.3,2.6,55.1,1,3,4,3.12,0.932,0,2.55,0.295,OZAGREL,0.093,novel,6.185
CHEMBL35636,CC(C)CC(=O)Nc1c2c(nc3ccccc13)CCCC2,-6.46,282.4,4.1,42.0,1,2,3,2.12,0.921,0,1.61,0.458,TACRINE,0.212,novel,6.184
CHEMBL23536,CC(C)N(CCC1(c2ccccc2Cl)C(=O)NCN2CCCCC21)C(C)C,-6.35,392.0,4.03,35.6,1,3,6,3.75,0.795,0,1.92,0.277,KETAMINE,0.113,novel,6.182
CHEMBL293152,COc1cc(Cl)nc(NS(=O)(=O)c2ccc(F)cc2)n1,-6.14,317.7,2.08,81.2,1,5,4,2.16,0.873,0,2.51,0.451,SULFADIMETHOXINE,0.107,novel,6.182
CHEMBL25818,CC(C)N(CCC1(c2ccccc2)C(=O)N=CN2CCCCC21)C(C)C,-6.09,355.5,3.86,35.9,0,3,6,3.83,0.777,0,2.67,0.278,BARBEXACLONE,0.147,novel,6.18
CHEMBL865,Cc1onc(-c2ccccc2)c1-c1ccc(S(N)(=O)=O)cc1,-6.62,314.4,2.96,86.2,1,4,3,1.95,0.805,0,2.57,1.0,VALDECOXIB,0.125,likely-known-drug-chemistry,6.179
CHEMBL15060,COc1ccc2[nH]c(-c3ccccc3)c(CCNC(C)=O)c2c1,-6.31,308.4,3.52,54.1,2,2,5,1.99,0.757,0,2.03,0.556,MELATONIN,0.186,novel,6.179
CHEMBL6479,CCNc1cccnc1N1CCN(C(=O)c2ccco2)CC1,-6.1,300.4,2.07,61.6,1,5,4,2.16,0.936,0,2.63,0.406,PRAZOSIN,0.136,novel,6.179
CHEMBL26784,O=C(O)c1ccc2c(c1)CCCC2CCn1ccnc1,-6.2,270.3,3.09,55.1,1,2,4,2.8,0.928,0,2.35,0.306,OZAGREL,0.12,novel,6.178
CHEMBL30445,CCN(CC)CC(=O)Nc1c2c(nc3ccccc13)N(C)CC2,-6.07,312.4,2.51,48.5,1,4,5,2.38,0.921,0,2.7,0.434,LIDOCAINE,0.197,novel,6.177
CHEMBL34673,O=C(NCCc1ccccc1)C1CCCN1C(=O)NC1CCCCC1,-6.01,343.5,2.85,61.4,2,2,5,2.39,0.863,0,2.89,0.406,ENALAPRILAT ANHYDROUS,0.154,novel,6.177
CHEMBL291141,CN1CCCC2(OCCO2)C1Cc1cccc2[nH]ccc12,-6.23,286.4,2.55,37.5,1,3,2,3.8,0.922,0,2.24,0.289,ELETRIPTAN,0.092,novel,6.176
CHEMBL289438,CN1CCN(Cc2ccc(Cl)cc2Cl)C(C2=NCCN2C)C1,-6.06,341.3,2.45,22.1,0,4,3,3.26,0.843,0,2.74,0.333,MEDAZEPAM,0.071,novel,6.176
CHEMBL41583,CC(=O)c1c(NC(=O)C(C)C)sc2c1CCN(C(C)=O)C2,-5.98,308.4,2.45,66.5,1,4,3,2.42,0.872,0,2.96,0.206,FLUTAMIDE,0.094,novel,6.175
CHEMBL24746,O=C(O)COc1ccc2c(-c3ccccc3)nsc2c1Cl,-6.19,319.8,4.08,59.4,1,4,4,2.31,0.787,0,2.34,0.444,TICRYNAFEN,0.164,novel,6.174
CHEMBL14899,CNc1nc(Cl)c(Sc2ccccc2)c(N2CCN(C)CC2)n1,-6.02,349.9,3.07,44.3,1,6,4,2.53,0.856,0,2.84,0.286,LOXAPINE,0.115,novel,6.174
CHEMBL9819,CN(C(=O)CN)c1ccc(Cl)cc1C(=O)c1ccccc1,-5.99,302.8,2.49,63.4,1,3,4,2.07,0.883,0,2.93,0.333,OXYBENZONE,0.169,novel,6.173
CHEMBL22986,Cc1noc(C)c1C(OC1CCNCC1)c1ccc(C(C)C)cc1,-6.29,328.5,4.27,47.3,1,4,5,3.1,0.89,0,2.05,0.302,DIPHENYLPYRALINE,0.082,novel,6.172
CHEMBL14793,Cn1c(-c2ccccc2)c(CCNC(=O)C2CCC2)c2ccccc21,-6.39,332.4,4.3,34.0,1,1,5,2.02,0.742,0,1.77,0.333,GRANISETRON,0.186,novel,6.171
CHEMBL638,C[C@@H](c1ncncc1F)[C@](O)(Cn1cncn1)c1ccc(F)cc1F,-6.48,349.3,2.18,76.7,1,5,5,3.59,0.764,0,2.95,1.0,VORICONAZOLE,0.105,likely-known-drug-chemistry,6.17
CHEMBL17119,CCOC(=O)N1C(c2ccccc2)=NN=C(c2ccccc2)N1C(=O)OCC,-6.0,380.4,3.64,83.8,0,6,4,2.66,0.811,0,2.87,0.396,ETOMIDATE,0.19,novel,6.17
CHEMBL277684,CCN(CC)Cc1ccc(-c2cc(S(=O)(=O)CC)ccc2OC)[nH]1,-5.92,350.5,3.33,62.4,1,4,8,2.53,0.793,0,3.11,0.243,SULPIRIDE,0.086,novel,6.168
CHEMBL25812,CCCN1CC=C(c2c[nH]c3ccc(OC)cc23)CC1,-6.51,270.4,3.68,28.3,1,2,4,2.32,0.918,0,1.43,0.355,MELATONIN,0.083,novel,6.167
CHEMBL831,CN1CCN(C2=Nc3ccccc3Oc3ccc(Cl)cc32)CC1,-6.7,327.8,3.77,28.1,0,4,0,2.3,0.737,0,2.29,1.0,LOXAPINE,0.075,likely-known-drug-chemistry,6.166
CHEMBL280781,Cc1ccc(C(O)(c2cncnc2)C2CCCCC2)cc1,-6.32,282.4,3.6,46.0,1,3,3,2.82,0.935,0,1.97,0.308,TRIDIHEXETHYL,0.082,novel,6.165
CHEMBL40249,CCN(CC)CCCN(C)c1[nH]cc(C)c2nc3ccncc3c1-2,-6.15,325.5,3.54,48.0,1,4,7,3.06,0.722,0,2.44,0.25,DIBUCAINE,0.12,novel,6.165
CHEMBL50955,Cc1[nH]cnc1[C@@H]1[C@@H](c2cccc3c2CCO3)C1(C)C,-6.41,268.4,3.56,37.9,1,2,2,3.6,0.904,0,1.69,0.355,TASIMELTEON,0.08,novel,6.164
CHEMBL22211,CN(C(=O)c1ccc(Cl)c(Cl)c1)[C@H]1CCCC[C@@]12CCCN2C,-6.29,355.3,4.47,23.6,0,2,2,3.85,0.781,0,2.05,0.25,LEVORPHANOL,0.092,novel,6.164
CHEMBL278976,COC(=O)c1sc(C(C)(C)C)cc1NC(=O)Nc1ccc(OC)cc1,-6.33,362.5,4.48,76.7,2,5,4,2.18,0.786,0,1.93,0.353,AVOBENZONE,0.117,novel,6.163
CHEMBL19339,COc1ccc2c(c1)C(N1CCN(C(=O)C3CC3)CC1)CC2,-6.13,300.4,2.24,32.8,0,3,3,2.56,0.858,0,2.49,0.328,PRAZIQUANTEL,0.1,novel,6.163
CHEMBL22117,CC1(c2ccccc2)CCCN(C2CCCCC2O)C1,-6.46,273.4,3.34,23.5,1,2,2,3.25,0.893,0,1.53,0.303,LEVOCABASTINE,0.108,novel,6.16
CHEMBL37414,Cc1csc(Sc2cc3c(cc2NS(C)(=O)=O)CCC3=O)n1,-5.92,354.5,3.1,76.1,1,6,4,2.79,0.913,0,3.08,0.225,AMSACRINE,0.064,novel,6.16
CHEMBL55883,CCCn1c(=O)c2nc(N3CCCCC3)[nH]c2n(CCC)c1=O,-6.15,319.4,1.7,75.9,1,4,5,2.67,0.91,0,2.43,0.236,DIPYRIDAMOLE,0.083,novel,6.159
CHEMBL15206,C=C(c1ccccc1OCC(O)CNC(C)(C)C)n1cccn1,-6.1,315.4,2.53,59.3,2,4,7,3.11,0.824,0,2.57,0.475,PENBUTOLOL,0.148,novel,6.158
CHEMBL281322,CCN1C(=O)N(C2CCN(C(C)CCC(C)C)CC2)[C@@H]2CCCC[C@H]21,-6.25,349.6,4.34,26.8,0,2,6,3.61,0.713,0,2.15,0.224,DAPRODUSTAT,0.118,novel,6.157
CHEMBL56651,C[C@@H](CN1CCCC1)N(C)C(=O)Cc1ccc(Cl)c(Cl)c1,-6.17,329.3,3.48,23.6,0,2,5,2.62,0.826,0,2.37,0.274,ELIGLUSTAT,0.129,novel,6.157
CHEMBL36080,CCN1c2cc(C)c(C)cc2N(C)S(=O)(=O)c2cccnc21,-5.88,317.4,2.99,53.5,0,4,1,2.69,0.811,0,3.2,0.328,PIROXICAM,0.104,novel,6.157
CHEMBL9564,O=C1c2ccccc2CCCN1CCN1CCC(Oc2ccccc2)CC1,-6.04,364.5,3.62,32.8,0,3,5,2.13,0.812,0,2.73,0.286,DIPHENYLPYRALINE,0.108,novel,6.156
CHEMBL40951,CC(=O)c1c(NC(=O)C2CC2)sc2c1CCN(C(C)=O)C2,-6.01,306.4,2.2,66.5,1,4,3,2.38,0.871,0,2.8,0.234,PRASUGREL,0.081,novel,6.156
CHEMBL6370,Cc1ccc(Sc2cncc3sc(C(=O)O)cc23)cc1,-6.38,301.4,4.45,50.2,1,4,3,2.44,0.776,0,1.77,0.23,AXITINIB,0.132,novel,6.153
CHEMBL19374,COc1ccc2c(c1)[C@H](N1CCN(C(=O)C(C)C)CC1)CC2,-6.07,302.4,2.48,32.8,0,3,3,2.6,0.86,0,2.64,0.309,NAPROXEN,0.113,novel,6.153
CHEMBL21170,CC(Cc1ccccn1)NC1c2ccccc2Oc2ccccc21,-6.46,316.4,4.5,34.2,1,3,4,2.75,0.769,0,1.52,0.356,BETAHISTINE,0.122,novel,6.152
CHEMBL430722,CNCC(=O)N1c2ccccc2N2CCc3cccc(c32)C1C,-6.19,307.4,3.01,35.6,1,3,2,3.01,0.926,0,2.3,0.298,DESIPRAMINE,0.138,novel,6.151
CHEMBL32653,CCCNC(=O)Oc1ccc2c(c1)[C@@H]1CCN(CC)C1C2,-6.18,288.4,2.92,41.6,1,3,4,3.13,0.926,0,2.31,0.296,PHYSOSTIGMINE,0.133,novel,6.15
CHEMBL23088,O=C(O)C1CCc2sc(CCn3ccnc3)cc2C1,-6.13,276.4,2.38,55.1,1,3,4,3.13,0.932,0,2.44,0.286,OZAGREL,0.098,novel,6.15
CHEMBL29330,CN(C)CCCN1c2ccccc2NC(=O)c2ccccc21,-6.29,295.4,3.34,35.6,1,3,4,2.07,0.939,0,2.0,0.512,IMIPRAMINE,0.138,novel,6.149
CHEMBL293786,Cc1cccc(NC(=O)NC2N=C(C3CCC3)c3ccccc3N(C)C2=O)c1,-6.19,376.5,3.71,73.8,2,3,3,2.82,0.857,0,2.29,0.301,LORMETAZEPAM,0.111,novel,6.149
CHEMBL296550,CCc1cccc2c3c([nH]c12)C(CC)(CC(=O)O)OCC3=O,-6.23,301.3,3.02,79.4,2,3,4,3.47,0.909,0,2.17,0.655,ETODOLAC,0.167,novel,6.148
CHEMBL15627,CCCC1=C(C(=O)OCC)C(c2cccc(Cl)c2)NC(=O)N1,-6.12,322.8,3.31,67.4,2,3,5,2.71,0.817,0,2.47,0.359,FELODIPINE,0.136,novel,6.148
CHEMBL43024,CNC(=O)OCc1c(COC(=O)NC)c(-c2ccc(C)cc2)n(C)c1C,-6.06,359.4,3.02,81.6,2,4,5,2.6,0.86,0,2.65,0.278,TOLMETIN,0.122,novel,6.148
CHEMBL281363,CN1CCOc2c(C(=O)NC[C@@H]3CCCN3CCc3ccccc3)cc(Cl)cc21,-6.23,413.9,3.61,44.8,1,4,6,2.87,0.785,0,2.16,0.362,SULPIRIDE,0.141,novel,6.147
CHEMBL12099,CCCCN(CCCC)C1Cc2cccc3nc(O)n(c23)C1,-6.27,301.4,3.57,41.3,1,3,7,3.31,0.85,0,2.06,0.324,ROTIGOTINE,0.141,novel,6.146
CHEMBL12441,Cn1c(O)nnc1-c1cc(C(C)(C)C)c(O)c(C(C)(C)C)c1,-6.25,303.4,3.49,71.2,2,4,1,2.73,0.846,0,2.11,0.389,PROBUCOL,0.071,novel,6.146
CHEMBL277486,COc1ccc(Cn2c(N)nc3cc(Cl)c(Cl)cc32)cc1,-6.19,322.2,3.98,53.1,1,3,3,2.02,0.793,0,2.28,0.329,ASTEMIZOLE,0.071,novel,6.146
CHEMBL22950,CC(C)c1cccc(C(C)C)c1OC(=O)NS(=O)(=O)Oc1ccccc1,-6.23,377.5,4.35,81.7,1,5,6,2.44,0.809,0,2.15,0.34,FOSPROPOFOL,0.172,novel,6.145
CHEMBL24216,CCC1NC(=O)C(CCN(C(C)C)C(C)C)(c2ccccc2)C2CCCCN12,-6.32,385.6,4.15,35.6,1,3,7,4.04,0.766,0,1.91,0.324,BARBEXACLONE,0.129,novel,6.144
CHEMBL6386,C[C@]12CCC3c4ccc(O)cc4CCC3C1CC[C@@H]2O,-7.01,272.4,3.61,40.5,2,2,0,3.59,0.757,0,1.35,1.0,ESTRADIOL,0.082,likely-known-drug-chemistry,6.143
CHEMBL56944,Cc1cccc(NC(=O)NC2N=C(C3CCCC3)c3ccccc3N(C)C2=O)c1,-6.3,390.5,4.1,73.8,2,3,3,2.84,0.828,0,1.95,0.301,LORMETAZEPAM,0.111,novel,6.143
CHEMBL31996,CN1CCN(c2nc(Cl)c(Br)c(NC3CCCC3)n2)CC1,-5.99,374.7,3.0,44.3,1,5,3,2.55,0.824,0,2.84,0.241,GILTERITINIB,0.051,novel,6.143
CHEMBL416244,COc1ccc(Br)cc1CSc1ccccc1C1=NCCCN1,-6.41,391.3,4.49,33.6,1,4,5,2.47,0.763,0,1.62,0.236,BROMAZEPAM,0.087,novel,6.142
CHEMBL11148,CC(=O)NCCC1CCCc2cc3c(cc21)OCCO3,-6.18,275.3,2.4,47.6,1,3,3,2.85,0.921,0,2.28,0.393,RAMELTEON,0.115,novel,6.141
CHEMBL21934,Cc1nnc(NC(=O)c2cc(Br)cc(Br)c2O)s1,-6.17,393.1,3.33,75.1,2,5,2,2.33,0.821,0,2.32,0.523,TRIBROMSALAN,0.122,novel,6.141
CHEMBL12418,CCCC(=O)N[C@@H]1Cc2cccc3ccc(OC)c(c23)C1,-6.27,283.4,3.23,38.3,1,2,4,2.65,0.935,0,2.02,0.277,AGOMELATINE,0.182,novel,6.14
CHEMBL268585,O=S(=O)(CC[C@@H](O)[C@H]1CC[C@H](COCc2ccccc2)O1)c1ccccc1,-5.93,390.5,2.98,72.8,1,5,9,3.26,0.713,0,2.99,0.255,BENZYL BENZOATE,0.136,novel,6.14
CHEMBL417166,COCCC1CN(c2ccc(Cl)c(Cl)c2)NC1=O,-6.16,289.2,2.5,41.6,1,3,4,3.18,0.926,0,2.33,0.246,MUZOLIMINE,0.089,novel,6.138
CHEMBL12269,CCCN(CCC)C1Cc2cccc3nc(O)n(c23)C1,-6.19,273.4,2.79,41.3,1,3,5,3.36,0.91,0,2.24,0.375,ROTIGOTINE,0.129,novel,6.137
CHEMBL19189,O=C(O)Cc1nc(C2CCCCC2)oc1-c1ccco1,-6.25,275.3,3.61,76.5,1,4,4,2.61,0.922,0,2.07,0.259,OXAPROZIN,0.145,novel,6.135
CHEMBL273294,CC(=O)NCCc1cccc2ccc3c(c12)CC(C)O3,-6.24,269.3,2.84,38.3,1,2,3,2.79,0.93,0,2.1,0.439,AGOMELATINE,0.155,novel,6.135
CHEMBL10121,COc1ccc(Cc2cc(OC)c(OC)c(OC)c2)cc1O,-6.01,304.3,3.02,57.2,1,5,6,1.91,0.889,0,2.74,0.4,TRIMETHOPRIM,0.087,novel,6.135
CHEMBL33604,COc1cc(OC)c(C(=O)NCc2ccccc2)c(OC)c1,-5.98,301.3,2.64,56.8,1,4,6,1.72,0.891,0,2.85,0.434,PICOTAMIDE,0.194,novel,6.134
CHEMBL280374,COc1c(C(C)C)cc(Cc2cnc(N)nc2N)cc1C(C)C,-6.32,314.4,3.49,87.0,2,5,5,2.58,0.882,0,1.86,0.69,TRIMETHOPRIM,0.087,novel,6.132
CHEMBL275846,O=C1Nc2ccc(Cl)cc2C(OCCC2CC2)(C(F)(F)F)O1,-6.26,335.7,4.43,47.6,1,3,4,3.53,0.885,0,2.03,0.526,EFAVIRENZ,0.098,novel,6.131
CHEMBL50222,CCCc1nc(C)c2n1C(SC)=NNC2c1ccccc1,-6.2,300.4,3.32,42.2,1,4,3,3.44,0.945,0,2.21,0.291,ETHOTOIN,0.127,novel,6.131
CHEMBL416484,CC(=O)N(CCOC1CCCCO1)c1ccc(Oc2ccccc2)cc1,-6.04,355.4,4.38,48.0,0,4,7,2.65,0.74,0,2.65,0.286,OXYPHENONIUM,0.149,novel,6.129
CHEMBL9583,c1cc(SC2CCCCC2)ccc1NC1=NCCN1,-6.49,275.4,3.48,36.4,2,4,3,2.52,0.886,0,1.36,0.391,CLONIDINE,0.057,novel,6.128
CHEMBL278767,CCN1CCC[C@H]1CNC(=O)c1c(O)ccc(Cl)c1OC,-6.11,312.8,2.27,61.8,2,4,5,2.77,0.875,0,2.46,0.627,REMOXIPRIDE,0.133,novel,6.128
CHEMBL290862,CCOC(=O)c1c(NC(=O)C2CC2)sc2c1CCN(C(C)=O)C2,-5.97,336.4,2.18,75.7,1,5,4,2.26,0.855,0,2.86,0.247,OSELTAMIVIR,0.096,novel,6.128
CHEMBL26181,CCCN(CCC)[C@@H]1Cc2cccc3nc(O)n(c23)C1,-6.18,273.4,2.79,41.3,1,3,5,3.36,0.91,0,2.24,0.375,ROTIGOTINE,0.129,novel,6.126
CHEMBL18709,COC(=O)c1c(NC(=O)Nc2ccc(F)cc2)cc(C(C)(C)C)n1C,-6.17,347.4,3.89,72.4,2,3,3,2.46,0.827,0,2.26,0.288,EZOGABINE,0.128,novel,6.126
CHEMBL286992,CCOc1ccc(-n2c(C)c3c(C)nnc(CC)c3c2C)cc1,-6.23,309.4,4.31,39.9,0,3,4,2.49,0.721,0,2.09,0.292,PHENACETIN,0.079,novel,6.125
CHEMBL7807,CCCC(=O)Nc1ccc(N(C)c2cccc3c2CCO3)cc1,-6.32,310.4,4.13,41.6,1,3,5,2.28,0.903,0,1.83,0.403,TASIMELTEON,0.179,novel,6.124
CHEMBL49217,CCNc1nc(C)nc2c1c(C)cn2-c1c(C)cc(C)cc1C,-6.37,308.4,4.39,42.7,1,3,3,2.65,0.78,0,1.7,0.186,METAXALONE,0.078,novel,6.123
CHEMBL20706,CN(C)CC1CCCCN1C1c2ccccc2Oc2ccccc21,-6.34,322.5,4.3,15.7,0,3,3,2.89,0.838,0,1.77,0.309,ASENAPINE,0.101,novel,6.123
CHEMBL277687,Cc1cc(C(O)(c2ccc(C(C)C)cc2)C2CCN(C)CC2)sn1,-6.26,344.5,4.15,36.4,1,4,4,3.26,0.905,0,2.02,0.354,TERFENADINE,0.098,novel,6.123
CHEMBL17421,O=S1NC(Cc2c[nH]c3ccc(Br)cc23)=NO1,-6.14,314.2,1.98,66.5,2,3,2,3.92,0.89,0,2.35,0.286,SUMATRIPTAN,0.083,novel,6.123
CHEMBL33986,Oc1ccc2c(c1)[C@@]13CCCC[C@@]1(O)[C@@H](C2)N(CC1CCC1)CC3,-6.74,327.5,3.37,43.7,2,3,2,4.37,0.875,0,2.06,1.0,BUTORPHANOL,0.078,likely-known-drug-chemistry,6.122
CHEMBL46831,CCCOc1ccccc1-c1nc(O)c2c(C)snc2n1,-6.08,301.4,3.56,68.1,1,6,4,2.76,0.798,0,2.52,0.239,PROPOXYCAINE,0.141,novel,6.122
CHEMBL39733,CC(C)C1CCc2cc(CC(=O)O)cc(Cl)c2N1,-6.38,267.8,3.35,49.3,2,2,3,3.1,0.883,0,1.65,0.312,IBUFENAC,0.117,novel,6.121
CHEMBL407,CCOC(=O)c1ncn2c1CN(C)C(=O)c1cc(F)ccc1-2,-6.43,303.3,1.77,64.4,0,4,2,2.53,0.793,0,2.95,1.0,FLUMAZENIL,0.118,likely-known-drug-chemistry,6.12
CHEMBL286690,CCN1CC[C@@]2(C)c3cc(OC(=O)NCc4ccccc4)ccc3CC12,-6.14,350.5,3.88,41.6,1,3,4,3.12,0.91,0,2.34,0.397,PHYSOSTIGMINE SALICYLATE,0.151,novel,6.12
CHEMBL59112,Cc1ccnc(NS(=O)(=O)c2cc(Cl)ccc2Cl)n1,-5.92,318.2,2.89,72.0,1,4,3,2.1,0.944,0,2.96,0.522,SULFAMERAZINE,0.092,novel,6.12
CHEMBL19793,CCn1cc(C(=O)O)c(=O)c2cc(F)c(N3CC(N)C3C)c(F)c21,-6.32,337.3,1.53,88.6,2,4,3,3.67,0.887,0,1.82,0.639,LOMEFLOXACIN,0.131,novel,6.119
CHEMBL300920,NC1=NC(=O)[C@H](Cc2ccccc2)N1C(=O)OCc1ccccc1,-6.09,323.4,2.09,85.0,1,4,4,2.7,0.933,0,2.48,0.378,BENZYL BENZOATE,0.149,novel,6.116
CHEMBL48017,COc1ccc(C(=O)Nc2c(Cl)cncc2Cl)cc1OC,-6.02,327.2,3.66,60.5,1,4,4,1.92,0.931,0,2.67,0.536,ROFLUMILAST,0.123,novel,6.116
CHEMBL52665,Brc1cccc(Nc2ncnc3ccncc23)c1,-6.16,301.1,3.53,50.7,1,4,2,2.13,0.786,0,2.29,0.377,ERLOTINIB,0.087,novel,6.115
CHEMBL10483,CCOC(=O)c1[nH]cc2nc3ccc(OC)cc3c-2c1COC,-5.96,314.3,3.0,73.4,1,5,5,2.6,0.733,0,2.83,0.343,INDOMETHACIN,0.145,novel,6.114
CHEMBL17014,OCCN1CCN(C2=Nc3ccccc3CC=C2c2ccc(O)cc2)CC1,-5.89,363.5,2.67,59.3,2,5,3,2.56,0.88,0,3.02,0.385,QUETIAPINE,0.107,novel,6.114
CHEMBL37423,OCCN1CCC2(CC1)Oc1ccccc1C2n1cccc1,-6.18,298.4,2.3,37.6,1,3,3,3.62,0.945,0,2.21,0.288,FENSPIRIDE,0.114,novel,6.112
CHEMBL280078,CC(=O)Nc1cc2c(s1)CN(C)CC2c1ccc(Cl)cc1,-6.31,320.8,3.94,32.3,1,3,2,3.09,0.909,0,1.83,0.328,NOMIFENSINE MALEATE,0.1,novel,6.111
CHEMBL47730,CC(C)(C)c1nc(CC(N)C(=O)O)cn1Cc1ccccc1,-6.24,301.4,2.18,81.1,2,3,5,2.85,0.887,0,2.02,0.392,AMPHETAMINE ASPARTATE,0.197,novel,6.108
CHEMBL289532,Fc1cccc(F)c1CSc1ccccc1C1=NCCCN1,-6.39,318.4,4.0,24.4,1,3,4,2.52,0.862,0,1.6,0.268,NAPHAZOLINE,0.114,novel,6.105
CHEMBL18987,CC(C)N(C(=O)N1C[C@H](C(=O)O)[C@H](NCc2ccccc2)C1)C(C)C,-5.99,347.5,2.4,72.9,2,3,6,3.2,0.829,0,2.74,0.324,RAMIPRIL,0.182,novel,6.105
CHEMBL16792,COc1ccccc1C(=O)NC[C@]1(c2ccccc2)CC[C@@H](NC(C)=O)CC1,-6.05,380.5,3.44,67.4,2,3,6,2.21,0.807,0,2.55,0.312,GLYBURIDE,0.163,novel,6.104
CHEMBL24731,COc1ccc2[nH]cc(CCC3CCNCC3)c2c1,-6.44,258.4,3.11,37.0,2,2,4,2.19,0.884,0,1.43,0.622,INDALPINE,0.075,novel,6.101
CHEMBL282265,O=C(O)C1CCc2cc(CCn3ccnc3)sc2C1,-6.09,276.4,2.38,55.1,1,3,4,3.2,0.932,0,2.44,0.286,OZAGREL,0.091,novel,6.101
CHEMBL275451,O=C1c2ccccc2CCCN1CCN1CCC(Oc2ccc(F)cc2)CC1,-6.07,382.5,3.76,32.8,0,3,5,2.19,0.789,0,2.49,0.329,KETANSERIN,0.093,novel,6.101
CHEMBL417821,CCOC(=O)Cc1nc(-c2ccccc2)oc1C1CCCO1,-5.87,301.3,3.3,61.6,0,5,5,2.89,0.793,0,3.06,0.289,SOFPIRONIUM,0.163,novel,6.1
CHEMBL38855,CCCN(CCC)C1COc2c(cccc2C(=O)c2ccsc2)C1,-6.2,343.5,4.4,29.5,0,4,7,3.12,0.698,0,2.12,0.371,ROTIGOTINE,0.16,novel,6.099
CHEMBL27399,CCCN(CCC)[C@@H]1Cc2cccc3c2N(CC(=O)N3)C1,-6.18,287.4,2.49,35.6,1,3,5,3.19,0.904,0,2.17,0.362,ROPINIROLE,0.125,novel,6.098
CHEMBL29116,CC(C)(C)C12COC(c3ccc(Br)cc3)(OC1)OC2,-6.12,327.2,3.67,27.7,0,3,1,3.94,0.788,0,2.33,0.207,BROMPERIDOL,0.074,novel,6.098
CHEMBL10755,CC(C)C(O)(Cn1cncn1)C(C)(O)c1ccc(Cl)cc1,-6.12,309.8,2.23,71.2,2,4,5,3.48,0.888,0,2.34,0.37,FLUCONAZOLE,0.104,novel,6.098
CHEMBL38181,Cc1cccc(N(CC(=O)O)S(=O)(=O)c2ccccc2)c1,-6.01,305.4,2.27,74.7,1,3,5,1.83,0.919,0,2.65,0.306,PROBENECID,0.217,novel,6.098
CHEMBL287218,CCOC(=O)[C@H](C)C[C@@H](C)C(=O)N1c2ccccc2CC1C(=O)O,-6.0,333.4,2.25,83.9,1,4,6,3.28,0.807,0,2.69,0.455,QUINAPRIL,0.169,novel,6.097
CHEMBL16556,C=Cc1cc(C(=O)O)c(=O)n2cc(F)c(N3CC[C@H](N)C3)c(C)c12,-6.29,331.3,1.63,88.0,2,4,3,3.41,0.892,0,1.83,0.39,BESIFLOXACIN,0.1,novel,6.096
CHEMBL406977,CN1CCN(Cc2ccc(Cl)cc2Cl)C(C2=NCCCN2)C1,-6.04,341.3,2.5,30.9,1,4,3,3.17,0.917,0,2.56,0.275,LOXAPINE,0.068,novel,6.096
CHEMBL289731,CCc1csc(Sc2cc3c(cc2NS(C)(=O)=O)CCC3=O)n1,-5.92,368.5,3.36,76.1,1,6,5,2.84,0.876,0,2.91,0.216,AMSACRINE,0.08,novel,6.096
CHEMBL11979,CCCN(CCC)C1Cc2cccc3c2N(CC(=O)N3)C1,-6.17,287.4,2.49,35.6,1,3,5,3.19,0.904,0,2.17,0.362,ROPINIROLE,0.125,novel,6.095
CHEMBL43461,CCc1csc(Sc2cc3c(cc2NS(C)(=O)=O)COC3=O)n1,-5.91,370.5,2.9,85.4,1,7,5,2.93,0.815,0,2.94,0.211,AMSACRINE,0.1,novel,6.095
CHEMBL17897,CCN(CC)c1nc(C)nc2c1sc(=O)n2-c1c(C)cc(C)cc1C,-5.89,356.5,3.92,51.0,0,5,4,2.86,0.711,0,2.98,0.194,METAXALONE,0.082,novel,6.095
CHEMBL10345,CC(C)OC1=C(c2ccc(S(C)(=O)=O)cc2)C(C)(C)OC1=O,-5.71,324.4,2.56,69.7,0,5,4,2.56,0.796,0,3.49,0.36,ROFECOXIB,0.109,novel,6.095
CHEMBL281089,CC(C)N(CCC1(c2ccccc2)C(=O)NC(C)N2CCCCC21)C(C)C,-6.15,371.6,3.76,35.6,1,3,6,3.97,0.827,0,2.25,0.31,BARBEXACLONE,0.13,novel,6.094
CHEMBL279583,CCCC(=O)Nc1c2c(nc3cc(F)ccc13)CCCC2,-6.34,286.4,3.99,42.0,1,2,3,2.2,0.927,0,1.7,0.333,BLONANSERIN,0.184,novel,6.093
CHEMBL15493,C=C(c1ccccc1OCC(O)CN1CCCC1)n1ccnc1,-6.02,313.4,2.24,50.5,1,4,7,2.9,0.852,0,2.6,0.373,NAFTOPIDIL,0.107,novel,6.093
CHEMBL40061,O=C(NCCN1CCCCC1)C(c1ccccc1)c1ccccc1,-6.19,322.5,3.42,32.3,1,2,6,1.83,0.884,0,2.13,0.415,GUANETHIDINE,0.212,novel,6.092
CHEMBL32390,CC(C)[C@H]1CC[C@H](C(=O)N[C@@H](Cc2ccccc2)C(N)=O)CC1,-6.01,316.4,2.66,72.2,2,2,6,2.41,0.847,0,2.62,0.814,NATEGLINIDE,0.194,novel,6.092
CHEMBL295237,O=C1c2ccc(O)cc2[C@@]23CCCC[C@H]2[C@@H]1N(CCCF)CC3,-6.14,317.4,3.45,40.5,1,3,3,4.55,0.928,0,2.25,0.476,LEVALLORPHAN,0.108,novel,6.091
CHEMBL18186,COc1ccc(-c2nc(CN)sc2-c2ccc(OC)cc2)cc1,-6.08,326.4,3.95,57.4,1,5,5,2.03,0.771,0,2.43,0.34,MOFEZOLAC,0.078,novel,6.09
CHEMBL32992,COc1cc(OC)c(C(=O)CCc2ccccc2)c(OC)c1,-6.04,300.4,3.53,44.8,0,4,7,1.83,0.734,0,2.55,0.511,BUFLOMEDIL,0.182,novel,6.09
CHEMBL276089,CCOC(=O)Cc1nc(-c2ccc(Cl)cc2)oc1N1CCCC1,-5.88,334.8,3.7,55.6,0,5,5,2.26,0.78,0,3.01,0.324,ALPIDEM,0.122,novel,6.089
CHEMBL10173,Clc1cccc(-c2cncc(O[C@@H]3CCNC3)c2)c1,-6.26,274.8,3.14,34.1,1,3,3,2.66,0.934,0,1.89,0.281,VADADUSTAT,0.068,novel,6.088
CHEMBL296640,Cc1cc(C)c2c(=O)n(CCCN3CCCCC3)sc2c1,-6.18,304.5,3.56,25.2,0,3,4,2.57,0.863,0,2.13,0.293,BUFLOMEDIL,0.09,novel,6.087
CHEMBL292192,OC(CCCN1CCCCC1)(c1ccccc1)c1ccccn1,-6.22,310.4,3.58,36.4,1,3,6,2.67,0.886,0,2.02,0.725,DIPHENIDOL,0.133,novel,6.086
CHEMBL287343,CCC(=O)NCc1cc2c(OC)cccc2n1-c1ccccc1,-6.19,308.4,3.67,43.3,1,2,5,2.11,0.781,0,2.11,0.274,RANOLAZINE,0.184,novel,6.086
CHEMBL29115,CC(C)(C)C1CS(=O)(=O)C(c2ccccc2O)S(=O)(=O)C1,-6.09,332.4,1.9,88.5,1,5,1,3.1,0.848,0,2.38,0.275,METHYL SALICYLATE,0.136,novel,6.086
CHEMBL301510,COc1ccc(Cl)cc1NC(=O)OCCN1CCCCC1,-6.06,312.8,3.38,50.8,1,4,5,1.87,0.905,0,2.48,0.411,BUFLOMEDIL,0.113,novel,6.085
CHEMBL10691,OC(c1ccc(F)cc1)C(O)(Cn1cncn1)c1ccc(F)cc1,-6.05,331.3,2.18,71.2,2,4,5,3.13,0.752,0,2.51,0.49,FLUCONAZOLE,0.135,novel,6.085
CHEMBL28923,CNCC(=O)N1c2ccccc2N2CCc3cc(Cl)cc(c32)C1C,-6.14,341.8,3.66,35.6,1,3,2,3.15,0.905,0,2.25,0.293,INDAPAMIDE,0.131,novel,6.084
CHEMBL276255,C[C@H]1CCCN(CC[C@H](C)N(C)S(=O)(=O)c2cccc3ccccc23)C1,-6.01,374.6,3.97,40.6,0,3,6,2.98,0.768,0,2.62,0.275,PIPERIDOLATE,0.211,novel,6.084
CHEMBL49417,O=C(Cc1ccc(OC(=O)NN2CCOCC2)cc1)OCc1ccccc1,-5.87,370.4,2.31,77.1,1,6,6,2.18,0.787,0,3.02,0.338,TIRBANIBULIN,0.138,novel,6.084
CHEMBL6528,CN(C)CC1c2ccccc2C(c2ccccc2)CN1C,-6.26,280.4,3.37,6.5,0,2,3,3.02,0.85,0,1.9,0.404,NOMIFENSINE,0.129,novel,6.083
CHEMBL30027,COc1cc2c(C)nc(O)c(C3CCCC3)c2cc1OC,-6.24,287.4,3.92,51.6,1,4,3,2.41,0.929,0,1.96,0.292,TERAZOSIN,0.077,novel,6.083
CHEMBL266316,O=C1Nc2c(C(F)(F)F)cccc2C12OCCO2,-6.28,259.2,1.86,47.6,1,3,0,3.29,0.773,0,1.83,0.241,FLUMEXADOL,0.129,novel,6.082
CHEMBL52790,COc1ccc2c(c1)C(CCCN1CCNCC1)CCC2,-6.22,288.4,2.8,24.5,1,3,5,2.73,0.901,0,1.99,0.338,DEXTROMETHORPHAN,0.071,novel,6.082
CHEMBL20928,OC1CCCCC1N1CCC(Cc2ccccc2)CC1,-6.36,273.4,3.24,23.5,1,2,3,2.7,0.914,0,1.59,0.294,PROCYCLIDINE,0.129,novel,6.081
CHEMBL53262,OC(c1ccccc1)(c1ccccc1)C1CC2CCN1CC2,-6.33,293.4,3.41,23.5,1,2,3,3.51,0.937,0,1.68,0.348,PROCYCLIDINE,0.121,novel,6.08
CHEMBL291483,O=c1c2c(oc(O)c1C(c1ccccc1)C1CC1)CCCC2,-6.18,296.4,3.77,50.4,1,3,3,3.18,0.938,0,2.1,0.281,PHENPROCOUMON,0.149,novel,6.077
CHEMBL17764,FC(F)(F)Cn1ncnc1-c1ccccc1NCC1=NCCN1,-6.08,324.3,1.92,67.1,2,5,5,2.94,0.882,0,2.4,0.327,TOLAZOLINE,0.119,novel,6.077
CHEMBL34765,CCCC(=O)Nc1c2c(nc3ccc(F)cc13)CCCC2,-6.32,286.4,3.99,42.0,1,2,3,2.18,0.927,0,1.7,0.339,TYROPANOIC ACID,0.2,novel,6.075
CHEMBL538394,NCCc1c(-c2ccccc2)n(C(=O)C2CCC2)c2ccccc12,-6.22,318.4,4.25,48.0,1,2,4,2.29,0.782,0,1.98,0.274,LISINOPRIL ANHYDROUS,0.176,novel,6.075
CHEMBL53453,CCCn1c(=O)c2nc(NC3CCCC3)[nH]c2n(CCC)c1=O,-6.2,319.4,2.06,84.7,2,4,6,2.69,0.853,0,2.04,0.25,ROPIVACAINE,0.101,novel,6.074
CHEMBL275465,CC(C)[C@H]1OC(=O)O[C@@]1(Cn1cncn1)c1ccc(Cl)cc1,-5.71,321.8,3.02,66.2,0,5,4,3.73,0.81,0,3.45,0.345,TERCONAZOLE,0.109,novel,6.074
CHEMBL28956,CNCCC(=O)N1c2ccccc2N2CCc3cccc(c32)C1C,-6.14,321.4,3.4,35.6,1,3,3,2.99,0.941,0,2.21,0.333,DESIPRAMINE,0.148,novel,6.072
CHEMBL49514,CCOC(c1ccc(N(C)C)cc1)c1ccc(C(C)C)cc(=O)c1O,-6.09,341.5,4.07,49.8,1,4,6,2.94,0.86,0,2.33,0.259,ORPHENADRINE,0.13,novel,6.07
CHEMBL40471,CC(=O)N1CCc2c(sc(NC(=O)C(C)C)c2C(C)O)C1,-6.06,310.4,2.3,69.6,2,4,3,3.05,0.9,0,2.42,0.203,FLUTAMIDE,0.103,novel,6.07
CHEMBL45095,O=C(O)c1cn(C2CC2)c2cc(NC3CC3)c(F)cc2c1=O,-6.03,302.3,2.75,71.3,2,3,4,2.38,0.911,0,2.51,0.6,CIPROFLOXACIN,0.143,novel,6.07
CHEMBL43827,COC(=O)Nc1c(OCCN2CCCCC2)c(OC)c2occc2c1OC,-6.0,378.4,3.49,82.4,1,7,7,2.7,0.79,0,2.61,0.323,DYCLONINE,0.105,novel,6.07
CHEMBL290013,CN1CCN(C2=Nc3cscc3Nc3ccc(Cl)cc32)CC1,-6.21,332.9,3.78,30.9,1,5,0,2.8,0.796,0,2.0,0.647,CLOZAPINE,0.052,novel,6.069
CHEMBL12815,CCCC(=O)N[C@H]1Cc2cccc3ccc(OC)c(c23)C1,-6.2,283.4,3.23,38.3,1,2,4,2.65,0.935,0,2.02,0.277,AGOMELATINE,0.182,novel,6.068
CHEMBL295565,O=c1c2cc(Cl)c(Cl)cc2sn1CCN1CCCC1,-6.1,317.2,3.47,25.2,0,3,3,2.6,0.866,0,2.3,0.264,PITOLISANT,0.075,novel,6.067
CHEMBL43721,COc1c(NC(C)=O)c(OCCN2CCCCC2)c(OC)c2occc12,-5.83,362.4,3.27,73.2,1,6,7,2.65,0.815,0,3.08,0.325,BAZEDOXIFENE ACETATE,0.106,novel,6.067
CHEMBL293973,C[C@@H](CN(C)C(=O)Cc1ccc(Cl)c(Cl)c1)N1CCCC1,-6.08,329.3,3.48,23.6,0,2,5,2.66,0.826,0,2.37,0.302,DEXTROMORAMIDE,0.129,novel,6.066
CHEMBL37369,CCCC(OCCN1CCN(CCC(=O)O)CC1)c1ccccc1,-5.83,334.5,2.64,53.0,1,4,10,2.57,0.713,0,3.07,0.414,CETIRIZINE,0.246,novel,6.065
CHEMBL295726,N#Cc1cccc(NC(=O)NCCN2CCC(Cc3ccccc3)CC2)c1,-6.0,362.5,3.63,68.2,2,3,6,2.03,0.824,0,2.59,0.324,PERICIAZINE,0.141,novel,6.064
CHEMBL12455,CC(C)N(CCC(CCn1cccc1)(C(N)=O)c1ccccc1F)C(C)C,-6.04,373.5,3.95,51.3,1,2,10,3.33,0.686,0,2.48,0.387,DISOPYRAMIDE,0.182,novel,6.063
CHEMBL15476,CN1C(CC(=O)c2ccccc2)CCCC1CC(O)c1ccccc1,-6.2,337.5,4.24,40.5,1,3,6,3.11,0.802,0,2.0,0.345,HOMATROPINE,0.232,novel,6.062
CHEMBL61261,COc1c(C)cnc(CCC2Nc3ccccc3S2)c1C,-6.36,300.4,4.18,34.1,1,4,4,3.31,0.918,0,1.55,0.353,OMEPRAZOLE,0.084,novel,6.06
CHEMBL33173,CCN1CC[C@@]2(C)c3cc(OC(=O)N[C@@H](C)c4ccccc4)ccc3CC12,-6.17,364.5,4.44,41.6,1,3,4,3.38,0.872,0,2.07,0.388,PHYSOSTIGMINE SALICYLATE,0.202,novel,6.058
CHEMBL35777,COC(=O)c1cc(C)ccc1CCCn1cnc2c1NC=NCC2O,-6.13,342.4,2.1,88.7,2,6,5,3.41,0.812,0,2.18,0.233,FLUMAZENIL,0.108,novel,6.057
CHEMBL285641,O=C(O)C(NS(=O)(=O)c1ccc(F)cc1)c1ccccc1,-6.23,309.3,1.93,83.5,2,3,5,2.22,0.884,0,1.9,0.356,SULFABENZAMIDE,0.219,novel,6.056
CHEMBL32879,CC(NC1=NS(=O)(=O)c2cc(Cl)cnc2N1)C(C)(C)C,-6.15,316.8,2.23,83.5,2,5,1,3.67,0.83,0,2.14,0.246,DIAZOXIDE,0.101,novel,6.056
CHEMBL429202,O=C1c2ccccc2CCCN1CCN1CCC(Oc2ccc(Cl)cc2)CC1,-6.17,398.9,4.27,32.8,0,3,5,2.18,0.753,0,2.06,0.316,BEPOTASTINE,0.089,novel,6.055
CHEMBL277458,Cc1cc(C(c2ccc(C(C)C)cc2)N2CCNCC2)sn1,-6.23,315.5,3.57,28.2,1,4,4,3.01,0.935,0,1.89,0.274,MECLIZINE,0.077,novel,6.053
CHEMBL26808,CN(C)CCN1c2ccccc2N(C)S(=O)(=O)c2ccccc21,-5.78,331.4,2.52,43.9,0,4,3,2.39,0.867,0,3.17,0.477,DIBENZEPIN,0.127,novel,6.053
CHEMBL19927,CC1C(N)CN1c1cc2c(cc1F)c(=O)c(C(=O)O)cn2C1CC1,-6.24,331.3,1.71,88.6,2,4,3,3.53,0.894,0,1.86,0.61,CIPROFLOXACIN,0.105,novel,6.051
CHEMBL266545,CCNc1cccnc1N1CCN(C(=O)c2cccs2)CC1,-5.93,316.4,2.54,48.5,1,5,4,2.16,0.942,0,2.75,0.377,DELAVIRDINE,0.136,novel,6.049
CHEMBL53366,Cc1nccn1CCC(C(N)=O)(c1ccccc1)c1ccccc1,-5.86,319.4,3.05,60.9,1,2,6,2.29,0.759,0,2.95,0.449,ISOPROPAMIDE,0.167,novel,6.049
CHEMBL562,COC1=CC(=O)C[C@@H](C)[C@]12Oc1c(Cl)c(OC)cc(OC)c1C2=O,-6.08,352.8,2.81,71.1,0,6,3,4.19,0.833,0,3.74,1.0,GRISEOFULVIN,0.078,likely-known-drug-chemistry,6.048
CHEMBL48113,O=C(OC1CN2CCC1CC2)C(CO)c1ccc(Cl)cc1,-6.03,309.8,2.05,49.8,1,4,4,3.83,0.865,0,2.44,0.411,ATROPINE,0.162,novel,6.047
CHEMBL41405,C=Cc1csc(Sc2cc3c(cc2NS(C)(=O)=O)COC3=O)n1,-5.87,368.5,2.98,85.4,1,7,5,3.21,0.817,0,2.91,0.208,AMSACRINE,0.104,novel,6.047
CHEMBL40232,CN1CCN(Cc2ccc(Cl)cc2Cl)C(C2=NCCN2)C1,-6.11,327.3,2.11,30.9,1,4,3,3.15,0.923,0,2.22,0.284,LOXAPINE,0.07,novel,6.046
CHEMBL416206,NCCCn1c2c(c3ccccc31)C(=O)CN1CCCCC21,-5.93,297.4,2.71,51.3,1,3,3,3.14,0.947,0,2.72,0.277,IPRINDOLE,0.12,novel,6.046
CHEMBL39912,COc1ccc(CCC(=O)OC2CCN(C)CC2)cc1OC,-5.87,307.4,2.27,48.0,0,5,6,2.0,0.755,0,2.91,0.403,VERNAKALANT,0.115,novel,6.046
CHEMBL42,CN1CCN(C2=Nc3cc(Cl)ccc3Nc3ccccc32)CC1,-6.69,326.8,3.72,30.9,1,4,0,2.33,0.8,0,1.97,1.0,CLOZAPINE,0.074,likely-known-drug-chemistry,6.045
CHEMBL30590,CCN([C@@H]1CCN2CCc3ccccc3[C@@H]2C1)S(C)(=O)=O,-5.97,308.4,2.03,40.6,0,3,3,3.18,0.858,0,2.62,0.339,RASAGILINE MESYLATE,0.127,novel,6.045
CHEMBL267190,COC(=O)CC/C=C\CC[C@H]1C(=O)C[C@@H](O)[C@@H]1/C=C/CC(C)(O)CCC1CC1,-6.21,392.5,3.73,83.8,2,5,12,4.23,0.39,0,1.91,0.656,MISOPROSTOL,0.103,novel,6.044
CHEMBL291918,Cc1ccccc1C(=O)NCCC1CCN(Cc2ccccc2)CC1,-6.21,336.5,4.03,32.3,1,2,6,1.77,0.864,0,1.92,0.364,DONEPEZIL,0.187,novel,6.042
CHEMBL9185,c1cc(N2CCCN(c3ccc(C4=NCCN4)cc3)CC2)ccc1C1=NCCN1,-6.04,388.5,2.1,55.3,2,6,4,2.59,0.842,0,2.39,0.289,CLONIDINE,0.062,novel,6.042
CHEMBL9563,COc1ccc(Sc2ccc(C3=NCCCN3)cc2)cc1,-6.23,298.4,3.59,33.6,1,4,4,2.25,0.936,0,1.85,0.275,MEQUINOL,0.074,novel,6.038
CHEMBL296589,Cc1cccc(N2C(=O)CSC2c2c(F)cccc2F)n1,-6.04,306.3,3.45,33.2,0,3,2,2.92,0.852,0,2.39,0.226,EDARAVONE,0.1,novel,6.038
CHEMBL34859,CCOC(=O)c1cc(CCn2cnc3c2NC=NCC3O)ccc1C,-6.11,342.4,2.1,88.7,2,6,5,3.34,0.812,0,2.18,0.296,FLUMAZENIL,0.099,novel,6.037
CHEMBL55434,CC(C)Nc1ccc2c(c1)[C@@]1(C)CCN(CC3CC3)C(C2)[C@@H]1C,-6.46,312.5,4.44,15.3,1,2,4,4.21,0.884,0,1.2,0.468,PENTAZOCINE,0.097,novel,6.036
CHEMBL412875,c1ccc(C2(c3ccccc3)OC[C@@H]([C@@H]3CCCN3)O2)cc1,-6.16,295.4,3.06,30.5,1,3,3,3.21,0.944,0,2.05,0.25,METHYLPHENIDATE,0.091,novel,6.036
CHEMBL296491,COc1c(NC(C)=O)c(OCCN2CCN(C)CC2)c(OC)c2occc12,-5.89,377.4,2.03,76.4,1,7,7,2.7,0.791,0,2.82,0.267,ILOPERIDONE,0.107,novel,6.035
CHEMBL38364,CCCC(=O)Nc1c2c(nc3oc(C)nc13)CCCC2,-6.0,273.3,3.15,68.0,1,4,3,2.75,0.932,0,2.5,0.286,TYROPANOIC ACID,0.143,novel,6.034
CHEMBL287499,CN[C@@H]1CC[C@@H](c2ccc(F)c(OC)c2)c2ccccc21,-6.45,285.4,4.02,21.3,1,2,3,2.94,0.919,0,1.22,0.587,SERTRALINE,0.118,novel,6.032
CHEMBL268176,O=C(CCl)Nc1ccc(C2CC3CCC2N3)cn1,-6.3,265.7,1.87,54.0,2,3,3,4.28,0.821,0,1.64,0.232,LEMBOREXANT,0.124,novel,6.032
CHEMBL8754,O=C(NCCn1ccnc1)c1sc2ccccc2c1Cl,-6.02,305.8,3.18,46.9,1,3,4,2.2,0.804,0,2.44,0.311,OZAGREL,0.153,novel,6.032
CHEMBL279343,CCCC1Nc2cccc([C@@H]3C[C@H]3CNC(=O)C3CC3)c2O1,-6.16,300.4,3.25,50.4,2,3,6,3.82,0.848,0,2.03,0.406,TASIMELTEON,0.159,novel,6.031
CHEMBL29695,Brc1ccc2c(c1)C1N=C3SCCN3C1CC2,-6.08,309.2,3.22,15.6,0,3,0,3.78,0.731,0,2.25,0.273,LEVAMISOLE,0.05,novel,6.031
CHEMBL33231,C=CS(=O)(=O)N(C)[C@@H]1CCN2CCc3ccccc3[C@@H]2C1,-5.94,306.4,2.15,40.6,0,3,3,3.41,0.859,0,2.66,0.299,PRAZIQUANTEL,0.108,novel,6.031
CHEMBL38279,CCCC(=O)Nc1c2c(nc3ccccc13)CCN(C)C2,-6.05,283.4,2.96,45.2,1,3,3,2.22,0.942,0,2.32,0.327,TACRINE,0.213,novel,6.026
CHEMBL417105,O=C(NCC1CCCCC1)c1cc(Br)cc(Br)c1O,-6.26,391.1,4.23,49.3,2,2,3,2.15,0.811,0,1.72,0.467,TRIBROMSALAN,0.108,novel,6.025
CHEMBL281199,CCCNc1cccc(S(=O)(=O)Nc2onc(C)c2C)c1,-6.1,309.4,2.91,84.2,2,5,6,2.24,0.857,0,2.2,0.52,SULFISOXAZOLE,0.156,novel,6.025
CHEMBL17091,CC(C)(C)c1cc(-c2nsc(N)n2)cc(C(C)(C)C)c1O,-6.24,305.4,4.09,72.0,2,5,1,2.68,0.832,0,1.78,0.405,PROBUCOL,0.069,novel,6.024
CHEMBL22755,COc1ccc2cc(C(C)C(=O)N[C@@H](CC(C)C)C(=O)O)ccc2c1,-6.05,343.4,3.57,75.6,2,3,7,2.74,0.806,0,2.33,0.628,NAPROXEN,0.179,novel,6.024
CHEMBL277914,CC(C)c1cccc(C(C)C)c1OC(=O)NS(=O)(=O)Nc1ccccc1,-6.27,376.5,4.38,84.5,2,4,6,2.37,0.783,0,1.68,0.34,FOSPROPOFOL,0.172,novel,6.023
CHEMBL279342,COC(=O)c1c(NC(=O)Nc2ccccc2)cc(C(C)(C)C)n1C,-6.1,329.4,3.75,72.4,2,3,3,2.4,0.842,0,2.17,0.341,ACETANILIDE,0.162,novel,6.023
CHEMBL31372,O=C(O)CCCC(=O)N1CCC(CCCC2CCNCC2)CC1,-5.9,324.5,2.65,69.6,2,3,8,2.33,0.72,0,2.75,0.3,PIPOBROMAN,0.111,novel,6.022
CHEMBL273713,CC(C)N(CCC(CCN1CCOCC1)(C(N)=O)c1ccccc1)C(C)C,-5.71,375.6,2.64,58.8,1,4,10,3.08,0.683,0,3.29,0.45,DISOPYRAMIDE,0.195,novel,6.022
CHEMBL280999,CCCSc1ccc2c(c1)nc(NC(=O)OC)n2C(C)=O,-5.96,307.4,3.38,73.2,1,5,4,2.64,0.877,0,2.56,0.554,ALBENDAZOLE,0.138,novel,6.021
CHEMBL274731,COc1ccc2c(c1)[C@@H](N1CCN(C(=O)C3CC3)CC1)CC2,-5.99,300.4,2.24,32.8,0,3,3,2.56,0.858,0,2.49,0.328,PRAZIQUANTEL,0.1,novel,6.02
CHEMBL51546,OC1CCCc2nc3ccccc3c(NCc3cccs3)c21,-6.36,310.4,4.28,45.2,2,4,3,2.89,0.759,0,1.43,0.316,TACRINE,0.149,novel,6.019
CHEMBL44761,CCC(CC)(C(=O)O)c1cc(C(=O)c2cccs2)ccc1O,-6.17,318.4,3.83,74.6,2,4,6,2.66,0.794,0,1.98,0.449,SUPROFEN,0.181,novel,6.019
CHEMBL42435,CCCOc1ccccc1-c1nc(O)c2c(C)csc2n1,-6.15,300.4,4.16,55.2,1,5,4,2.44,0.786,0,2.03,0.255,MEPHENESIN,0.143,novel,6.019
CHEMBL283192,CCCCN1CCc2c1nc1cc(Br)ccc1c2N,-6.11,320.2,3.74,42.2,1,3,3,2.47,0.937,0,2.15,0.273,ACRISORCIN,0.113,novel,6.019
CHEMBL29341,CCOC(=O)CCc1c(O)nc(C)c2cc(OC)c(OC)cc12,-5.84,319.4,2.76,77.9,1,6,6,2.39,0.825,0,2.91,0.288,ICOSAPENT ETHYL,0.133,novel,6.019
CHEMBL282079,OC(c1ccc(Cl)cc1)(c1cncnc1)C1CCCCC1,-6.17,302.8,3.95,46.0,1,3,3,2.84,0.934,0,1.96,0.288,PROCYCLIDINE,0.068,novel,6.018
CHEMBL19710,CCNC(=O)N1CCN([C@H]2CCc3ccc(OC)cc32)CC1,-6.07,303.4,2.03,44.8,1,3,3,2.62,0.929,0,2.26,0.309,ELACESTRANT,0.136,novel,6.018
CHEMBL17477,CCCOC1(C(F)(F)F)OC(=O)Nc2ccc(Cl)cc21,-6.15,309.7,4.04,47.6,1,3,3,3.48,0.916,0,2.01,0.491,EFAVIRENZ,0.143,novel,6.017
CHEMBL280408,CCn1cc(C(=O)O)c(=O)c2cc(F)c(C3=NCCO3)cc21,-6.1,304.3,1.64,80.9,1,4,3,2.76,0.934,0,2.15,0.541,NORFLOXACIN,0.133,novel,6.017
CHEMBL54346,NC1=NC(=O)[C@@H](Cc2ccccc2)N1C(=O)OCc1ccccc1,-5.99,323.4,2.09,85.0,1,4,4,2.7,0.933,0,2.48,0.378,BENZYL BENZOATE,0.149,novel,6.014
CHEMBL298270,CNC(=O)Nc1c(OC)c(OC)c2occc2c1OCCN1CCCCC1,-6.01,377.4,3.07,85.2,2,6,7,2.71,0.771,0,2.39,0.313,DYCLONINE,0.102,novel,6.011
CHEMBL286460,CN(C)CC(=O)Nc1c2c(nc3ccccc13)CCCC2,-6.01,283.4,2.61,45.2,1,3,3,2.16,0.942,0,2.41,0.458,TACRINE,0.212,novel,6.011
CHEMBL285743,O=C(OCc1ccccc1)[C@@H]1CCCN1C(=O)Nc1ccccc1,-5.89,324.4,3.43,58.6,1,3,4,2.2,0.877,0,2.73,0.4,ENALAPRIL,0.16,novel,6.01
CHEMBL20481,Cc1ccccc1N1CCN(C2CCCCC2O)CC1,-6.21,274.4,2.42,26.7,1,3,2,2.69,0.897,0,1.82,0.357,DAPIPRAZOLE,0.097,novel,6.009
CHEMBL14164,CC(C)(O)CC(=O)c1cc(C(C)(C)C)c2c(c1)C(C)(C)CO2,-6.16,304.4,4.0,46.5,1,3,3,2.93,0.859,0,1.96,0.22,BEXAROTENE,0.118,novel,6.007
CHEMBL23932,CCN1CCC[C@H]1CNC(=O)c1c(OC)ccc(Cl)c1OC,-5.83,326.8,2.57,50.8,1,4,6,2.67,0.873,0,2.91,0.778,REMOXIPRIDE,0.133,novel,6.006
CHEMBL296671,NCCc1cnc(C23CC4CC(CC(C4)C2)C3)n1Cc1ccccc1,-6.06,335.5,3.9,43.8,1,2,5,3.74,0.9,0,2.24,0.226,LEVOMILNACIPRAN,0.097,novel,6.005
CHEMBL440273,CC(C)N(CCC(CCn1cccc1)(C(N)=O)c1ccccc1)C(C)C,-5.92,355.5,3.81,51.3,1,2,10,3.23,0.704,0,2.64,0.491,DISOPYRAMIDE,0.192,novel,6.005
CHEMBL418736,N[C@H](COCc1ccc(Br)cc1)Cc1c[nH]cn1,-5.98,310.2,2.26,63.9,2,3,6,2.97,0.86,0,2.48,0.341,HISTAMINE,0.07,novel,6.004
CHEMBL15048,CC(=O)NCC(C)c1c(-c2ccccc2)n(C)c2ccccc12,-6.26,306.4,4.08,34.0,1,1,4,2.62,0.774,0,1.66,0.321,LACOSAMIDE,0.2,novel,6.003
CHEMBL274192,O=C(O)CCNC(=O)N1CCC2(CC1)CCN(c1ccncc1)C2,-6.19,332.4,1.56,85.8,2,4,4,2.92,0.874,0,1.85,0.266,NIALAMIDE,0.127,novel,6.002
CHEMBL6649,CNCC1NCC(c2ccccc2)c2ccccc21,-6.38,252.4,2.68,24.1,2,2,3,3.02,0.877,0,1.3,0.3,NOMIFENSINE,0.13,novel,6.0
CHEMBL289027,CCCc1ccc(C(=O)OC)cc1CCn1cnc2c1NC=NCC2O,-5.98,356.4,2.35,88.7,2,6,6,3.44,0.776,0,2.45,0.245,NINTEDANIB,0.12,novel,6.0
CHEMBL37027,COC(=O)c1cccc(C(C)C)c1CCCn1cnc2c1NC=NCC2O,-5.98,370.5,2.91,88.7,2,6,6,3.55,0.763,0,2.46,0.242,METHYL SALICYLATE,0.128,novel,5.999
CHEMBL43836,COc1c2occc2c(OC)c2c(=O)cc(CN(C)C)oc12,-5.64,303.3,2.62,65.1,0,6,4,2.81,0.738,0,3.44,0.412,METHOXSALEN,0.129,novel,5.999
CHEMBL47826,COc1c(NC(C)=O)c(OCCN2CCCC2)c(OC)c2occc12,-5.71,348.4,2.88,73.2,1,6,7,2.65,0.829,0,3.21,0.312,BUFLOMEDIL,0.107,novel,5.998
CHEMBL441590,CN(C)[C@@H]1CCCC[C@H]1NC(=O)c1ccc(Cl)c(Cl)c1,-6.15,315.2,3.6,32.3,1,2,3,2.77,0.924,0,1.97,0.284,INDAPAMIDE,0.12,novel,5.996
CHEMBL48617,CCCN(CCC)C1Cc2c[nH]c3ccc(C#N)c(c23)C1,-6.18,281.4,3.63,42.8,1,2,5,3.25,0.909,0,1.88,0.294,ROTIGOTINE,0.087,novel,5.994
CHEMBL11583,CCc1ccc(CC)n1Nc1ccc(N2CCOCC2)nn1,-5.95,301.4,2.11,55.2,1,5,5,2.86,0.916,0,2.52,0.288,PRAMOXINE,0.092,novel,5.994
CHEMBL26207,OC(c1ccc(Cl)cc1)(c1cncnc1)C1CC2CCC1C2,-6.08,314.8,3.8,46.0,1,3,3,4.43,0.937,0,2.16,0.219,CLEMASTINE,0.064,novel,5.991
CHEMBL52324,CN(C)C(=O)C1C2CC[C@H](C[C@@H]1c1ccc(Cl)cc1)N2C,-5.98,306.8,2.99,23.6,0,2,2,4.12,0.838,0,2.44,0.375,IOFLUPANE,0.116,novel,5.991
CHEMBL17466,CC1(C)CC(=O)c2c(SCCO)sc(-c3cc[nH]n3)c2C1,-5.97,322.5,3.38,66.0,2,5,4,3.57,0.847,0,2.46,0.19,BETAZOLE,0.089,novel,5.991
CHEMBL282848,CCS(=O)(=O)N(C)[C@@H]1CCN2CCc3ccccc3[C@@H]2C1,-5.92,308.4,2.03,40.6,0,3,3,3.17,0.858,0,2.62,0.322,RASAGILINE MESYLATE,0.158,novel,5.991
CHEMBL287560,COc1ccc2oc(-c3ccccc3)c(CCNC(C)=O)c2c1,-6.05,309.4,3.79,51.5,1,3,5,2.08,0.78,0,2.23,0.509,AGOMELATINE,0.153,novel,5.99
CHEMBL9770,Cc1ccc(OC2CCN(CCN3CCCc4ccccc4C3=O)CC2)cc1,-5.98,378.5,3.93,32.8,0,3,5,2.17,0.79,0,2.43,0.268,PALONOSETRON,0.093,novel,5.99
CHEMBL37684,CC(C)[C@H]1C(=O)N[C@H](CO)Cc2cc3c(cc2N1C)C(C)(C)CCC3,-5.87,344.5,2.79,52.6,2,3,2,3.75,0.867,0,2.73,0.247,OXAMNIQUINE,0.125,novel,5.99
CHEMBL278213,COc1ccccc1C(=O)NCC1(c2ccccc2)CCC(=O)CC1,-5.87,337.4,3.51,55.4,1,3,5,2.15,0.908,0,2.73,0.312,PICOTAMIDE,0.173,novel,5.989
CHEMBL553105,CCCC(=O)NC[C@@H]1C[C@H]1c1cccc2c1OC(C(C)C)N2,-6.16,302.4,3.49,50.4,2,3,6,3.86,0.845,0,1.91,0.429,TASIMELTEON,0.188,novel,5.988
CHEMBL273888,CCC(=O)N[C@@H]1Cc2cccc3ccc(OC)c(c23)C1,-6.09,269.3,2.84,38.3,1,2,3,2.67,0.93,0,2.1,0.273,TASIMELTEON,0.157,novel,5.988
CHEMBL283076,COc1c(Cl)nc(N2CCN(C)CC2)nc1NC1CCCC1,-5.86,325.8,2.24,53.5,1,6,4,2.49,0.857,0,2.78,0.294,GILTERITINIB,0.05,novel,5.988
CHEMBL57401,CCOC(=O)c1c(NC(=O)CC)sc2c1CCN(C(C)=O)C2,-5.86,324.4,2.18,75.7,1,5,4,2.26,0.861,0,2.75,0.239,OSELTAMIVIR,0.11,novel,5.986
CHEMBL277361,FC(F)(F)Cn1nccc1-c1ccccc1NCC1=NCCN1,-5.94,323.3,2.53,54.2,2,4,5,2.9,0.889,0,2.53,0.34,TOLAZOLINE,0.136,novel,5.985
CHEMBL298170,COC(=O)N1C(=O)[C@@H](C)[C@@H]2[C@@H]1CCN2C(=O)OCc1ccccc1,-5.73,332.4,2.01,76.2,0,5,2,3.36,0.828,0,3.12,0.327,BENZYL BENZOATE,0.165,novel,5.981
CHEMBL283169,CCN1CC[C@@](O)(c2ccccc2)[C@H](C(=O)c2ccccc2)C1,-5.99,309.4,3.1,40.5,1,3,4,2.87,0.882,0,2.37,0.362,PIPERIDOLATE,0.181,novel,5.98
CHEMBL279945,CC(C)N(CC[C@]1(c2ccccc2)C(=O)N(C)CN2CCCC[C@@H]21)C(C)C,-5.95,371.6,3.72,26.8,0,3,6,3.7,0.762,0,2.48,0.282,DOXAPRAM,0.132,novel,5.978
CHEMBL274901,CCC(O)(Cn1cncn1)C(=O)c1ccc(Cl)cc1Cl,-5.75,314.2,2.61,68.0,1,4,5,3.18,0.862,0,3.07,0.368,FLUCONAZOLE,0.141,novel,5.978
CHEMBL23845,CCN1CCC[C@H]1CNC(=O)c1c(OC)ccc(Cl)c1O,-5.96,312.8,2.27,61.8,2,4,5,2.74,0.875,0,2.46,0.684,REMOXIPRIDE,0.133,novel,5.977
CHEMBL17468,CCc1c(C(=O)OC)[nH]cc2nc3cc(OC)c(OC)cc3c1-2,-5.83,314.3,3.03,73.4,1,5,4,2.59,0.749,0,2.81,0.278,ALFUZOSIN,0.113,novel,5.977
CHEMBL30309,CCCn1nc(C)c(C(=O)c2ccccc2Br)c1N,-5.8,322.2,3.18,60.9,1,3,4,2.31,0.88,0,2.9,0.258,BENZBROMARONE,0.178,novel,5.977
CHEMBL16252,CCc1cc(OC)c(OC)c(C(=O)NCC2CCCN2CC)c1OC,-5.67,350.5,2.49,60.0,1,5,8,2.84,0.78,0,3.29,0.696,REMOXIPRIDE,0.12,novel,5.976
CHEMBL9869,COc1cccc2c1CCC[C@H]2CN(C)CCc1ccc2c(c1)CC(=O)N2,-5.96,364.5,3.78,41.6,1,3,6,2.97,0.848,0,2.44,0.309,IVABRADINE,0.092,novel,5.974
CHEMBL54575,COc1cccc(C(=O)NC2(C(=O)c3cc(C)cc(C)c3)CCC2)c1C,-5.94,351.4,4.16,55.4,1,3,5,2.36,0.823,0,2.5,0.273,PICOTAMIDE,0.143,novel,5.973
CHEMBL37690,CCCC(=O)Nc1c2c(nc3ncccc13)CCCC2,-6.03,269.3,3.25,54.9,1,3,3,2.33,0.93,0,2.25,0.315,TACRINE,0.203,novel,5.971
CHEMBL50019,Cc1ccnc(N2C(=O)CSC2c2c(F)cccc2F)c1,-5.97,306.3,3.45,33.2,0,3,2,2.94,0.852,0,2.39,0.262,NEVIRAPINE,0.086,novel,5.971
CHEMBL285621,COc1cc(OC)c(C(O)/C=C/c2ccccc2)c(OC)c1,-6.02,300.4,3.46,47.9,1,4,6,2.68,0.887,0,2.26,0.372,TAPINAROF,0.164,novel,5.97
CHEMBL298997,COc1ccc2c(c1)[C@]1(CCN(C)CCO)CCCC[C@@H]1C=C2,-6.09,315.5,3.46,32.7,1,3,6,3.6,0.872,0,2.06,0.358,TRAMADOL,0.1,novel,5.969
CHEMBL45439,CNC(=O)Nc1c(OC)c2c(c(OC)c1OCCN1CCCCC1)OCC2,-5.96,379.5,2.25,81.3,2,6,7,2.82,0.756,0,2.41,0.312,PRUCALOPRIDE,0.091,novel,5.969
CHEMBL441765,CN(C(=O)Cc1ccc(Cl)c(Cl)c1)[C@@H]1CCCC[C@H]1N1CCCC1,-6.09,369.3,4.4,23.6,0,2,4,2.99,0.785,0,2.05,0.262,ALCLOFENAC,0.11,novel,5.967
CHEMBL17547,CC1(C)CC(=O)c2c(SCCO)sc(-c3ccccn3)c2C1,-6.01,333.5,4.05,50.2,1,5,4,2.93,0.858,0,2.28,0.246,GEPIRONE,0.119,novel,5.966
CHEMBL301514,CNC1CC(c2ccc(Cl)c(Cl)c2)c2ccc(O)cc21,-6.45,308.2,4.5,32.3,2,2,2,3.1,0.856,0,1.0,0.543,SERTRALINE,0.078,novel,5.964
CHEMBL268530,Cc1ccc(Sc2cncc3sc(CO)cc23)cc1,-6.32,287.4,4.25,33.1,1,4,3,2.56,0.782,0,1.37,0.227,ABAMETAPIR,0.118,novel,5.963
CHEMBL32363,COC(=O)C1C(OC(=O)c2ccccc2)CC2CCC1N2C,-6.32,303.4,1.87,55.8,0,5,3,3.99,0.798,0,2.82,1.0,COCAINE,0.158,likely-known-drug-chemistry,5.963
CHEMBL279308,CC(C)(C)c1cc(-c2nsc(O)n2)cc(C(C)(C)C)c1O,-6.16,306.4,4.21,66.2,2,5,1,2.92,0.828,0,1.85,0.389,PROBUCOL,0.071,novel,5.963
CHEMBL50079,COc1cccc2c1CCCC2CCCN1CCNCC1,-6.1,288.4,2.8,24.5,1,3,5,2.76,0.901,0,1.99,0.351,TRIMETAZIDINE,0.083,novel,5.962
CHEMBL274045,O=C(NCCc1c(-c2ccccc2)[nH]c2ccccc12)C1CC1,-6.25,304.4,3.9,44.9,2,1,5,1.91,0.737,0,1.58,0.333,PANOBINOSTAT,0.2,novel,5.961
CHEMBL289942,O=C(NCCc1c(Br)[nH]c2cc(Br)ccc12)C1CC1,-6.13,386.1,3.76,44.9,2,1,4,2.38,0.826,0,1.93,0.255,DIBROMSALAN,0.113,novel,5.961
CHEMBL31723,CCCn1nc(C)c(C(=O)c2cccc(OC)c2Cl)c1N,-5.82,307.8,3.08,70.1,1,4,5,2.41,0.862,0,2.8,0.27,CLEVIDIPINE,0.15,novel,5.961
CHEMBL50719,c1ccc(C[C@H]2CCCC[C@@H]2NC2=NCCO2)cc1,-6.12,258.4,2.76,33.6,1,3,3,3.21,0.904,0,1.95,0.34,RILMENIDINE,0.134,novel,5.957
CHEMBL45713,C[C@H](NC(=O)OC(C)(C)C)c1nc2ccsc2c(=O)o1,-5.89,296.3,2.84,81.4,1,6,2,3.09,0.921,0,2.58,0.244,OLMUTINIB,0.139,novel,5.954
CHEMBL47747,NCCc1cnc(C2CCCCC2)n1Cc1ccccc1,-6.09,283.4,3.48,43.8,1,2,5,2.29,0.913,0,2.0,0.268,LISINOPRIL ANHYDROUS,0.1,novel,5.952
CHEMBL293089,CCCN(CCC)CC(=O)NC1c2ccccc2-c2ccccc21,-6.15,322.5,3.99,32.3,1,2,7,2.19,0.836,0,1.82,0.34,LIDOCAINE,0.212,novel,5.95
CHEMBL297098,CC(COC1CC2CCC(C1)N2C)Oc1ccc(Cl)cc1,-6.09,309.8,3.75,21.7,0,3,5,3.93,0.827,0,2.0,0.375,BENZTROPINE,0.084,novel,5.95
CHEMBL14900,CCCCC(=O)c1ccc2c(c1)sc(=O)n2CCN(C)C,-5.79,306.4,3.0,42.3,0,4,7,2.29,0.739,0,2.84,0.306,TETRACAINE,0.169,novel,5.948
CHEMBL43218,O=C(O)c1ccc2oc(Cn3ccnc3)c(Br)c2c1,-5.76,321.1,3.14,68.3,1,3,3,2.6,0.805,0,2.93,0.368,OZAGREL,0.125,novel,5.948
CHEMBL424408,CCC[C@H](N)[C@H]1COC(c2ccccc2)(c2ccccc2)O1,-6.03,297.4,3.43,44.5,1,3,5,3.28,0.919,0,2.17,0.279,DOXAPRAM,0.157,novel,5.947
CHEMBL36496,COc1cc2c3c(c1OC)-c1ccccc1CC3NCC2,-6.12,281.4,3.11,30.5,1,3,2,2.87,0.917,0,1.89,0.297,NOSCAPINE,0.074,novel,5.946
CHEMBL299442,CC1(C)[C@H](c2cnc(N)s2)[C@H]1c1cccc2c1CCO2,-6.06,286.4,3.57,48.1,1,4,2,3.76,0.918,0,2.07,0.371,TASIMELTEON,0.079,novel,5.946
CHEMBL55609,CN(C)c1ccc(-c2nc(N)nc(O)c2Br)cc1,-5.99,309.2,2.26,75.3,2,5,2,2.42,0.89,0,2.26,0.267,METHYLENE BLUE ANHYDROUS,0.094,novel,5.946
CHEMBL9986,Cc1cccc(C)c1NC(=O)C(CN1CCCC1)N1CCCC1,-5.91,315.5,2.8,35.6,1,3,5,2.63,0.907,0,2.49,0.465,TOCAINIDE,0.154,novel,5.943
CHEMBL10167,CC(C)C(=O)C(O)(Cn1cncn1)c1ccc(Cl)cc1Cl,-5.64,328.2,2.7,68.0,1,4,5,3.2,0.916,0,3.24,0.411,FLUCONAZOLE,0.125,novel,5.94
CHEMBL29275,CC(C)Nc1nc(N2CCNCC2)nc(Cl)c1Br,-5.95,334.6,2.12,53.1,2,5,3,2.77,0.829,0,2.38,0.226,AMOXAPINE,0.062,novel,5.939
CHEMBL37018,CN(C)C/C=C(/c1ccc(C(F)(F)F)cc1)c1cccnc1,-6.17,306.3,4.09,16.1,0,2,4,2.31,0.845,0,1.74,0.705,ZIMELDINE,0.149,novel,5.938
CHEMBL282598,CN[C@@H](C)[C@H]1COC(c2ccccc2)(c2ccccc2)O1,-6.07,283.4,2.91,30.5,1,3,4,3.22,0.936,0,2.02,0.293,METHAMPHETAMINE,0.13,novel,5.938
CHEMBL292921,COc1ccc2[nH]cc(CCN3CCCCC3)c2c1,-6.22,258.4,3.2,28.3,1,2,4,1.92,0.912,0,1.58,0.529,MELATONIN,0.069,novel,5.937
CHEMBL417301,COC(=O)CCc1c(O)nc(C(C)C)c2cc(OC)c(OC)cc12,-5.8,333.4,3.19,77.9,1,6,6,2.57,0.818,0,2.8,0.295,ESMOLOL,0.147,novel,5.937
CHEMBL21575,COc1ccc(C2Sc3ccccc3N3C(=O)CCC23)cc1,-6.07,311.4,4.04,29.5,0,3,2,3.07,0.838,0,2.02,0.446,DILTIAZEM,0.087,novel,5.936
CHEMBL37946,CNCC(=O)Nc1c2c(nc3oc(C)c(C)c13)CCCC2,-5.95,287.4,2.48,67.2,2,4,3,2.78,0.91,0,2.37,0.224,LIDOCAINE,0.111,novel,5.935
CHEMBL299373,CN1C2CCC1[C@@H](OC(=O)C1c3ccccc3CCc3ccccc31)CC2,-5.93,361.5,4.09,29.5,0,3,2,4.12,0.755,0,2.43,0.414,COCAINE,0.132,novel,5.935
CHEMBL40982,C=C(CN1COC2CCC(C(C)(C)C)CC21)S(C)(=O)=O,-5.76,301.5,2.42,46.6,0,4,3,4.37,0.803,0,2.9,0.204,SPARTEINE SULFATE,0.072,novel,5.933
CHEMBL273867,CCCN(CCC)C1Cc2cccc3c2N(C1)C(=O)NC3,-5.98,287.4,2.76,35.6,1,2,5,3.31,0.904,0,2.25,0.338,ROTIGOTINE,0.117,novel,5.932
CHEMBL54646,NC1=NC(=O)C(c2ccccc2)N1C(=O)OCc1ccccc1,-5.92,309.3,2.22,85.0,1,4,3,2.7,0.942,0,2.43,0.378,BENZYL BENZOATE,0.149,novel,5.932
CHEMBL285144,CCCC(=O)Nc1c2c(nc3ccccc13)C1CCN2CC1,-6.06,295.4,3.67,45.2,1,3,3,3.03,0.939,0,2.03,0.316,PITAVASTATIN,0.213,novel,5.931
CHEMBL16945,CNC(=O)O[C@H]1CC[C@](CNC(=O)c2ccccc2OC)(c2ccccc2)CC1,-6.04,396.5,3.66,76.7,2,4,6,2.34,0.781,0,2.07,0.289,SULPIRIDE,0.16,novel,5.926
CHEMBL31835,O=C(O)CCC(=O)N1CCC(CCCC2CCNCC2)CC1,-5.92,310.4,2.26,69.6,2,3,7,2.31,0.757,0,2.4,0.308,PIPOBROMAN,0.113,novel,5.925
CHEMBL301864,CCCN(CC1CC1)C(=O)Nc1sc2c(c1C(=O)OCC)CCN(C(C)=O)C2,-5.92,407.5,3.48,79.0,1,5,7,2.56,0.702,0,2.42,0.222,PERINDOPRIL ERBUMINE,0.096,novel,5.925
CHEMBL15565,C=C(c1ccccc1OCC(O)CNC(C)(C)C)n1ccnc1C,-5.81,329.4,2.84,59.3,2,4,7,3.13,0.82,0,2.72,0.475,PENBUTOLOL,0.148,novel,5.925
CHEMBL416211,COC(=O)[C@H](Cc1ccccc1)NC(=O)[C@H]1CC[C@H](C(C)C)CC1,-5.8,331.5,3.35,55.4,1,3,6,2.41,0.813,0,2.77,0.795,NATEGLINIDE,0.192,novel,5.924
CHEMBL268626,CCCOC(=O)c1ncn2c1CN(C)C(=O)c1sccc1-2,-5.66,305.4,2.09,64.4,0,5,3,2.88,0.815,0,3.15,0.531,FLUMAZENIL,0.118,novel,5.923
CHEMBL10052,CN(CCc1ccc2c(c1)OCO2)C[C@@H]1CCCc2c1ccc1c2OCC1,-5.88,365.5,3.94,30.9,0,4,5,3.12,0.803,0,2.5,0.253,DARIFENACIN,0.084,novel,5.921
CHEMBL57231,CCC(c1ccccc1)c1c(O)c2c(oc1=O)CCCC2,-6.06,284.4,3.77,50.4,1,3,3,2.89,0.933,0,1.99,0.578,PHENPROCOUMON,0.221,novel,5.92
CHEMBL6677,CC1(C)Oc2ccc(C#N)cc2C(N2CCCC2=O)[C@@H]1O,-5.99,286.3,1.75,73.6,1,4,1,3.33,0.853,0,2.21,0.261,ALECTINIB,0.098,novel,5.92
CHEMBL283893,CCN[C@@H](C)[C@H]1COC(c2ccccc2)(c2ccccc2)O1,-6.08,297.4,3.3,30.5,1,3,5,3.21,0.918,0,1.93,0.274,BARBEXACLONE,0.157,novel,5.919
CHEMBL14998,Cc1nc(Cl)c(Sc2ccc(Cl)cc2)c(N2CCN(C)CC2)n1,-5.89,369.3,3.99,32.3,0,5,3,2.46,0.764,0,2.47,0.322,LOXAPINE,0.086,novel,5.919
CHEMBL266799,CCc1cc2c(Sc3ccccn3)ncnc2s1,-6.05,273.4,3.8,38.7,0,5,3,2.52,0.68,0,2.02,0.246,CLOTIAZEPAM,0.118,novel,5.915
CHEMBL53540,Cc1ccc(N2C(=O)CSC2c2c(F)cccc2F)nc1,-5.92,306.3,3.45,33.2,0,3,2,2.9,0.852,0,2.39,0.267,ABAMETAPIR,0.087,novel,5.915
CHEMBL19356,c1cc(OCC2CCCCC2)nc(N2CCNCC2)c1,-6.03,275.4,2.45,37.4,1,4,4,2.28,0.916,0,2.08,0.254,AMOXAPINE,0.116,novel,5.914
CHEMBL282088,CC(C)N(CC[C@]1(c2ccccc2)C(=O)N[C@@H](C)N2CCCC[C@@H]21)C(C)C,-5.97,371.6,3.76,35.6,1,3,6,3.97,0.827,0,2.25,0.31,BARBEXACLONE,0.13,novel,5.914
CHEMBL275865,CCOC(c1ccc(OC)cc1)c1ccc(C(C)C)cc(=O)c1O,-5.92,328.4,4.01,55.8,1,4,6,2.79,0.87,0,2.38,0.353,NAPROXEN,0.132,novel,5.914
CHEMBL46880,Brc1ccc(OCC2CCN(CC3CC3)CC2)cc1,-6.06,324.3,3.95,12.5,0,2,5,1.92,0.813,0,1.98,0.278,VANDETANIB,0.077,novel,5.912
CHEMBL57348,CC(=O)NC(C(=O)O)[C@@H]1CCC(=C2SCCCS2)C1,-5.88,301.4,2.46,66.4,2,4,3,3.92,0.838,0,2.5,0.283,ACETYLCYSTEINE,0.13,novel,5.912
CHEMBL37610,CC(C)c1nc2ccc(Br)cc2c(=O)n1CC(=O)O,-5.72,325.2,2.37,72.2,1,3,3,2.18,0.94,0,2.94,0.286,ACEFYLLINE,0.185,novel,5.912
CHEMBL6464,O=C1N(CN2CCCCC2)c2ccccc2C12OCCO2,-5.96,288.3,1.68,42.0,0,4,2,2.89,0.83,0,2.27,0.264,DIPHENIDOL,0.103,novel,5.911
CHEMBL276969,O=C(O)CN(Cc1cccc(Br)c1)C(=O)c1ccc(Cl)cc1Cl,-6.08,417.1,4.48,57.6,1,2,5,2.0,0.781,0,1.93,0.31,FENCLOFENAC,0.159,novel,5.91
CHEMBL33415,COc1ccc2[nH]c(Br)c(CCNC(C)=O)c2c1,-5.89,311.2,2.62,54.1,2,2,4,2.29,0.912,0,2.47,0.6,MELATONIN,0.115,novel,5.91
CHEMBL21318,CCCCN1CCC[C@@H]1CNC(=O)c1cc(SC)cc2c1OCCN2C,-5.81,377.6,3.23,44.8,1,5,7,3.16,0.739,0,2.7,0.372,SULPIRIDE,0.144,novel,5.91
CHEMBL274623,CCCCC(O)(C(=O)OC1CN2CCC1CC2)c1ccccc1,-5.74,317.4,2.7,49.8,1,4,6,3.97,0.82,0,2.87,0.414,CLIDINIUM,0.216,novel,5.91
CHEMBL294242,Cc1cccc(C(=O)NCCC2CCN(Cc3ccccc3)CC2)c1,-6.08,336.5,4.03,32.3,1,2,6,1.77,0.864,0,1.92,0.381,MECLIZINE,0.179,novel,5.909
CHEMBL22711,Cc1nc(C)c(C(c2ccccc2Cl)N2CCN(C)CC2)s1,-5.98,335.9,3.75,19.4,0,4,3,2.78,0.851,0,2.2,0.4,CYCLIZINE,0.099,novel,5.909
CHEMBL289939,COc1ccc(CCN2C(=O)CSC2c2ccc(C)c(C)c2)cc1,-5.96,341.5,4.13,29.5,0,3,5,2.55,0.819,0,2.25,0.296,ANISINDIONE,0.089,novel,5.907
CHEMBL274153,CC(=O)N1CCC(=C2c3ccc(Cl)cc3CCc3ccc(O)nc32)CC1,-5.85,368.9,3.98,53.4,1,3,0,2.79,0.765,0,2.55,0.54,LORATADINE,0.091,novel,5.907
CHEMBL16208,CN1Cc2sc(N)cc2C(c2ccc(Br)cc2)C1,-6.07,323.3,3.67,29.3,1,3,1,3.22,0.868,0,1.93,0.408,NOMIFENSINE,0.052,novel,5.906
CHEMBL295334,CNC(=O)Nc1c(OC)ccc(OC)c1OCCN1CCCCC1,-5.83,337.4,2.32,72.1,2,5,7,2.23,0.799,0,2.63,0.362,BUFLOMEDIL,0.127,novel,5.905
CHEMBL39093,CCOCn1c(Sc2ccccc2)c(C2CC2)c(=O)[nH]c1=O,-5.65,318.4,2.56,64.1,1,4,6,2.6,0.831,0,3.12,0.286,ETHOTOIN,0.139,novel,5.905
CHEMBL37692,CCOC(=O)C(C)Oc1ccc(Oc2ncc(Cl)cn2)cc1,-5.61,322.7,3.25,70.5,0,6,6,2.6,0.76,0,3.23,0.36,CLOFIBRATE,0.135,novel,5.904
CHEMBL287339,O=C(NCCc1c(Br)[nH]c2ccccc12)C1CCC1,-6.04,321.2,3.39,44.9,2,1,4,2.18,0.891,0,2.02,0.348,PANOBINOSTAT,0.162,novel,5.902
CHEMBL416954,O=C(OCCc1ccccc1)[C@@H]1CCCN1C(=O)Nc1ccccc1,-5.75,338.4,3.47,58.6,1,3,5,2.28,0.849,0,2.83,0.431,ENALAPRIL,0.156,novel,5.902
CHEMBL22572,Cc1cc(C(c2ccc(C(C)C)cc2)N2CCOCC2)sn1,-6.04,316.5,4.0,25.4,0,4,4,2.91,0.852,0,2.0,0.274,MECLIZINE,0.077,novel,5.9
CHEMBL274344,c1ccc2c(c1)OCC(C1=NCCN1)(C1CCCC1)O2,-5.99,272.3,2.39,42.8,1,4,2,3.45,0.899,0,2.14,0.309,TETRAHYDROZOLINE,0.1,novel,5.9
CHEMBL286259,CC1=NC(=O)C(CCN(C(C)C)C(C)C)(c2ccccc2)C2CCCCN12,-5.9,369.6,4.25,35.9,0,3,6,3.66,0.752,0,2.4,0.274,BARBEXACLONE,0.13,novel,5.9
CHEMBL438755,CCCN1CCN(CCC)C2(COc3cccc(OC)c3C2)C1,-5.8,318.5,2.81,24.9,0,4,5,3.65,0.833,0,2.67,0.253,RANOLAZINE,0.096,novel,5.9
CHEMBL54666,COc1cc2c(cc1OCc1ccccc1)N=C[C@@H]1CCCN1C2=O,-5.7,336.4,3.59,51.1,0,4,4,2.81,0.857,0,2.98,0.361,DONEPEZIL,0.113,novel,5.899
CHEMBL266706,Fc1ccc(-c2c(-c3ccccn3)nc3n2CCS3)cc1,-6.03,297.4,3.86,30.7,0,3,2,2.45,0.719,0,2.02,0.241,MIZOLASTINE,0.082,novel,5.896
CHEMBL297838,COc1ccc(C(=O)Nc2nccs2)cc1OC1CCCC1,-5.84,318.4,3.73,60.5,1,5,5,2.04,0.912,0,2.55,0.329,ROFLUMILAST,0.12,novel,5.896
CHEMBL38883,C=C(CN1C(=O)OC2CCC(C(C)(C)C)CC21)S(C)(=O)=O,-5.51,315.4,2.58,63.7,0,4,3,4.21,0.803,0,3.5,0.211,SPARTEINE SULFATE,0.091,novel,5.896
CHEMBL11328,CC(=O)NCCC1CCCc2ccc3c(c21)CCCO3,-6.01,273.4,2.96,38.3,1,2,3,3.03,0.919,0,2.07,0.618,RAMELTEON,0.11,novel,5.895
CHEMBL16827,CC(C)(C)c1cc(-c2nnc(O)s2)cc(C(C)(C)C)c1O,-6.09,306.4,4.21,66.2,2,5,1,2.84,0.828,0,1.85,0.412,PROBUCOL,0.074,novel,5.894
CHEMBL433620,COc1cc2c(cc1OC)C(c1ccc(C#N)cc1)=NNC(=O)C2,-5.88,321.3,2.0,83.7,1,5,3,2.44,0.937,0,2.44,0.25,DONEPEZIL,0.072,novel,5.892
CHEMBL6389,O=C1N(CN2CCCCC2)c2ccccc2C12SCCS2,-5.86,320.5,3.11,23.6,0,4,2,3.26,0.835,0,2.49,0.268,PROCYCLIDINE,0.107,novel,5.892
CHEMBL49863,C[C@]1(O)CCN2C[C@@H](c3ccc(Cl)cc3Cl)CC[C@@H]2C1,-6.21,314.3,4.09,23.5,1,2,1,3.43,0.844,0,1.49,0.268,LULICONAZOLE,0.086,novel,5.891
CHEMBL37183,COC(=O)c1ccc(C)c(CCCn2cnc3c2NC=NCC3O)c1,-5.97,342.4,2.1,88.7,2,6,5,3.37,0.812,0,2.18,0.247,FLUMAZENIL,0.108,novel,5.891
CHEMBL25796,COc1cc(Cl)ccc1Oc1ccc(C)cc1CC(=O)O,-5.98,306.7,4.08,55.8,1,3,5,1.86,0.904,0,2.14,0.532,FENCLOFENAC,0.12,novel,5.888
CHEMBL16428,O=C1CCC(CNC(=O)c2ccccc2)(c2ccccc2)CC1,-5.94,307.4,3.5,46.2,1,2,4,2.06,0.939,0,2.26,0.409,METHENAMINE HIPPURATE,0.176,novel,5.888
CHEMBL10582,CC(C)(C)C(=O)C(O)(Cn1cncn1)c1ccc(Cl)cc1Cl,-5.62,342.2,3.09,68.0,1,4,4,3.26,0.927,0,3.15,0.418,FLUCONAZOLE,0.113,novel,5.888
CHEMBL289325,CCCC(=O)Nc1c2c(nc3oc(C)c(C)c13)CCCC2,-6.04,286.4,4.06,55.1,1,3,3,2.65,0.925,0,1.96,0.286,TYROPANOIC ACID,0.143,novel,5.887
CHEMBL18685,N[C@@H](COCc1ccc(Br)cc1)Cc1c[nH]cn1,-5.86,310.2,2.26,63.9,2,3,6,2.97,0.86,0,2.48,0.341,HISTAMINE,0.07,novel,5.887
CHEMBL24110,CCCN(CCC)[C@@H]1Cc2cccc3c2N(C1)C(=O)NC3,-5.94,287.4,2.76,35.6,1,2,5,3.31,0.904,0,2.25,0.338,ROTIGOTINE,0.117,novel,5.885
CHEMBL422762,O=C(N[C@H](Cc1ccccc1)C(=O)O)C1CCc2ccccc2C1,-5.75,323.4,2.6,66.4,2,2,5,2.55,0.889,0,2.78,0.604,NATEGLINIDE,0.185,novel,5.884
CHEMBL8809,CCN1CCC[C@H]1CNC(=O)c1c(O)c(Cl)cc(Cl)c1OC,-5.71,347.2,2.92,61.8,2,4,5,2.88,0.86,0,2.89,0.6,REMOXIPRIDE,0.119,novel,5.884
CHEMBL549,CN(C)CCCC1(c2ccc(F)cc2)OCc2cc(C#N)ccc21,-6.38,324.4,3.81,36.3,0,3,5,3.1,0.839,0,2.42,1.0,CITALOPRAM,0.081,likely-known-drug-chemistry,5.883
CHEMBL34335,Cc1cccc(NC(=O)NC2CCc3ccccc3N(CC(=O)OC(C)(C)C)C2=O)c1,-6.2,423.5,3.81,87.7,2,4,4,2.71,0.732,0,1.5,0.418,BENAZEPRIL,0.13,novel,5.883
CHEMBL25492,COc1ccc(C2(C(F)(F)F)N=N2)cc1CN[C@H]1CCCN[C@H]1c1ccccc1,-6.14,404.4,4.46,58.0,2,5,6,3.45,0.748,0,1.66,0.253,FLECAINIDE ACETATE,0.133,novel,5.882
CHEMBL13499,CN1C[C@@H](C(=O)c2ccc(Cl)cc2)[C@H](c2ccccc2F)C1,-6.06,317.8,4.01,20.3,0,2,3,2.81,0.797,0,1.9,0.431,ASENAPINE MALEATE,0.147,novel,5.881
CHEMBL53260,COc1cc2c(cc1OC)C(c1ccc(Br)cc1)NCC2,-5.96,348.2,3.7,30.5,1,3,3,2.55,0.918,0,2.17,0.377,EMETINE,0.066,novel,5.881
CHEMBL29905,Clc1ccc(C(=C2CN=CNC2)c2ccc(Cl)cc2)cc1,-6.25,317.2,4.43,24.4,1,2,2,2.69,0.871,0,1.35,0.234,CYCLOFENIL,0.063,novel,5.879
CHEMBL45628,CCC(Oc1ccc(Cl)cc1)C(=O)OC1CCN(C)CC1,-5.76,311.8,3.13,38.8,0,4,5,2.59,0.783,0,2.74,0.421,PROPIVERINE,0.13,novel,5.879
CHEMBL6430,CCc1cc2c(NCc3ccccc3)ncnc2s1,-6.18,269.4,3.87,37.8,1,4,4,2.07,0.781,0,1.52,0.281,ISOCARBOXAZID,0.135,novel,5.877
CHEMBL47210,COC(=O)[C@@H]1C2CCC(C[C@@H]1c1ccc(Cl)c(Cl)c1)N2,-5.95,314.2,3.39,38.3,1,3,2,4.25,0.851,0,2.21,0.343,IOFLUPANE,0.102,novel,5.877
CHEMBL283272,COC(=O)CCc1c(O)nc(C)c2cc(OC)c(OC)cc12,-5.79,305.3,2.37,77.9,1,6,5,2.4,0.855,0,2.63,0.281,ROXADUSTAT,0.137,novel,5.876
CHEMBL417995,COC(=O)N[C@H]1CC[C@@](CNC(=O)c2ccccc2OC)(c2ccccc2)CC1,-5.99,396.5,3.66,76.7,2,4,6,2.26,0.781,0,2.07,0.312,GLYBURIDE,0.163,novel,5.875
CHEMBL276278,C=C(c1ccccc1OCC(O)CNC(C)(C)C)n1ccnc1,-5.81,315.4,2.53,59.3,2,4,7,3.04,0.824,0,2.57,0.475,PENBUTOLOL,0.148,novel,5.874
CHEMBL52780,COc1cc2c(cc1OC)C(c1ccc(Cl)cc1)NCC2,-6.07,303.8,3.59,30.5,1,3,3,2.48,0.94,0,1.83,0.453,METHOPHOLINE,0.066,novel,5.873
CHEMBL275993,CC(=O)N1CCC(=C2c3ccc(Cl)cc3CCc3cc(O)cnc32)CC1,-5.82,368.9,3.98,53.4,1,3,0,2.68,0.765,0,2.55,0.565,LORATADINE,0.087,novel,5.872
CHEMBL6502,COC(=O)CC/C=C\CC[C@H]1C(=O)C[C@@H](O)[C@@H]1/C=C/CC(C)(O)CCC1CCC1,-6.16,406.6,4.12,83.8,2,5,12,4.22,0.376,0,1.57,0.635,MISOPROSTOL,0.101,novel,5.871
CHEMBL294936,CC(=O)O[C@H]1CCC2C3CC[C@H]4CC(=O)NCCC4(C)C3CCC21C,-5.76,347.5,3.69,55.4,1,3,1,4.17,0.736,0,2.72,0.508,DROMOSTANOLONE PROPIONATE,0.088,novel,5.87
CHEMBL276607,CCCC(=O)NC1Cc2cccc3ccc(OC)c(c23)C1,-6.0,283.4,3.23,38.3,1,2,4,2.65,0.935,0,2.02,0.277,AGOMELATINE,0.182,novel,5.869
CHEMBL54694,CCCN(CC(C)O)C1CCc2cc(OC)c(OC)cc2C1,-5.81,307.4,2.65,41.9,1,4,7,3.07,0.841,0,2.58,0.333,ROTIGOTINE,0.115,novel,5.869
CHEMBL7250,CC(C)NCC(O)COc1ccc(CCOC2CCCCC2)cc1,-5.9,335.5,3.32,50.7,2,4,10,2.6,0.689,0,2.32,0.686,BETAXOLOL,0.113,novel,5.867
CHEMBL61294,c1ccc(-c2ccc(CN3CCN(c4cccc5c4OCCCO5)CC3)[nH]2)cc1,-6.01,389.5,4.17,40.7,1,4,4,2.44,0.727,0,1.98,0.233,DAPIPRAZOLE,0.118,novel,5.866
CHEMBL290543,CN(C(=O)Cc1ccc(Cl)c(Cl)c1)C1CCCCC1N1CCCC1,-5.99,369.3,4.4,23.6,0,2,4,2.99,0.785,0,2.05,0.262,ALCLOFENAC,0.11,novel,5.866
CHEMBL50517,COc1c(C(=O)NC[C@H]2CCCN2C2CCC2)cc(Br)c2ccccc12,-6.13,417.3,4.36,41.6,1,3,5,2.84,0.786,0,1.64,0.471,REMOXIPRIDE,0.14,novel,5.865
CHEMBL55399,CCOC(c1ccc(OC)cc1)c1ccc2cccnc2c1O,-5.98,309.4,4.07,51.6,1,4,5,2.65,0.771,0,2.08,0.323,PRIMAQUINE,0.127,novel,5.865
CHEMBL59188,O=C(c1ccc(F)cc1)C1(O)CCN(CCCn2nc3n(c2=O)CCCCC3)CC1,-5.88,416.5,2.01,80.4,1,5,6,2.73,0.729,0,2.36,0.377,HALOPERIDOL,0.114,novel,5.865
CHEMBL42501,Fc1ccc(CN(C2=NCCN2)c2c(Cl)cccc2Cl)cc1,-6.07,338.2,4.1,27.6,1,3,3,2.57,0.913,0,1.79,0.375,CLONIDINE,0.101,novel,5.862
CHEMBL10124,COc1ccc2c(c1)c(CCNC(=O)C1CC1)c1n2CCCc2ccccc2-1,-5.97,374.5,4.33,43.3,1,2,5,2.32,0.722,0,2.08,0.333,AGOMELATINE,0.118,novel,5.86
CHEMBL63,COc1ccc(C2CNC(=O)C2)cc1OC1CCCC1,-5.86,275.3,2.62,47.6,1,3,4,2.73,0.919,0,2.4,0.246,VERNAKALANT,0.075,novel,5.856
CHEMBL285221,CCOC(=O)C1Cc2ccccc2N1C(=O)C(C)CC(C)C(=O)O,-5.75,333.4,2.25,83.9,1,4,6,3.28,0.807,0,2.69,0.386,QUINAPRIL,0.169,novel,5.856
CHEMBL266707,Fc1ccc(-c2c(-c3ccncc3)nc3n2CCS3)cc1,-5.99,297.4,3.86,30.7,0,3,2,2.43,0.719,0,2.02,0.229,FEZOLINETANT,0.071,novel,5.855
CHEMBL267127,CCc1cc2c(Sc3nnc(C)s3)ncnc2s1,-5.78,294.4,3.56,51.6,0,7,3,2.74,0.691,0,2.63,0.2,CEFAZOLIN,0.077,novel,5.855
CHEMBL269495,CCc1cc2c(Nc3nnc(C)s3)ncnc2s1,-5.8,277.4,3.16,63.6,1,7,3,2.58,0.796,0,2.56,0.273,SULFAMETHIZOLE,0.091,novel,5.854
CHEMBL298916,COc1cc2c(cc1OC)C(c1ccc(F)cc1)=NNC(=O)C2,-5.7,314.3,2.27,59.9,1,4,3,2.31,0.945,0,2.83,0.264,CABOZANTINIB,0.089,novel,5.854
CHEMBL266359,O=C1N(CN2CCOCC2)c2ccccc2C12SCCS2,-5.8,322.5,1.96,32.8,0,5,2,3.33,0.831,0,2.53,0.323,DOXAPRAM,0.104,novel,5.851
CHEMBL23113,COc1cc2c(cc1OC)C(c1ccc(Br)cc1)=NNC(=O)C2,-5.56,375.2,2.89,59.9,1,4,3,2.36,0.898,0,3.24,0.265,DONEPEZIL,0.076,novel,5.851
CHEMBL53649,O=C(Cc1ccc(Cl)c(Cl)c1)OCCN1CCCC1,-5.84,302.2,3.17,29.5,0,3,5,1.89,0.782,0,2.42,0.373,PITOLISANT,0.103,novel,5.849
CHEMBL39455,CCCOc1ccccc1C(=O)N[C@H]1CN2CCC1CC2,-5.92,288.4,2.3,41.6,1,3,5,3.23,0.904,0,2.21,0.333,PROPIVERINE,0.184,novel,5.848
CHEMBL46059,Cc1cc2sn(CCN3CC4CCC(CC4)C3)c(=O)c2cc1C,-5.91,330.5,3.8,25.2,0,3,3,3.55,0.855,0,2.24,0.221,TIAGABINE,0.084,novel,5.848
CHEMBL278854,O=C(O)c1cc(O)c2c(Br)cc(Br)cc2n1,-5.74,347.0,3.16,70.4,2,3,1,2.59,0.832,0,2.71,0.298,METABROMSALAN,0.115,novel,5.848
CHEMBL23077,CC(=O)N[C@@H](Cc1ccccc1)C(=O)OCc1cc(C)cc(C)c1,-5.69,325.4,3.09,55.4,1,3,6,2.32,0.83,0,2.86,0.44,LACOSAMIDE,0.2,novel,5.848
CHEMBL39020,CNC(=O)OCc1nc(-c2ccccc2)sc1COC(=O)NC,-5.87,335.4,2.52,89.6,2,6,5,2.5,0.876,0,2.33,0.32,CARBARIL,0.169,novel,5.847
CHEMBL10187,CCN(CCc1ccc2c(c1)OCO2)C[C@@H]1CCCc2c(OC)cccc21,-5.91,367.5,4.41,30.9,0,4,7,2.86,0.725,0,2.22,0.25,NOSCAPINE,0.094,novel,5.845
CHEMBL430736,CC(C)C(C)NC1=NS(=O)(=O)c2cc(Cl)cnc2N1,-6.06,302.8,1.84,83.5,2,5,2,3.6,0.871,0,1.79,0.255,DIAZOXIDE,0.09,novel,5.843
CHEMBL22150,CN1CCN(C(c2ccccc2)c2ccc(Cl)cc2)CC1,-6.01,300.8,3.68,6.5,0,2,3,2.19,0.853,0,1.92,0.793,CYCLIZINE,0.154,novel,5.843
CHEMBL298603,Cc1ccc(C(=O)NCCC2CCN(Cc3ccccc3)CC2)cc1,-6.01,336.5,4.03,32.3,1,2,6,1.72,0.864,0,1.92,0.368,MOCLOBEMIDE,0.187,novel,5.842
CHEMBL47313,c1ccc(CC[C@H]2CCCC[C@@H]2NC2=NCCO2)cc1,-6.03,272.4,3.15,33.6,1,3,4,3.23,0.913,0,1.86,0.327,RILMENIDINE,0.13,novel,5.841
CHEMBL296803,OC(CCN1CCC(c2ccccc2)CC1)COc1ccccc1,-5.98,325.5,3.7,32.7,1,3,7,2.33,0.842,0,2.01,0.329,LASOFOXIFENE TARTRATE,0.135,novel,5.841
CHEMBL44257,CCCCN1CCOC2c3cc(O)ccc3CC[C@H]21,-6.02,261.4,2.88,32.7,1,3,3,3.2,0.908,0,1.89,0.328,BUPIVACAINE,0.139,novel,5.84
CHEMBL280834,CCCCN(CCCC)CC(=O)Nc1c2c(nc3ccccc13)N(C)CC2,-5.84,368.5,4.07,48.5,1,4,9,2.45,0.725,0,2.39,0.338,DIBUCAINE,0.228,novel,5.84
CHEMBL289148,CCCOc1ccccc1C(=O)N[C@@H]1CN2CCC1CC2,-5.91,288.4,2.3,41.6,1,3,5,3.23,0.904,0,2.21,0.333,PROPIVERINE,0.184,novel,5.839
CHEMBL27586,CN1C2CCC1[C@@H]([C@@H](O)C(F)(F)F)[C@@H](c1ccc(Cl)cc1)C2,-6.04,333.8,3.83,23.5,1,2,2,4.59,0.889,0,1.81,0.313,IOFLUPANE,0.147,novel,5.838
CHEMBL297455,COc1cc2sn(CCN3CCCC3)c(=O)c2cc1OC,-5.71,308.4,2.18,43.7,0,5,5,2.45,0.849,0,2.77,0.377,BUFLOMEDIL,0.073,novel,5.835
CHEMBL10754,COc1ccc(C(CN)c2ccc(OC)c(OC)c2)cc1OC,-5.59,317.4,2.81,62.9,1,5,7,1.97,0.851,0,3.1,0.317,METHOXAMINE,0.127,novel,5.834
CHEMBL37624,CC(=O)c1ccc(C)cc1NC(C(N)=O)c1c(Cl)cccc1Cl,-5.92,351.2,4.14,72.2,2,3,5,2.71,0.795,0,2.16,0.328,LUMIRACOXIB,0.132,novel,5.833
CHEMBL16570,CN1CCN(C2=Nc3ccccc3CC=C2c2ccc(O)cc2)CC1,-5.82,333.4,3.31,39.1,1,4,1,2.51,0.87,0,2.44,0.379,LOXAPINE,0.089,novel,5.833
CHEMBL31981,CCCOC(=O)C1C2CC[C@H](C[C@@H]1OC(=O)c1ccccc1)N2C,-5.44,331.4,2.65,55.8,0,5,5,4.05,0.777,0,3.51,0.745,COCAINE,0.177,novel,5.831
CHEMBL55014,O=C(NCCC1CCN(Cc2ccccc2)CC1)c1ccccc1,-5.98,322.5,3.72,32.3,1,2,6,1.67,0.879,0,1.97,0.404,METHENAMINE HIPPURATE,0.183,novel,5.825
CHEMBL45496,Cc1cccc2nc([C@H](C)NC(=O)OCc3ccccc3)oc(=O)c12,-5.75,338.4,3.48,81.4,1,5,4,2.66,0.787,0,2.61,0.309,BENZYL BENZOATE,0.176,novel,5.824
CHEMBL49907,O=C(Nc1ccc(Cl)cc1)OCCN1CCCCC1,-5.96,282.8,3.37,41.6,1,3,4,1.74,0.92,0,2.01,0.447,PITOLISANT,0.11,novel,5.821
CHEMBL10285,CC(C)[C@H]1OCO[C@]1(Cn1cncn1)c1ccc(Cl)cc1,-5.58,307.8,2.86,49.2,0,4,4,3.76,0.871,0,3.09,0.383,TERCONAZOLE,0.099,novel,5.82
CHEMBL24105,CCC(c1ccc(O)cc1)C(C(=O)OC)c1ccc(O)cc1,-5.91,300.4,3.55,66.8,2,4,5,2.96,0.829,0,2.15,0.581,HEXESTROL,0.188,novel,5.819
CHEMBL285227,Cc1ccc(N(CC(=O)O)S(=O)(=O)c2ccccc2)cc1,-5.73,305.4,2.27,74.7,1,3,5,1.77,0.919,0,2.65,0.326,PROBENECID,0.207,novel,5.819
CHEMBL441608,CNC(=O)[C@@H]1CN(C)CC[C@H]1c1ccc(Cl)cc1,-6.06,266.8,2.12,32.3,1,2,2,2.86,0.889,0,1.7,0.327,CHLORMEZANONE,0.122,novel,5.817
CHEMBL300538,CCOc1cccc(-c2nc(N)nc(O)c2Br)c1,-5.84,310.2,2.59,81.3,2,5,3,2.34,0.91,0,2.32,0.293,ETHOXZOLAMIDE,0.116,novel,5.817
CHEMBL59313,CC1CCCC(C)N1CC(O)(c1ccccc1)c1ccccc1,-6.17,309.5,4.19,23.5,1,2,4,2.98,0.915,0,1.39,0.395,DIPHENIDOL,0.152,novel,5.813
CHEMBL279188,COCC(CNC(C)=O)c1c(-c2ccccc2)n(C)c2ccccc12,-5.83,336.4,3.71,43.3,1,2,6,2.85,0.746,0,2.34,0.411,LACOSAMIDE,0.186,novel,5.812
CHEMBL292913,CCC(c1ccccc1)c1c(O)c2c(oc1=O)CCC2,-5.92,270.3,3.38,50.4,1,3,3,2.9,0.93,0,2.08,0.578,PHENPROCOUMON,0.221,novel,5.81
CHEMBL57618,O=c1c2c(oc(O)c1C(c1ccccc1)C1CC1)CCC2,-5.88,282.3,3.38,50.4,1,3,3,3.2,0.939,0,2.19,0.281,PHENPROCOUMON,0.149,novel,5.809
CHEMBL287319,O=C(N[C@@H](Cc1ccccc1)C(=O)C(F)F)c1ccccc1,-5.75,303.3,2.86,46.2,1,2,6,2.36,0.892,0,2.58,0.49,BENTIROMIDE,0.238,novel,5.809
CHEMBL52045,O=C(NN1CCc2ccccc2C1)OCc1ccccc1,-5.85,282.3,2.89,41.6,1,3,3,2.08,0.941,0,2.27,0.395,BENZYL BENZOATE,0.154,novel,5.808
CHEMBL295775,Cc1cc(-c2c(F)cc3c(=O)c(C(=O)O)cn4c3c2OCC[C@@H]4C)cc(C)n1,-5.81,382.4,3.86,81.4,1,4,2,3.28,0.728,0,2.39,0.5,OFLOXACIN,0.111,novel,5.806
CHEMBL300334,CCCn1c(=O)c2nc(NC3CCC3)[nH]c2n(CCC)c1=O,-6.05,305.4,1.67,84.7,2,4,6,2.72,0.85,0,1.69,0.231,ROPIVACAINE,0.101,novel,5.804
CHEMBL294712,CCOC(=O)c1c(NC(=O)C(C)C)sc2c1CCN(C)C2,-5.63,310.4,2.51,58.6,1,5,4,2.28,0.868,0,2.9,0.254,MEPERIDINE,0.11,novel,5.802
CHEMBL42035,CC1(C)COC(c2ccc(C(=O)O)cc2)(C(C)(C)C)OC1,-5.85,292.4,3.66,55.8,1,3,2,2.82,0.904,0,2.25,0.32,BEXAROTENE,0.13,novel,5.801
CHEMBL298745,CCCN(CCC)CCc1ccc(OC)c2nc(O)ccc12,-5.89,302.4,3.61,45.6,1,4,8,2.48,0.809,0,2.14,0.293,ROPINIROLE,0.116,novel,5.798
CHEMBL46639,CCCOc1ccccc1-c1nc(O)c2scc(C)c2n1,-5.93,300.4,4.16,55.2,1,5,4,2.5,0.786,0,2.03,0.255,MEPHENESIN,0.143,novel,5.797
CHEMBL273434,CCCC(O)(Cn1cncn1)C(=O)c1ccc(Cl)cc1Cl,-5.56,328.2,3.0,68.0,1,4,6,3.2,0.828,0,3.08,0.362,FLUCONAZOLE,0.154,novel,5.796
CHEMBL8334,COc1cc(CC(C)N)c(OC)cc1CCCc1ccccc1,-5.89,313.4,3.77,44.5,1,3,8,2.42,0.807,0,2.13,0.459,AMPHETAMINE,0.141,novel,5.795
CHEMBL431716,CNC(=O)OCc1c(C)sc(-c2ccccc2)c1COC(=O)NC,-5.79,348.4,3.44,76.7,2,5,5,2.57,0.868,0,2.42,0.306,CARBARIL,0.171,novel,5.795
CHEMBL15940,C=C(c1ccccc1OCC(O)CNC(C)C)n1cccn1,-5.85,301.4,2.14,59.3,2,4,8,3.06,0.784,0,2.23,0.519,OXPRENOLOL,0.136,novel,5.794
CHEMBL27937,COc1cccc2c1CC(N(C)CCCc1ccccc1)CC2,-6.02,309.5,4.12,12.5,0,2,6,2.5,0.796,0,1.75,0.286,DONEPEZIL,0.127,novel,5.79
CHEMBL39998,CC(=O)NCCc1c(Br)[nH]c2cc(Br)ccc12,-5.8,360.0,3.37,44.9,2,1,3,2.45,0.866,0,2.38,0.382,MELATONIN,0.122,novel,5.789
CHEMBL46514,COc1c(NC(C)=O)c(OCCN2CCOCC2)c(OC)c2occc12,-5.63,364.4,2.12,82.4,1,7,7,2.71,0.806,0,2.85,0.333,PRAMOXINE,0.105,novel,5.785
CHEMBL278460,Brc1cnc(NC23CC4CC(CC(C4)C2)C3)nc1,-5.92,308.2,3.62,37.8,1,3,2,3.81,0.907,0,2.01,0.25,AMANTADINE,0.057,novel,5.782
CHEMBL268274,CCCN(CCC)C1Cc2cccc3c2N(C1)C(=O)CN3,-5.86,287.4,2.49,35.6,1,3,5,3.34,0.904,0,2.17,0.324,ROTIGOTINE,0.113,novel,5.779
CHEMBL27188,Cc1ccc(Oc2ccccc2C(F)(F)F)c(CC(=O)O)c1,-6.0,310.3,4.43,46.5,1,2,4,2.0,0.908,0,1.78,0.46,FENCLOFENAC,0.197,novel,5.777
CHEMBL39395,CN(C)CCCN1c2ccccc2Sc2ccc(C(=O)O)cc21,-5.86,328.4,3.94,43.8,1,4,5,2.18,0.9,0,2.15,0.69,PROMAZINE,0.159,novel,5.777
CHEMBL21261,CCN1CCC(NC(=O)c2cc(Cl)c(NC)cc2OC)C1,-5.83,311.8,2.21,53.6,2,4,5,2.64,0.875,0,2.24,0.4,CISAPRIDE,0.119,novel,5.777
CHEMBL45330,CC(=O)O[C@H]1CCC2C3CC[C@H]4CNC(=O)CCC4(C)C3CCC21C,-5.66,347.5,3.69,55.4,1,3,1,4.14,0.736,0,2.72,0.46,DROMOSTANOLONE PROPIONATE,0.088,novel,5.776
CHEMBL285754,CCc1nc2ccc(Br)cc2c(=O)n1CC(=O)O,-5.74,311.1,1.81,72.2,1,3,3,2.1,0.938,0,2.5,0.291,ACEFYLLINE,0.169,novel,5.773
CHEMBL54626,OC(c1ccccc1)(c1nccs1)C1CC2CCN1CC2,-5.79,300.4,2.86,36.4,1,4,3,4.26,0.947,0,2.33,0.276,PROCYCLIDINE,0.103,novel,5.772
CHEMBL7279,O=C(N[C@@H](Cc1ccccc1)C(=O)O)c1ccccc1Br,-5.57,348.2,2.87,66.4,2,2,5,2.06,0.873,0,2.97,0.449,NATEGLINIDE,0.215,novel,5.768
CHEMBL49036,CCCN(CC1CC1)c1nc(C)cc(N(C)c2ccccc2)n1,-5.91,310.4,4.18,32.3,0,4,7,2.5,0.768,0,2.0,0.233,TRIPELENNAMINE,0.141,novel,5.767
CHEMBL15179,CN(Cc1ccccc1)C(=O)C1=CC(C)(C)NC1(C)C,-5.89,272.4,2.73,32.3,1,2,3,2.6,0.917,0,2.06,0.311,PARGYLINE,0.177,novel,5.767
CHEMBL9696,O=C1CC(CN2CCC(Oc3ccccc3)CC2)CCc2ccccc21,-5.84,349.5,4.37,29.5,0,3,4,2.62,0.768,0,2.19,0.304,DONEPEZIL,0.11,novel,5.764
CHEMBL24309,O=C(N[C@@H](Cc1ccccc1)C(=O)C(F)(F)F)c1ccccc1,-5.7,321.3,3.16,46.2,1,2,5,2.25,0.919,0,2.57,0.48,BENTIROMIDE,0.274,novel,5.764
CHEMBL291917,COc1ccc2c(c1)C1CN(C)C2Cc2ccc(Br)cc21,-5.88,344.3,4.13,12.5,0,2,1,3.82,0.771,0,2.06,0.339,DEXTROMETHORPHAN,0.061,novel,5.763
CHEMBL289196,Brc1cccc(OCC2CCN(CC3CC3)CC2)c1,-5.91,324.3,3.95,12.5,0,2,5,2.0,0.813,0,1.98,0.28,VANDETANIB,0.104,novel,5.762
CHEMBL48684,COc1ccccc1NC(=O)OCCN1C[C@H](C)C[C@H](C)C1,-5.72,306.4,3.22,50.8,1,4,5,2.74,0.907,0,2.51,0.301,REVEFENACIN,0.141,novel,5.762
CHEMBL43058,Cc1cc(C)nc(N(CCN(C(C)C)C(C)C)C(=O)N(C)C)c1,-5.64,320.5,3.31,39.7,0,3,6,2.78,0.807,0,2.74,0.29,TOLTERODINE TARTRATE,0.136,novel,5.757
CHEMBL13592,CN(C)CCC(=O)c1cc(C(C)(C)C)c2c(c1)C(C)(C)CO2,-5.86,303.4,3.79,29.5,0,3,4,2.73,0.793,0,2.09,0.227,DOXYLAMINE SUCCINATE,0.13,novel,5.756
CHEMBL298703,Cc1ccc([C@H]2C[C@H]3CCC(C2C(=O)OC(C)C)N3C)cc1,-5.82,301.4,3.51,29.5,0,3,3,4.05,0.8,0,2.23,0.435,IOFLUPANE,0.126,novel,5.756
CHEMBL6277,CN1CCCCC1CN1CCN(Cc2ccncc2)CC1,-5.95,288.4,1.68,22.6,0,4,4,2.54,0.841,0,1.84,0.347,NICOTINE,0.079,novel,5.755
CHEMBL54451,C[C@H](CN1CCCC1)N(C)C(=O)Cc1ccc(Cl)c(Cl)c1,-5.76,329.3,3.48,23.6,0,2,5,2.62,0.826,0,2.37,0.274,ELIGLUSTAT,0.129,novel,5.754
CHEMBL46468,CNC(=O)Nc1c(OCCN2CCC2)c(OC)c2occc2c1OC,-5.74,349.4,2.29,85.2,2,6,7,2.75,0.798,0,2.43,0.288,BUFLOMEDIL,0.106,novel,5.753
CHEMBL22823,COc1ccc2c(c1)CCC(C1CCC(O)C1(C)C)C2,-6.05,274.4,3.6,29.5,1,2,2,3.37,0.893,0,1.53,0.365,ESTRADIOL ACETATE,0.076,novel,5.751
CHEMBL25711,O=C(O)c1cc2c(s1)CCC(Cn1ccnc1)C2,-5.76,262.3,2.45,55.1,1,3,3,3.11,0.924,0,2.35,0.295,OZAGREL,0.108,novel,5.749
CHEMBL23926,CC(=O)N[C@@H](Cc1ccc(Cl)c(Cl)c1)C(=O)OCc1cc(C)cc(C)c1,-5.84,394.3,4.4,55.4,1,3,6,2.53,0.739,0,2.13,0.333,MELPHALAN FLUFENAMIDE,0.143,novel,5.746
CHEMBL278165,CN(C)Cc1ccccc1Sc1ccc(Br)cc1CO,-5.95,352.3,4.15,23.5,1,3,5,2.29,0.874,0,1.8,0.269,BROMODIPHENHYDRAMINE,0.177,novel,5.743
CHEMBL54983,COc1cccc(C(=O)NC(C)(C)C(=O)c2cc(C)cc(C)c2)c1C,-5.72,339.4,4.01,55.4,1,3,5,2.26,0.837,0,2.47,0.281,PICOTAMIDE,0.162,novel,5.742
CHEMBL298460,COc1cc2sn(CCN3CC4CCC(CC4)C3)c(=O)c2cc1OC,-5.45,362.5,3.2,43.7,0,5,5,3.48,0.819,0,3.23,0.279,DONEPEZIL,0.082,novel,5.742
CHEMBL14040,CN(C)[C@@H]1CCCC[C@H]1N(C)C(=O)Cc1ccc(Cl)c(Cl)c1,-5.78,343.3,3.87,23.6,0,2,4,3.02,0.829,0,2.28,0.286,ALCLOFENAC,0.118,novel,5.738
CHEMBL35033,CCOCn1c(Cc2ccccc2)c(C(C)C)c(=O)[nH]c1=O,-5.6,302.4,2.24,64.1,1,3,6,2.39,0.89,0,2.8,0.283,PROPYPHENAZONE,0.147,novel,5.738
CHEMBL47325,CCC(COC1CC2CCC(C1)N2C)Oc1ccc(Cl)cc1,-5.91,323.9,4.14,21.7,0,3,6,4.01,0.785,0,1.91,0.36,BENZTROPINE,0.094,novel,5.737
CHEMBL268695,CC(=O)N1CCC(=C2c3ccc(Cl)cc3CCc3cc(CO)cnc32)CC1,-5.69,382.9,3.77,53.4,1,3,1,2.67,0.816,0,2.54,0.554,LORATADINE,0.103,novel,5.737
CHEMBL15638,C/C=C(\c1ccccc1OCC(O)CNC(C)(C)C)n1ccnc1,-5.64,329.4,2.92,59.3,2,4,7,3.19,0.82,0,2.67,0.467,PENBUTOLOL,0.146,novel,5.736
CHEMBL287691,CCN1CC[C@H]2c3cc(OC(=O)NC)ccc3CC21,-5.92,260.3,2.14,41.6,1,3,2,3.22,0.885,0,1.86,0.391,PHYSOSTIGMINE,0.123,novel,5.733
CHEMBL58474,CCn1c(NC2CCN(C(C)C)CC2)nc2ccccc21,-5.92,286.4,3.34,33.1,1,3,4,2.16,0.936,0,1.87,0.455,ASTEMIZOLE,0.147,novel,5.733
CHEMBL288398,CC(C)N(C[C@@]1(C2=NCCN2)Cc2ccccc2N1C)C(C)C,-5.75,314.5,2.54,30.9,1,4,5,3.68,0.906,0,2.34,0.298,TRIMIPRAMINE,0.11,novel,5.733
CHEMBL276826,COc1ccc2c(c1OC)CCC[C@H]2CN(C)CCc1ccc2c(c1)OCO2,-5.7,383.5,4.03,40.2,0,5,7,2.92,0.722,0,2.5,0.316,BERBERINE,0.082,novel,5.733
CHEMBL16772,CN1CCN(C2=Nc3ccccc3CC=C2c2cccnc2)CC1,-5.62,318.4,3.0,31.7,0,4,1,2.57,0.81,0,2.72,0.367,LOXAPINE,0.073,novel,5.733
CHEMBL290035,CNC(=O)OCc1snc(-c2ccccc2)c1COC(=O)NC,-5.75,335.4,2.52,89.6,2,6,5,2.73,0.876,0,2.33,0.294,CARBARIL,0.167,novel,5.727
CHEMBL40008,CN(C)CCCN1c2ccccc2Sc2ccc(CO)cc21,-5.95,314.5,3.73,26.7,1,4,5,2.25,0.909,0,1.76,0.725,PROMAZINE,0.13,novel,5.726
CHEMBL29014,CCCSc1ccc2c(c1)nc(NC(=O)OC)n2C(=O)CC,-5.7,321.4,3.77,73.2,1,5,5,2.68,0.849,0,2.47,0.544,ALBENDAZOLE,0.136,novel,5.725
CHEMBL10795,CC(C)CC(O)(Cn1cncn1)C(=O)c1ccc(Cl)cc1,-5.52,307.8,2.59,68.0,1,4,6,3.09,0.833,0,3.0,0.351,FLUCONAZOLE,0.143,novel,5.725
CHEMBL274055,COc1cccc2c1CCC[C@H]2CN(C)CCc1ccc2c(c1)NCC2,-5.95,350.5,4.26,24.5,1,3,6,3.0,0.842,0,1.75,0.278,VERAPAMIL,0.082,novel,5.724
CHEMBL31950,CC(C)Nc1nc(N2CCN(C)CC2)nc(Cl)c1Br,-5.55,348.7,2.46,44.3,1,5,3,2.61,0.85,0,2.9,0.23,LOXAPINE,0.074,novel,5.724
CHEMBL281610,COc1cc2c(cc1OC)C(c1ccc(Cl)cc1)=NNC(=O)C2,-5.45,330.8,2.78,59.9,1,4,3,2.3,0.941,0,3.18,0.302,METHOPHOLINE,0.075,novel,5.724
CHEMBL297550,COc1c2occc2c(OC)c2c(=O)cc(CSC)oc12,-5.5,306.3,3.42,61.8,0,6,4,2.9,0.736,0,3.04,0.44,METHOXSALEN,0.113,novel,5.723
CHEMBL287083,CCN1CCCC1CNC(=O)c1c(OC)c(Cl)cc(Cl)c1OC,-5.52,361.3,3.22,50.8,1,4,6,2.82,0.845,0,2.98,0.643,REMOXIPRIDE,0.125,novel,5.722
CHEMBL55591,COc1ccccc1CN[C@H]1[C@@H]2CCC[C@@H]2N[C@H]1c1ccccc1,-5.99,322.5,3.67,33.3,2,3,5,3.42,0.881,0,1.62,0.246,GUAIFENESIN,0.111,novel,5.718
CHEMBL286060,CCOC(=O)C1Cc2ccccc2N1C(=O)[C@H](C)C[C@@H](C)C(=O)O,-5.62,333.4,2.25,83.9,1,4,6,3.28,0.807,0,2.69,0.386,QUINAPRIL,0.169,novel,5.717
CHEMBL269172,COc1cccc2c1CCC[C@@H]2CN(C)CCc1ccc2c(c1)OCO2,-5.7,353.5,4.02,30.9,0,4,6,2.81,0.785,0,2.45,0.282,VERAPAMIL,0.096,novel,5.712
CHEMBL46479,CCN(c1nc(C)cc(C)n1)c1c(Br)cc(OC)cc1OC,-5.57,366.3,4.03,47.5,0,5,5,2.61,0.8,0,2.81,0.241,BUFLOMEDIL,0.079,novel,5.712
CHEMBL288301,COc1ccc2cccc(CCNC(=O)C3CCC3)c2c1,-5.86,283.4,3.31,38.3,1,2,5,1.8,0.914,0,1.97,0.694,AGOMELATINE,0.186,novel,5.711
CHEMBL50502,Cn1c(C(=O)O)c(CCC(=O)O)c2c(Cl)cc(Cl)cc21,-5.78,316.1,3.2,79.5,2,2,4,2.5,0.908,0,2.2,0.304,ZOMEPIRAC,0.169,novel,5.711
CHEMBL8,O=C(O)c1cn(C2CC2)c2cc(N3CCNCC3)c(F)cc2c1=O,-6.31,331.3,1.58,74.6,2,4,3,2.47,0.893,0,2.1,1.0,CIPROFLOXACIN,0.095,likely-known-drug-chemistry,5.71
CHEMBL301497,CN1C2CCC1[C@H](OC(=O)C1c3ccccc3CCc3ccccc31)CC2,-5.7,361.5,4.09,29.5,0,3,2,4.12,0.755,0,2.43,0.414,COCAINE,0.132,novel,5.71
CHEMBL418095,CCOC(c1ccc(OC)cc1)c1c(O)ccc2ncccc12,-5.82,309.4,4.07,51.6,1,4,5,2.67,0.771,0,2.08,0.283,MEQUINOL,0.141,novel,5.709
CHEMBL42416,O=C(OC[C@@H]1c2ccc(Cl)cc2N[C@H]1C(=O)O)c1ccccc1,-5.69,331.8,3.16,75.6,2,4,4,3.06,0.842,0,2.45,0.354,BENZYL BENZOATE,0.176,novel,5.709
CHEMBL297471,CC(C)(C)c1ccc2[nH]cc(CCN3CCCC3)c2c1,-6.19,270.4,4.1,19.0,1,1,3,2.09,0.889,0,1.01,0.407,ALMOTRIPTAN,0.077,novel,5.706
CHEMBL32413,CCOC(=O)[C@H](CCc1ccccc1)NC(=O)c1ccccc1,-5.57,311.4,2.98,55.4,1,3,7,2.08,0.8,0,2.79,0.466,ENALAPRIL,0.246,novel,5.706
CHEMBL429967,CCCC(C)Nc1nc(C(F)(F)F)nc2ccccc12,-6.04,283.3,4.25,37.8,1,3,4,2.68,0.911,0,1.44,0.273,FENFLURAMINE,0.254,novel,5.705
CHEMBL10743,CCCCC(O)(Cn1cncn1)C(C)(O)c1ccc(Cl)cc1,-5.6,323.8,2.76,71.2,2,4,7,3.4,0.822,0,2.7,0.357,FLUCONAZOLE,0.145,novel,5.705
CHEMBL280011,c1ccc2c(NCCN3CCCCC3)ccnc2c1,-5.99,255.4,3.13,28.2,1,3,4,1.86,0.909,0,1.59,0.32,DIPHENIDOL,0.121,novel,5.704
CHEMBL51010,CSc1nccn1[C@@H]1[C@@H](c2cccc3c2CCO3)C1(C)C,-5.86,300.4,3.9,27.1,0,3,3,3.79,0.804,0,1.95,0.333,TASIMELTEON,0.09,novel,5.703
CHEMBL32514,CCOC(=O)c1ccc(NCC(O)COc2ccccc2C)cc1,-5.6,329.4,3.02,67.8,2,5,8,2.28,0.729,0,2.68,0.5,MEPHENESIN,0.189,novel,5.703
CHEMBL416770,COc1ccc(C2CNC(=O)C2)cc1OCC(C)C,-5.8,263.3,2.33,47.6,1,3,5,2.67,0.887,0,2.13,0.308,GUAIFENESIN,0.101,novel,5.701
CHEMBL16939,CCCC(C)Cn1c(N2CCN(C)CC2)nc2ccccc21,-5.75,300.4,3.22,24.3,0,3,5,2.66,0.847,0,2.26,0.556,EMEDASTINE,0.145,novel,5.7
CHEMBL301383,COc1cc(NC(C)CCCN)c2nc(OC)cc(C)c2c1,-5.71,303.4,3.1,69.4,2,5,7,2.89,0.822,0,2.37,0.582,PRIMAQUINE,0.108,novel,5.698
CHEMBL296325,CC(C)(C)c1ncc(CC(N)C(=O)O)n1Cc1ccccc1,-5.83,301.4,2.18,81.1,2,3,5,2.85,0.887,0,2.02,0.392,AMPHETAMINE ASPARTATE,0.179,novel,5.697
CHEMBL22602,Cc1cnsc1C(c1ccc(C(C)C)cc1)N1CCNCC1,-5.87,315.5,3.57,28.2,1,4,4,3.14,0.935,0,1.89,0.271,CYCLIZINE,0.077,novel,5.696
CHEMBL39954,CN[C@H]1CC[C@@H](c2ccc(F)c(OC)c2)c2ccccc21,-6.11,285.4,4.02,21.3,1,2,3,2.94,0.919,0,1.22,0.587,SERTRALINE,0.118,novel,5.691
CHEMBL52428,C[C@@]12CCC[C@H]1[C@@H]1CC[C@H]3CC(=O)N[C@@H](CO)C[C@]3(C)[C@H]1CC2,-5.82,319.5,3.51,49.3,2,2,1,4.38,0.777,0,2.03,0.373,DROMOSTANOLONE PROPIONATE,0.088,novel,5.69
CHEMBL50428,Cc1cccnc1N1C(=O)CSC1c1c(F)cccc1F,-5.69,306.3,3.45,33.2,0,3,2,2.97,0.852,0,2.39,0.328,NEVIRAPINE,0.087,novel,5.682
CHEMBL29001,CC(C)Nc1nc(N2CCN(C)CC2)nc(Cl)c1Cl,-5.67,304.2,2.36,44.3,1,5,3,2.5,0.869,0,2.44,0.237,LOXAPINE,0.088,novel,5.681
CHEMBL24128,CNC(=O)OCc1c(COC(=O)NC)c(-c2ccccc2)n(C)c1C,-5.58,345.4,2.71,81.6,2,4,5,2.56,0.873,0,2.69,0.3,CARBARIL,0.172,novel,5.681
CHEMBL38143,Cc1ccccc1N(CC(=O)O)S(=O)(=O)c1ccccc1,-5.59,305.4,2.27,74.7,1,3,5,1.82,0.919,0,2.65,0.326,PROBENECID,0.207,novel,5.679
CHEMBL416563,CCN(C(=O)NC(C)(C)C)S(=O)(=O)c1ccc(Cl)cc1,-5.43,318.8,2.86,66.5,1,3,3,2.32,0.932,0,3.1,0.396,CHLORPROPAMIDE,0.157,novel,5.679
CHEMBL285029,CN(C)CCCN(C)C(=O)C(c1ccccc1)c1ccccc1,-5.7,310.4,3.23,23.6,0,2,7,1.99,0.784,0,2.33,0.41,DIPHENHYDRAMINE,0.246,novel,5.677
CHEMBL289733,CCCC(C(=O)O)c1cc(C(=O)c2cccs2)ccc1O,-5.83,304.4,3.65,74.6,2,4,6,2.79,0.799,0,1.95,0.48,SUPROFEN,0.173,novel,5.675
CHEMBL34503,CC(C)c1ccc(C(=O)N[C@H](Cc2ccccc2)C(=O)O)cc1,-5.67,311.4,3.24,66.4,2,2,6,2.05,0.86,0,2.43,0.49,NATEGLINIDE,0.246,novel,5.675
CHEMBL42401,CN1C(=O)[C@H](Cc2ccc(O)cc2)n2cccc2-c2ccccc21,-5.72,318.4,3.62,45.5,1,2,2,2.84,0.784,0,2.28,0.31,OXYPHENBUTAZONE ANHYDROUS,0.114,novel,5.674
CHEMBL30569,CCNC1CCc2c(Sc3ccccc3)ccc(OC)c2C1,-6.05,313.5,4.31,21.3,1,3,5,2.77,0.888,0,1.31,0.237,RASAGILINE,0.141,novel,5.673
CHEMBL47189,O=C(O)c1ccc2sc(Cn3ccnc3)c(Br)c2c1,-5.57,337.2,3.61,55.1,1,3,3,2.65,0.794,0,2.67,0.368,OZAGREL,0.125,novel,5.667
CHEMBL16806,CNC(=O)O[C@H]1CC[C@@](CNC(=O)c2ccccc2OC)(c2ccccc2)CC1,-5.78,396.5,3.66,76.7,2,4,6,2.34,0.781,0,2.07,0.289,SULPIRIDE,0.16,novel,5.665
CHEMBL413322,NC(=O)C(CCN1CCCC1)(c1ccccc1)c1ccccc1,-5.6,308.4,2.94,46.3,1,2,6,2.07,0.892,0,2.58,0.512,DIPHENIDOL,0.182,novel,5.664
CHEMBL36995,CCOCn1c(Sc2ccccc2)c(CC)c(=O)[nH]c1=O,-5.51,306.4,2.24,64.1,1,4,6,2.5,0.831,0,2.84,0.259,ETHOTOIN,0.147,novel,5.664
CHEMBL281352,CCOC(=O)C1Cc2ccccc2N1C(=O)CCC(C)C(=O)O,-5.65,319.4,2.01,83.9,1,4,6,3.0,0.811,0,2.43,0.386,QUINAPRIL,0.182,novel,5.663
CHEMBL276214,CC(=O)C(O)(Cn1cncn1)c1ccc(Cl)cc1Cl,-5.58,300.1,2.06,68.0,1,4,4,3.18,0.938,0,2.63,0.434,FLUCONAZOLE,0.115,novel,5.66
CHEMBL281646,O=C(O)C1CCc2sc(Cn3ccnc3)cc2C1,-5.73,262.3,2.18,55.1,1,3,3,3.12,0.922,0,2.2,0.339,OZAGREL,0.093,novel,5.659
CHEMBL279528,CN1CCCC(CC(=O)N2c3ccccc3C(=O)Nc3cccnc32)CC1,-5.4,364.4,3.43,65.5,1,4,2,2.93,0.887,0,3.14,0.677,PIRENZEPINE,0.135,novel,5.658
CHEMBL268455,CN(C)C(=O)c1cc(-c2ccncc2)nnc1Cl,-5.61,262.7,1.89,59.0,0,4,2,2.29,0.829,0,2.53,0.268,INAMRINONE LACTATE,0.125,novel,5.656
CHEMBL58341,Cc1cnc(NS(=O)(=O)c2cc(Cl)ccc2Cl)s1,-5.57,323.2,3.56,59.1,1,4,3,2.2,0.939,0,2.66,0.302,SULFAMETHIZOLE,0.078,novel,5.656
CHEMBL292835,COC(=O)CC1=CN2C(=O)c3cc(OC)c(OC)cc3N=C[C@@H]2C1,-5.41,330.3,2.08,77.4,0,6,4,3.47,0.79,0,3.11,0.253,DONEPEZIL,0.108,novel,5.655
CHEMBL11313,CC(=O)N1CCC(=C2c3ccc(Cl)cc3CCc3cc(C(C)O)cnc32)CC1,-5.76,396.9,4.33,53.4,1,3,1,3.16,0.78,0,2.1,0.522,LORATADINE,0.115,novel,5.654
CHEMBL52394,COC(=O)c1ccc(CC(C)NCC(O)c2ccccc2)cc1,-5.58,313.4,2.73,58.6,2,4,7,2.52,0.772,0,2.62,0.511,FENOTEROL,0.235,novel,5.654
CHEMBL18984,COc1ccc([C@@H]2Sc3ccccc3N(CC(=O)O)C(=O)[C@@H]2O)cc1,-5.62,359.4,2.32,87.1,2,5,4,2.99,0.871,0,2.49,0.547,DILTIAZEM,0.136,novel,5.652
CHEMBL25547,CCN1CCC[C@@H]1CNC(=O)c1c(OC)ccc(Br)c1OC,-5.88,371.3,2.68,50.8,1,4,6,2.75,0.836,0,3.17,1.0,REMOXIPRIDE,0.133,likely-known-drug-chemistry,5.651
CHEMBL268830,CN1CCCCC1CN1CCN(Cc2cccnc2)CC1,-5.85,288.4,1.68,22.6,0,4,4,2.54,0.841,0,1.84,0.438,NICOTINE,0.09,novel,5.651
CHEMBL297604,CCC(CC)(C(=O)O)c1cc(C(=O)c2cccs2)ccc1OC,-5.61,332.4,4.13,63.6,1,4,7,2.57,0.774,0,2.52,0.423,SUPROFEN,0.173,novel,5.649
CHEMBL277572,CN(C)[C@@H]1CCCC[C@H]1N(C)C(=O)c1ccc(Cl)c(Cl)c1,-5.75,329.3,3.94,23.6,0,2,3,2.96,0.839,0,2.11,0.255,SERTRALINE,0.11,novel,5.648
CHEMBL282574,Brc1ccc2c(c1)C1C(CC2)N=C2SCCN21,-5.7,309.2,3.22,15.6,0,3,0,3.8,0.731,0,2.25,0.296,LEVAMISOLE HYDROCHLORIDE,0.041,novel,5.648
CHEMBL16298,CCC(C)(C)Nc1nc(C(F)(F)F)nc2ccccc12,-5.98,283.3,4.25,37.8,1,3,3,2.41,0.915,0,1.44,0.273,MEPHENTERMINE,0.209,novel,5.646
CHEMBL34725,CC(C)[C@H]1C(=O)N[C@H](CO)Cc2cc3c(cc2N1C)C1(CCCCC1)CCC3,-5.74,384.6,3.72,52.6,2,3,2,4.21,0.817,0,2.13,0.229,LEVORPHANOL TARTRATE,0.124,novel,5.645
CHEMBL6229,CCc1cc2c(Sc3nnc(N)s3)ncnc2s1,-5.55,295.4,2.84,77.6,1,8,3,2.83,0.749,0,2.65,0.191,AZATHIOPRINE,0.076,novel,5.644
CHEMBL18700,Brc1ccc(NC23CC4CC(CC(C4)C2)C3)nc1,-6.0,307.2,4.22,24.9,1,2,2,3.68,0.884,0,1.38,0.242,PEFICITINIB,0.067,novel,5.641
CHEMBL301778,CC(COC1CC2CCC(C1)N2C)Sc1ccc(Cl)cc1,-5.88,325.9,4.46,12.5,0,3,5,4.15,0.741,0,1.71,0.367,BENZTROPINE,0.083,novel,5.641
CHEMBL275188,CSc1nnc(-c2nc(C(C)(C)C)c(O)c(C(C)(C)C)n2)s1,-5.6,338.5,4.02,71.8,1,7,2,3.11,0.834,0,2.52,0.209,PROBUCOL,0.055,novel,5.641
CHEMBL433037,CC(C)(C)OC(=O)[C@H](Cc1ccccc1)NCc1ccc(F)cc1,-5.75,329.4,3.87,38.3,1,3,6,2.27,0.818,0,2.08,0.361,SAFINAMIDE,0.211,novel,5.64
CHEMBL35696,CC(C)[C@H]1C(=O)N[C@H](CO)Cc2cc3c(cc2N1C)C(C)(C)CCC3(C)C,-5.66,372.6,3.53,52.6,2,3,2,3.81,0.835,0,2.35,0.237,PENTAZOCINE LACTATE,0.131,novel,5.64
CHEMBL297502,OCc1cc(Cl)c(-c2ccc(O)cc2)c(C(F)(F)F)c1,-6.03,302.7,4.22,40.5,2,2,2,2.18,0.872,0,1.29,0.242,HYDROQUINONE,0.145,novel,5.639
CHEMBL279864,CCn1c(-c2ccccc2)c(CCNC(C)=O)c2ccccc21,-5.88,306.4,4.01,34.0,1,1,5,2.01,0.759,0,1.7,0.322,AGOMELATINE,0.182,novel,5.636
CHEMBL23621,CCN1CCCC1CNC(=O)c1c(OC)c(Cl)cc(Br)c1OC,-5.59,405.7,3.33,50.8,1,4,6,2.9,0.789,0,2.52,0.702,REMOXIPRIDE,0.118,novel,5.635
CHEMBL295668,CCN1CCCC1CNC(=O)c1c(OC)ccc(Br)c1OC,-5.86,371.3,2.68,50.8,1,4,6,2.75,0.836,0,3.17,1.0,REMOXIPRIDE,0.133,likely-known-drug-chemistry,5.634
CHEMBL58727,COc1ccc2c(c1)C1CNC2Cc2ccc(Br)cc21,-5.86,330.2,3.79,21.3,1,2,1,3.9,0.859,0,1.75,0.266,ELACESTRANT,0.054,novel,5.633
CHEMBL26639,CC[C@]1(c2ccccc2Cl)OC[C@H]([C@@H]2CCCCN2)O1,-5.83,295.8,3.46,30.5,1,3,3,3.69,0.926,0,1.83,0.27,METHYLPHENIDATE,0.098,novel,5.632
CHEMBL268691,COc1cc(Br)c2c3c([nH]c2c1)CNCC3,-5.84,281.2,2.58,37.0,2,2,1,2.8,0.843,0,1.79,0.214,MEQUINOL,0.066,novel,5.628
CHEMBL45339,COc1cc2sn(CCCN3CC4CCC(CC4)C3)c(=O)c2cc1OC,-5.46,376.5,3.59,43.7,0,5,6,3.47,0.773,0,2.88,0.279,BUFLOMEDIL,0.08,novel,5.628
CHEMBL276997,O=C(Nc1nccs1)c1cc(Br)cc(Br)c1O,-5.61,378.0,3.63,62.2,2,4,2,2.29,0.839,0,2.46,0.535,TRIBROMSALAN,0.108,novel,5.627
CHEMBL13039,O=C1CN=C(c2ccccc2)c2cc(C(F)(F)F)ccc2N1,-5.72,304.3,3.49,41.5,1,2,1,2.3,0.861,0,2.13,0.612,NITRAZEPAM,0.181,novel,5.626
CHEMBL38711,CCOCn1c(Sc2ccccc2)c(C(C)C)c(=O)[nH]c1=O,-5.36,320.4,2.81,64.1,1,4,6,2.57,0.831,0,3.16,0.273,PROPYPHENAZONE,0.159,novel,5.626
CHEMBL430314,COc1cccc2c1CCC[C@H]2CN(C)CCc1ccc2c(c1)CNC2,-5.78,350.5,3.89,24.5,1,3,6,3.03,0.855,0,1.95,0.303,VERAPAMIL,0.084,novel,5.625
CHEMBL295203,CC(C)(C)OC(=O)CN1C(=O)C(NC(=O)c2ccccc2)CCc2ccccc21,-5.48,394.5,3.11,75.7,1,4,4,2.56,0.809,0,2.82,0.465,BENAZEPRIL,0.171,novel,5.623
CHEMBL40559,CN(C)C[C@@H]1CS[C@@](c2ccccc2)(C2CCCCC2)O1,-5.86,305.5,4.11,12.5,0,3,4,3.64,0.83,0,1.72,0.333,TRAMADOL,0.116,novel,5.619
CHEMBL299547,O=C(OC1CN2CCC1CC2)C1c2ccccc2CCc2ccccc21,-5.54,347.5,3.55,29.5,0,3,2,3.62,0.778,0,2.63,0.596,SOLIFENACIN,0.134,novel,5.617
CHEMBL37721,COc1ccc2cccc(CCNC(=O)Cc3ccccc3)c2c1,-5.74,319.4,3.75,38.3,1,2,6,1.74,0.751,0,2.05,0.708,AGOMELATINE,0.224,novel,5.616
CHEMBL23509,O=C(O)c1cc2c(s1)CC(Cn1ccnc1)CC2,-5.63,262.3,2.45,55.1,1,3,3,3.16,0.924,0,2.35,0.295,OZAGREL,0.108,novel,5.616
CHEMBL283964,CN1CCN(C(c2ccccc2Cl)c2nccn2C)CC1,-5.6,304.8,2.41,24.3,0,3,3,2.67,0.87,0,2.43,0.419,CYCLIZINE,0.091,novel,5.615
CHEMBL41261,CCCN(CCC)[C@H]1CCc2cccc(C(=O)NC(C)C)c2[C@H]1C,-5.87,330.5,4.37,32.3,1,2,7,3.31,0.805,0,1.68,0.292,ROTIGOTINE,0.211,novel,5.613
CHEMBL45125,CN(C)C[C@@H]1CS[C@](c2ccccc2)(C2CCCCC2)O1,-5.84,305.5,4.11,12.5,0,3,4,3.64,0.83,0,1.72,0.333,TRAMADOL,0.116,novel,5.605
CHEMBL296106,O=c1c2ccccc2sn1CCN1CC2CCC(CC2)C1,-5.63,302.4,3.19,25.2,0,3,3,3.38,0.87,0,2.32,0.279,LURASIDONE,0.141,novel,5.605
CHEMBL285342,CN1C2CCC1[C@H](C(O)C(F)(F)F)[C@@H](c1ccc(Cl)cc1)C2,-5.81,333.8,3.83,23.5,1,2,2,4.59,0.889,0,1.81,0.313,IOFLUPANE,0.147,novel,5.602
CHEMBL276462,COC1=C[C@]23CCCN2CCc2cc4c(cc2[C@@H]3[C@@H]1O)OCO4,-5.61,315.4,1.79,51.2,1,5,1,4.41,0.856,0,2.38,0.581,OMACETAXINE MEPESUCCINATE,0.097,novel,5.601
CHEMBL298778,CNCC[C@@]12CCCC[C@@H]1C=Cc1ccc(OC)cc12,-6.01,271.4,3.76,21.3,1,2,4,3.57,0.9,0,1.23,0.338,DEXTROMETHORPHAN,0.088,novel,5.598
CHEMBL23010,CC(C)c1ccc(C(c2ccns2)N2CCNCC2)cc1,-5.76,301.5,3.26,28.2,1,4,4,3.12,0.939,0,1.94,0.283,CYCLIZINE,0.079,novel,5.597
CHEMBL22447,Cc1noc(C)c1C(c1ccccc1Cl)N1CCN(C)CC1,-5.53,319.8,3.28,32.5,0,4,3,2.78,0.869,0,2.59,0.409,CYCLIZINE,0.1,novel,5.597
CHEMBL19151,COC(=O)[C@@H]1C2CCC(C[C@@H]1OC(=O)c1ccccc1)N2C,-5.95,303.4,1.87,55.8,0,5,3,3.99,0.798,0,2.82,1.0,COCAINE,0.158,likely-known-drug-chemistry,5.596
CHEMBL13049,CC1CCCN(CCC(C)N(C)S(=O)(=O)c2cccc3ccccc23)C1,-5.52,374.6,3.97,40.6,0,3,6,2.98,0.768,0,2.62,0.275,PIPERIDOLATE,0.211,novel,5.594
CHEMBL26461,COc1ccc(O)cc1C(C)(C)C(C)(C)c1cc(O)ccc1OC,-5.78,330.4,4.37,58.9,2,4,5,2.63,0.854,0,1.87,0.379,MEQUINOL,0.094,novel,5.593
CHEMBL34348,COc1ccc2cccc(CCNC(=O)c3ccccc3)c2c1,-5.77,305.4,3.82,38.3,1,2,5,1.66,0.778,0,1.89,0.739,AGOMELATINE,0.231,novel,5.59
CHEMBL417073,CC(C)(C)c1cc(-c2nnc(N)s2)cc(C(C)(C)C)c1O,-5.81,305.4,4.09,72.0,2,5,1,2.57,0.832,0,1.78,0.389,PROBUCOL,0.071,novel,5.589
CHEMBL48622,C[C@@]12CCC[C@H]1[C@@H]1CC[C@H]3CC(=O)N[C@H](CO)C[C@]3(C)[C@H]1CC2,-5.72,319.5,3.51,49.3,2,2,1,4.38,0.777,0,2.03,0.373,DROMOSTANOLONE PROPIONATE,0.088,novel,5.589
CHEMBL288429,C=C(CN(C)C1CC(C(C)(C)C)CCC1O)S(C)(=O)=O,-5.53,303.5,2.05,57.6,1,4,4,4.06,0.863,0,2.56,0.184,MENTHOL,0.064,novel,5.586
CHEMBL45156,FCCCN1CCC(COc2ccc(Br)cc2)CC1,-5.7,330.2,3.9,12.5,0,2,6,2.07,0.784,0,2.06,0.347,PRAMOXINE,0.079,novel,5.585
CHEMBL37405,CCCC(=O)Nc1c2c(nc3scc(C)c13)CCCC2,-5.87,288.4,4.22,42.0,1,3,3,2.52,0.918,0,1.59,0.302,TYROPANOIC ACID,0.156,novel,5.584
CHEMBL8821,CC(C)N(CC[C@](C(N)=O)(c1ccccc1)c1ccccn1)C(C)C,-5.9,339.5,3.36,59.2,1,3,8,3.03,0.802,0,2.92,1.0,DISOPYRAMIDE,0.179,likely-known-drug-chemistry,5.582
CHEMBL28028,COc1cc2c(c3c1OCO3)-c1ccc(OC)c(=O)cc1[C@@H](NC(C)=O)CC2,-5.4,383.4,2.58,83.1,1,6,3,3.16,0.877,0,2.92,0.737,COLCHICINE,0.114,novel,5.581
CHEMBL6548,O=C1Nc2ccc(Br)cc2C12SCCS2,-5.69,302.2,3.03,29.1,1,3,0,3.63,0.798,0,2.09,0.296,BROMAZEPAM,0.079,novel,5.579
CHEMBL36558,CCN1CCC(COc2nc3ccccc3c3c2CCCCN3)CC1,-5.71,339.5,4.09,37.4,1,4,4,2.53,0.91,0,2.03,0.295,TACRINE,0.127,novel,5.575
CHEMBL15402,CCN(Cc1ccccc1)Cc1ccccc1C(=O)N(CC)CC,-5.74,324.5,4.19,23.6,0,2,8,1.93,0.727,0,1.93,0.358,TROPICAMIDE,0.212,novel,5.571
CHEMBL22704,CSC1=NC(c2ccccc2SC)C2=C(O)OCC2=N1,-5.54,306.4,3.42,54.2,1,6,2,4.01,0.851,0,2.47,0.184,PERGOLIDE,0.113,novel,5.568
CHEMBL37969,COC(=O)C[C@@H](O)[C@H](Cc1ccccc1)N(C)C(=O)OCc1ccccc1,-5.29,371.4,2.79,76.1,1,5,8,2.87,0.722,0,3.2,0.383,RACECADOTRIL,0.192,novel,5.568
CHEMBL299044,COc1cc(CCN2CCCCC2)c(OC)cc1Br,-5.6,328.2,3.49,21.7,0,3,5,1.98,0.826,0,2.31,0.38,BUFLOMEDIL,0.053,novel,5.567
CHEMBL36190,O=C(NC1CCCCNC1=O)c1cccc(C(F)(F)F)c1,-5.65,300.3,2.1,58.2,2,2,2,2.54,0.879,0,2.17,0.309,MEFLOQUINE,0.156,novel,5.566
CHEMBL22043,CCC(=O)N(c1ccc(OC)cc1)C1CCCCC1N(C)C,-5.55,304.4,3.31,32.8,0,3,5,3.0,0.836,0,2.44,0.345,FENTANYL,0.12,novel,5.566
CHEMBL276901,CCCCC(O)(Cn1cncn1)C(=O)c1ccccc1Cl,-5.34,307.8,2.74,68.0,1,4,7,3.09,0.799,0,3.04,0.333,FLUCONAZOLE,0.213,novel,5.566
CHEMBL58943,CN(C)CCCN1CC2c3ccccc3CC1c1ccccc12,-5.72,306.5,3.68,6.5,0,2,4,3.74,0.85,0,1.97,0.435,IMIPRAMINE,0.107,novel,5.565
CHEMBL284670,COc1ccc(Cl)c2c1C(=O)CC(CC(=O)O)S2,-5.42,286.7,2.87,63.6,1,4,3,3.23,0.925,0,2.81,0.262,ETHACRYNIC ACID,0.13,novel,5.564
CHEMBL517,CC(C)N(CCC(C(N)=O)(c1ccccc1)c1ccccn1)C(C)C,-5.88,339.5,3.36,59.2,1,3,8,3.03,0.802,0,2.92,1.0,DISOPYRAMIDE,0.179,likely-known-drug-chemistry,5.561
CHEMBL40634,CCCN(CCC)[C@@H]1CCc2cccc(C(=O)OC)c2[C@@H]1C,-5.71,303.4,4.01,29.5,0,3,6,3.29,0.744,0,1.97,0.327,METHYL SALICYLATE,0.171,novel,5.56
CHEMBL267156,O=C(N[C@@H](CCc1ccccc1)C(=O)O)c1ccccc1Br,-5.41,362.2,3.26,66.4,2,2,6,2.15,0.829,0,2.84,0.373,ENALAPRILAT ANHYDROUS,0.209,novel,5.56
CHEMBL275529,COc1ccc2c(c1)c(CCNC(C)=O)c1n2CCCc2ccccc2-1,-5.59,348.4,3.94,43.3,1,2,4,2.31,0.776,0,2.32,0.438,AGOMELATINE,0.124,novel,5.559
CHEMBL9803,CCCCC1(C2=NCCN2)COc2ccccc2O1,-5.69,260.3,2.39,42.9,1,4,4,3.43,0.904,0,2.03,0.294,TOLAZOLINE,0.145,novel,5.558
CHEMBL37090,CCOC(=O)Cc1cccc(Cn2cnc3c2NC=NCC3O)c1,-5.79,328.4,1.52,88.7,2,6,5,3.3,0.813,0,1.73,0.276,PROPANIDID,0.111,novel,5.556
CHEMBL288921,C1CNC(C2CN(C(C3CC3)C3CC3)CCN2C(C2CC2)C2CC2)=N1,-5.52,342.5,2.35,30.9,1,4,7,3.97,0.77,0,2.49,0.283,TETRAHYDROZOLINE,0.043,novel,5.555
CHEMBL19211,CCCC(=O)NC[C@@H]1C[C@H]1c1cccc2c1OC(CCC)N2,-5.75,302.4,3.64,50.4,2,3,7,3.83,0.808,0,1.83,0.435,TASIMELTEON,0.19,novel,5.554
CHEMBL288284,CCCN(CCC)[C@@H]1CCc2cccc(C(=O)NC(C)C)c2[C@@H]1C,-5.8,330.5,4.37,32.3,1,2,7,3.31,0.805,0,1.68,0.292,ROTIGOTINE,0.211,novel,5.552
CHEMBL9791,O=C(NCCc1c2n(c3ccccc13)CCCc1ccccc1-2)C1CC1,-5.74,344.5,4.32,34.0,1,1,4,2.24,0.751,0,1.87,0.26,GRANISETRON,0.145,novel,5.552
CHEMBL13721,CCCC1(C2=NCCN2)CN(C)c2ccccc2O1,-5.79,259.4,2.06,36.9,1,4,3,3.59,0.902,0,1.71,0.283,TOLAZOLINE,0.113,novel,5.551
CHEMBL15942,COCc1cc2c(s1)CN(C)CC2c1ccc(Br)cc1,-5.66,352.3,4.23,12.5,0,3,3,3.1,0.82,0,2.08,0.339,NOMIFENSINE,0.08,novel,5.548
CHEMBL7742,O=C(N[C@@H](Cc1cccs1)C(=O)O)c1ccccc1Br,-5.34,354.2,2.94,66.4,2,3,5,2.4,0.868,0,2.98,0.305,NATEGLINIDE,0.197,novel,5.547
CHEMBL276236,COc1cccc2c1CCC[C@H]2CN(C)CCc1ccc2c(c1)CCN2,-5.77,350.5,4.26,24.5,1,3,6,2.97,0.842,0,1.75,0.278,VERAPAMIL,0.082,novel,5.545
CHEMBL275094,CC(O)CN(CC(C)O)CC(c1ccccc1)c1ccccc1,-5.61,313.4,2.88,43.7,2,3,8,2.86,0.787,0,2.2,0.419,PHENYLPROPANOLAMINE,0.228,novel,5.545
CHEMBL9831,COc1cccc2c1CCCC2CN(C)CCc1ccc2c(c1)OCO2,-5.53,353.5,4.02,30.9,0,4,6,2.81,0.785,0,2.45,0.282,VERAPAMIL,0.096,novel,5.545
CHEMBL44153,CC(C)(C)C1(c2ccc(C(=O)O)cc2)OCCCO1,-5.56,264.3,3.02,55.8,1,3,2,2.59,0.892,0,2.35,0.3,BEXAROTENE,0.149,novel,5.544
CHEMBL291745,COc1ccc(CCN2CCCN(c3cccccc3=O)CC2)cc1OC,-5.21,368.5,2.82,42.0,0,5,6,2.02,0.784,0,3.34,0.4,OXYPERTINE,0.108,novel,5.544
CHEMBL622,CCc1cccc2c3c([nH]c12)C(CC)(CC(=O)O)OCC3,-6.14,287.4,3.38,62.3,2,2,4,3.25,0.906,0,2.1,1.0,ETODOLAC,0.169,likely-known-drug-chemistry,5.54
CHEMBL23942,O=C(O)C1CCc2cc(Cn3ccnc3)sc2C1,-5.61,262.3,2.18,55.1,1,3,3,3.2,0.922,0,2.2,0.339,OZAGREL,0.093,novel,5.54
CHEMBL277652,Brc1cccc(Br)c1N(CC1CCCC1)C1=NCCN1,-5.82,401.1,4.17,27.6,1,3,3,2.99,0.824,0,1.58,0.296,TETRAHYDROZOLINE,0.103,novel,5.537
CHEMBL20910,Brc1cccc(Br)c1N(C1=NCCN1)C1CCCCC1,-5.85,401.1,4.31,27.6,1,3,2,3.05,0.8,0,1.5,0.308,TETRAHYDROZOLINE,0.09,novel,5.535
CHEMBL36438,COC(=O)[C@H](Cc1ccccc1)NC(=O)CCc1ccccc1,-5.38,311.4,2.52,55.4,1,3,7,2.05,0.799,0,2.84,0.411,SACUBITRIL,0.27,novel,5.532
CHEMBL266661,CCOC(=O)c1cc(-c2ccncc2)nnc1Cl,-5.34,263.7,2.37,65.0,0,5,3,2.18,0.796,0,2.94,0.298,CHLOROPROCAINE,0.122,novel,5.532
CHEMBL7806,CCCN(CCc1ccsc1)C1CCc2c(O)cccc2C1,-5.88,315.5,4.27,23.5,1,3,6,2.98,0.86,0,1.4,0.696,ROTIGOTINE,0.117,novel,5.531
CHEMBL17172,OCCN1CCN(C2=Nc3ccc(Br)cc3CC=C2c2ccccc2)CC1,-5.72,426.4,3.73,39.1,1,4,3,2.57,0.813,0,1.85,0.353,QUETIAPINE,0.118,novel,5.531
CHEMBL36089,CNC/C=C(\c1cccnc1)c1cccc(Br)c1,-5.76,303.2,3.5,24.9,1,2,4,2.38,0.935,0,1.75,0.51,ZIMELDINE,0.134,novel,5.53
CHEMBL287645,CC[C@]1(c2cccs2)OC[C@H]([C@@H]2CCCCN2)O1,-5.71,267.4,2.87,30.5,1,4,3,4.01,0.913,0,1.9,0.231,METHYLPHENIDATE,0.089,novel,5.53
CHEMBL18283,Cc1ccccc1C(OCC(O)CN1CCCCC1)c1ccccc1C,-5.68,353.5,4.26,32.7,1,3,7,2.66,0.807,0,1.96,0.393,RANOLAZINE,0.139,novel,5.53
CHEMBL39382,CN(C)CCCN1c2ccccc2Sc2ccc(CN)cc21,-5.7,313.5,3.7,32.5,1,4,5,2.27,0.912,0,1.9,0.725,PROMAZINE,0.103,novel,5.529
CHEMBL24029,N#Cc1ccc(N2CCCN(c3ccc(C#N)cc3)CC2)cc1,-5.32,302.4,3.15,54.1,0,4,2,1.98,0.855,0,2.98,0.3,LETROZOLE,0.06,novel,5.524
CHEMBL37918,COC(=O)[C@@H](c1ccc(Cl)c(Cl)c1)[C@H]1CCCCO1,-5.59,303.2,3.82,35.5,0,3,3,3.1,0.796,0,2.21,0.375,METHYLPHENIDATE,0.13,novel,5.522
CHEMBL10390,CC(C)C(=O)C(O)(Cn1ccnc1)c1ccc(Cl)cc1,-5.4,292.8,2.65,55.1,1,3,5,3.06,0.922,0,2.74,0.396,ZOLEDRONIC ACID ANHYDROUS,0.132,novel,5.522
CHEMBL287064,CNC/C=C(/c1ccc(Br)cc1)c1cccnc1,-5.75,303.2,3.5,24.9,1,2,4,2.3,0.935,0,1.75,0.674,ZIMELDINE,0.121,novel,5.52
CHEMBL17872,CCCN(CCC)CCc1c(Cl)cc(O)c2nc(O)sc12,-5.66,328.9,4.03,56.6,2,5,7,3.14,0.805,0,1.99,0.23,ROPINIROLE,0.104,novel,5.52
CHEMBL34351,CC(C)(C)OC(=O)[C@H](Cc1ccccc1)NCc1cccc(F)c1,-5.63,329.4,3.87,38.3,1,3,6,2.32,0.818,0,2.08,0.417,SAFINAMIDE,0.205,novel,5.52
CHEMBL279683,CCCCc1nc(Cl)c(CC(=O)O)n1Cc1ccccc1,-5.51,306.8,3.55,55.1,1,2,7,2.11,0.851,0,2.42,0.5,LOSARTAN,0.211,novel,5.52
CHEMBL54973,COc1cc(CC2NCCCc3cc4c(cc32)OCO4)cc(OC)c1OC,-5.3,371.4,3.26,58.2,1,6,5,2.9,0.871,0,3.03,0.385,PODOFILOX,0.059,novel,5.52
CHEMBL294215,COc1cc2c(cc1O)CCN(C)[C@H]1CCc3ccccc3[C@H]21,-5.63,309.4,3.34,32.7,1,3,1,3.09,0.877,0,2.07,0.365,METHOPHOLINE,0.111,novel,5.518
CHEMBL282984,COc1c2c(cc3c1-c1ccc(OC)c(=O)cc1[C@@H](NC(C)=O)CC3)OCO2,-5.33,383.4,2.58,83.1,1,6,3,3.1,0.877,0,2.92,0.733,COLCHICINE,0.109,novel,5.515
CHEMBL567,OCCN1CCN(CCCN2c3ccccc3Sc3ccc(Cl)cc32)CC1,-6.25,404.0,3.94,30.0,1,5,6,2.28,0.789,0,1.73,1.0,PERPHENAZINE,0.111,likely-known-drug-chemistry,5.514
CHEMBL279288,CCC(=O)N(c1ccc(Cl)c(Cl)c1)C1CCCC1O,-5.65,302.2,3.65,40.5,1,2,3,3.14,0.926,0,2.0,0.317,FENTANYL,0.118,novel,5.511
CHEMBL531,CCCN1C[C@H](CSC)C[C@@H]2c3cccc4[nH]cc(c34)C[C@H]21,-6.38,314.5,4.27,19.0,1,2,4,3.77,0.909,0,1.31,1.0,PERGOLIDE,0.092,likely-known-drug-chemistry,5.499
CHEMBL20547,Brc1cccc(Br)c1N(Cc1ccco1)C1=NCCN1,-5.6,399.1,3.77,40.8,1,4,3,3.02,0.855,0,2.11,0.28,TOLAZOLINE,0.1,novel,5.499
CHEMBL35996,CC(C)(C)OC(=O)[C@H](Cc1ccccc1)NCc1ccccc1,-5.63,311.4,3.73,38.3,1,3,6,2.18,0.826,0,1.99,0.388,LACOSAMIDE,0.212,novel,5.492
CHEMBL17603,CC1(C)CC(=O)c2c(SCCO)sc(-c3nccs3)c2C1,-5.52,339.5,4.11,50.2,1,6,4,3.19,0.852,0,2.3,0.214,GEPIRONE,0.087,novel,5.488
CHEMBL268020,CC(C)C(=O)C(O)(Cn1ccnc1)c1ccc(Cl)cc1Cl,-5.37,327.2,3.3,55.1,1,3,5,3.22,0.917,0,2.75,0.41,MICONAZOLE,0.125,novel,5.488
CHEMBL41011,COC(=O)[C@H](c1ccc(Cl)c(Cl)c1)[C@H]1CCCCO1,-5.55,303.2,3.82,35.5,0,3,3,3.1,0.796,0,2.21,0.375,METHYLPHENIDATE,0.13,novel,5.487
CHEMBL51254,O=C1CSC(c2c(Cl)cccc2Cl)N1c1cccnc1,-5.57,325.2,4.17,33.2,0,3,2,2.87,0.831,0,2.16,0.255,NICOTINE,0.085,novel,5.482
CHEMBL25937,COc1cc(O)ccc1C(C)(C)C(C)(C)c1ccc(O)cc1OC,-5.66,330.4,4.37,58.9,2,4,5,2.67,0.854,0,1.87,0.379,MEQUINOL,0.094,novel,5.477
CHEMBL56016,CCCCc1c(CC(C)O)oc(=O)c(CCCC)c1OC(C)=O,-5.35,324.4,3.17,76.7,1,5,9,3.24,0.706,0,2.76,0.274,METIPRANOLOL,0.164,novel,5.477
CHEMBL56088,CCOC(=O)c1c(NC(=O)C(C)C)sc2c1CCSC2,-5.4,313.4,3.31,55.4,1,5,4,2.52,0.867,0,2.62,0.242,ARTICAINE,0.113,novel,5.475
CHEMBL36821,CC(C)[C@H]1C(=O)N[C@H](CO)Cc2cc3c(cc2N1C)CCCC3(C)C,-5.36,344.5,2.79,52.6,2,3,2,3.76,0.867,0,2.73,0.247,OXAMNIQUINE,0.125,novel,5.475
CHEMBL37262,COC(=O)[C@H](c1ccc(Cl)c(Cl)c1)[C@@H]1CCCCO1,-5.54,303.2,3.82,35.5,0,3,3,3.1,0.796,0,2.21,0.375,METHYLPHENIDATE,0.13,novel,5.472
CHEMBL44838,CCN(CC)CC1CCCCCN1CC(=O)N1c2ccccc2C(=O)Nc2cccnc21,-5.55,435.6,3.9,68.8,1,5,6,3.12,0.745,0,2.16,0.586,PIRENZEPINE,0.137,novel,5.467
CHEMBL44655,CCN(CC)CCn1sc2cc(OC)c(OC)cc2c1=O,-5.28,310.4,2.42,43.7,0,5,7,2.56,0.788,0,2.92,0.3,METOCLOPRAMIDE,0.087,novel,5.466
CHEMBL33006,CCC(=O)NCCn1c(Br)cc2ccc(OC)cc21,-5.37,325.2,2.94,43.3,1,2,5,2.39,0.918,0,2.67,0.356,AGOMELATINE,0.143,novel,5.465
CHEMBL29125,CCCN1C[C@H](CSC)C[C@H](c2cccc(O)c2)C1,-5.79,279.4,3.57,23.5,1,3,5,3.21,0.891,0,1.46,0.366,PERGOLIDE MESYLATE,0.115,novel,5.464
CHEMBL49185,O=C(O)[C@@H](Cc1ccccc1)NS(=O)(=O)c1ccc(Br)cc1,-5.46,384.3,2.42,83.5,2,3,6,2.17,0.802,0,2.41,0.404,NATEGLINIDE,0.197,novel,5.464
CHEMBL47151,O=c1c2cc(Cl)c(Cl)cc2sn1CCN1CC2CCC(CC2)C1,-5.6,371.3,4.49,25.2,0,3,3,3.61,0.794,0,2.02,0.227,ZIPRASIDONE,0.073,novel,5.462
CHEMBL10293,CCC(=O)NCCc1c2n(c3ccc(OC)cc13)CCCc1ccccc1-2,-5.54,362.5,4.33,43.3,1,2,5,2.34,0.734,0,2.19,0.343,AGOMELATINE,0.146,novel,5.462
CHEMBL418731,CN1CCCN(c2nc3ccccc3n2CCOc2ccccc2)CC1,-5.29,350.5,3.26,33.5,0,4,5,2.04,0.707,0,2.9,0.74,EMEDASTINE,0.111,novel,5.461
CHEMBL275541,CN1C[C@@H](C(=O)c2cccs2)[C@H](c2ccc(Cl)cc2)C1,-5.66,305.8,3.93,20.3,0,3,3,3.01,0.801,0,1.83,0.361,ASENAPINE MALEATE,0.103,novel,5.46
CHEMBL17218,CCSc1nnc(-c2nc(C(C)(C)C)c(O)c(C(C)(C)C)n2)s1,-5.45,352.5,4.41,71.8,1,7,3,3.07,0.825,0,2.43,0.196,PROBUCOL,0.081,novel,5.459
CHEMBL28973,CN1CCN(CC(=O)N2c3ccccc3CCc3ccccc32)CC1,-5.27,335.5,2.7,26.8,0,3,2,2.1,0.844,0,2.93,0.491,PIRENZEPINE,0.145,novel,5.459
CHEMBL46720,CCCc1nc(Br)c2c(Br)nnc(O)n12,-5.2,336.0,2.31,63.3,1,4,2,3.53,0.914,0,3.13,0.192,VARDENAFIL HYDROCHLORIDE,0.086,novel,5.459
CHEMBL534,CN1CCC(=C2c3ccccc3CC(=O)c3sccc32)CC1,-6.16,309.4,4.01,20.3,0,3,0,2.67,0.733,0,1.82,1.0,KETOTIFEN,0.104,likely-known-drug-chemistry,5.458
CHEMBL20377,CN(CCc1ccc(Cl)c(Cl)c1)CCN1CCCC1,-5.6,301.3,3.56,6.5,0,2,6,1.98,0.792,0,1.99,0.36,PITOLISANT,0.074,novel,5.457
CHEMBL22306,CCCCN1CCC[C@@H]1CNC(=O)c1cc(Cl)cc2c1OCC2,-5.4,336.9,3.27,41.6,1,3,6,2.85,0.867,0,2.55,0.387,SULPIRIDE,0.149,novel,5.457
CHEMBL20241,Brc1cccc(Br)c1N(Cc1ccccc1)C1=NCCN1,-5.77,409.1,4.18,27.6,1,3,3,2.69,0.824,0,1.5,0.435,ANTAZOLINE,0.141,novel,5.456
CHEMBL417877,COC(=O)[C@@H](c1ccc(Cl)c(Cl)c1)[C@@H]1CCCCO1,-5.52,303.2,3.82,35.5,0,3,3,3.1,0.796,0,2.21,0.375,METHYLPHENIDATE,0.13,novel,5.455
CHEMBL274281,CCSc1sc(-c2cc[nH]n2)c2c1C(=O)CC(C)(C)C2,-5.69,306.5,4.41,45.8,1,4,3,3.53,0.855,0,1.74,0.2,ETHOSUXIMIDE,0.083,novel,5.454
CHEMBL288014,O=C(N[C@@H]1CCCCNC1=O)c1cccc(C(F)(F)F)c1,-5.53,300.3,2.1,58.2,2,2,2,2.54,0.879,0,2.17,0.309,MEFLOQUINE,0.156,novel,5.453
CHEMBL10925,O=C(O)Cc1ccc2c(c1)C(=O)Cc1ccc(Cl)cc1O2,-5.38,302.7,3.5,63.6,1,3,2,2.31,0.922,0,2.6,0.385,LOXAPINE SUCCINATE,0.115,novel,5.45
CHEMBL33290,CCOC(=O)[C@H](Cc1ccc(O)cc1)NC(=O)Cc1ccccc1,-5.45,327.4,2.23,75.6,2,4,7,2.22,0.765,0,2.41,0.448,SACUBITRIL,0.232,novel,5.449
CHEMBL285844,COc1ccc(C(O)(c2cncnc2)C2CCC2)cc1,-5.42,270.3,2.52,55.2,1,4,4,2.79,0.927,0,2.47,0.308,MEQUINOL,0.08,novel,5.447
CHEMBL47844,CCCN(CCc1c[nH]cn1)C(C)CCc1ccc(O)cc1,-5.59,301.4,3.39,52.2,2,3,9,3.09,0.746,0,2.0,0.333,HISTAMINE,0.113,novel,5.446
CHEMBL294980,CC(C)(C)OC(=O)CN1C(=O)C(NC(=O)c2ccc(Cl)cc2)CCc2ccccc21,-5.54,428.9,3.76,75.7,1,4,4,2.62,0.752,0,2.15,0.421,BENAZEPRIL,0.149,novel,5.446
CHEMBL8515,CC(CCNC(=O)c1ccc(Cl)s1)n1ccnc1,-5.46,283.8,2.98,46.9,1,3,5,2.97,0.917,0,2.35,0.329,RIVAROXABAN,0.139,novel,5.441
CHEMBL416148,Cc1ccc2c(c1)CC(O)c1cc(C(C)C(=O)O)ccc1S2,-5.6,314.4,3.92,57.5,2,3,2,3.31,0.882,0,1.94,0.346,NAPROXEN,0.13,novel,5.439
CHEMBL10776,CCCCC(=O)C(O)(Cn1ccnc1)c1ccc(Cl)cc1Cl,-5.38,341.2,3.84,55.1,1,3,7,3.19,0.833,0,2.58,0.369,SULCONAZOLE,0.177,novel,5.437
CHEMBL282809,CC[C@]1(c2ccsc2)OC[C@H]([C@@H]2CCCCN2)O1,-5.61,267.4,2.87,30.5,1,4,3,4.1,0.913,0,1.9,0.222,BARBEXACLONE,0.089,novel,5.433
CHEMBL47038,COc1ccccc1CN[C@H]1CCCN2CCC[C@]12c1ccccc1,-5.64,336.5,3.94,24.5,1,3,5,3.15,0.895,0,1.8,0.26,ENCAINIDE,0.111,novel,5.432
CHEMBL428360,Cc1noc(C)c1C(c1ccccc1Cl)N1CCNCC1,-5.42,305.8,2.94,41.3,1,4,3,2.9,0.946,0,2.45,0.27,AMOXAPINE,0.099,novel,5.432
CHEMBL294209,O=S(=O)(Nc1nccs1)c1cc(Cl)ccc1Cl,-5.32,309.2,3.25,59.1,1,4,3,2.09,0.947,0,2.7,0.5,SULFATHIAZOLE,0.066,novel,5.43
CHEMBL292865,CC1CCCC(C)N1CCCC(O)(c1ccccc1)c1ccncc1,-5.62,338.5,4.36,36.4,1,3,6,3.37,0.85,0,1.85,0.489,DIPHENIDOL,0.147,novel,5.428
CHEMBL290111,COC(=O)c1ccc(C)cc1CCCn1cnc2c1NC=NCC2O,-5.5,342.4,2.1,88.7,2,6,5,3.4,0.812,0,2.18,0.233,FLUMAZENIL,0.108,novel,5.427
CHEMBL284318,CC(C)(C)OC(=O)[C@H](Cc1ccccc1)NCc1ccccc1F,-5.54,329.4,3.87,38.3,1,3,6,2.33,0.818,0,2.08,0.365,CLOBENZOREX,0.208,novel,5.425
CHEMBL284217,O=C1N[C@@H]2CCCC[C@H]2N1C1CCN(C2CCCCCCC2)CC1,-5.55,333.5,3.9,35.6,1,2,2,3.22,0.832,0,2.04,0.25,SPARTEINE,0.055,novel,5.422
CHEMBL47535,CN(C)c1ccc(C(=O)NC2CCc3ccccc3N(CC(=O)OC(C)(C)C)C2=O)cc1,-5.45,437.5,3.17,79.0,1,5,5,2.74,0.727,0,2.32,0.41,BENAZEPRIL,0.146,novel,5.422
CHEMBL432108,CS[C@@]12c3cc(C)oc3CC(C)(C)CN1C(=O)[C@H]2Oc1ccccc1,-5.29,357.5,3.98,42.7,0,4,3,3.95,0.78,0,2.77,0.226,METHSUXIMIDE,0.092,novel,5.418
CHEMBL19715,Cc1ccc(C2C[C@H]3CCC(C2CCCO)N3C)cc1,-5.7,273.4,3.33,23.5,1,2,4,4.11,0.909,0,1.54,0.359,IOFLUPANE I 123,0.117,novel,5.4
CHEMBL25920,CCCNC(=O)N(C(C)(C)C)S(=O)(=O)c1ccc(Cl)cc1,-5.18,332.9,3.25,66.5,1,3,4,2.41,0.92,0,3.01,0.545,CHLORPROPAMIDE,0.171,novel,5.392
CHEMBL6857,Brc1cccc2c3c([nH]c12)CNCC3,-5.77,251.1,2.58,27.8,2,1,0,2.67,0.74,0,1.32,0.246,ETODOLAC,0.131,novel,5.387
CHEMBL41,CNCCC(Oc1ccc(C(F)(F)F)cc1)c1ccccc1,-6.31,309.3,4.44,21.3,1,2,6,2.45,0.852,0,1.2,1.0,FLUOXETINE,0.242,likely-known-drug-chemistry,5.386
CHEMBL6427,Brc1ccc2[nH]c3c(c2c1)CCNC3,-5.76,251.1,2.58,27.8,2,1,0,2.51,0.74,0,1.32,0.304,FROVATRIPTAN,0.095,novel,5.386
CHEMBL15953,Cc1cc2c(s1)CNCC2c1ccc(Br)cc1,-5.74,308.2,4.05,12.0,1,2,1,3.07,0.838,0,1.38,0.281,FENOLDOPAM,0.052,novel,5.386
CHEMBL277062,O=C1CN=C(c2ccccn2)c2cc(Br)ccc2N1,-5.7,316.2,2.63,54.4,1,3,1,2.47,0.879,0,2.93,1.0,BROMAZEPAM,0.103,likely-known-drug-chemistry,5.382
CHEMBL52164,Cc1ccc(Cl)cc1N1C(=O)CN=C1SCc1ccccc1,-5.47,330.8,4.28,32.7,0,3,3,2.25,0.841,0,2.14,0.404,DIAZEPAM,0.127,novel,5.381
CHEMBL34203,O=C(O)c1cn(C2CC2)c2cc(N3CCNCC(F)C3)c(F)cc2c1=O,-5.33,363.4,1.92,74.6,2,4,3,3.21,0.872,0,2.52,0.8,CIPROFLOXACIN,0.088,novel,5.376
CHEMBL32733,CCCN1C(=O)N(CCC)[C@H](Cc2ccccc2)[C@H](O)[C@@H](O)[C@H]1Cc1ccccc1,-5.41,410.6,3.49,64.0,2,3,8,3.49,0.7,0,2.28,0.309,FENTANYL,0.182,novel,5.368
CHEMBL47292,COc1c(NC(C)=O)c(OCCN(C)C)c(OC)c2occc12,-5.2,322.4,2.35,73.2,1,6,7,2.73,0.843,0,2.88,0.354,TRIMETHOBENZAMIDE,0.123,novel,5.365
CHEMBL289892,CC(C)[C@H]1C(=O)N[C@H](CO)Cc2cc3c(cc2N1C)C1(CCC3)CCC(C)(C)CC1,-5.67,412.6,4.35,52.6,2,3,2,4.36,0.759,0,1.53,0.222,OXAMNIQUINE,0.121,novel,5.363
CHEMBL28465,OC(c1ccc(Br)cc1)(c1cncnc1)C1CC1,-5.3,305.2,2.89,46.0,1,3,3,2.91,0.948,0,2.57,0.276,TERFENADINE,0.07,novel,5.36
CHEMBL277244,Brc1ccc(N(CC2CC2)C2=NCCN2)c(Br)c1,-5.41,373.1,3.39,27.6,1,3,3,3.0,0.88,0,2.27,0.26,TOLAZOLINE,0.07,novel,5.359
CHEMBL13241,O=C(O)CCN1CCCN(C(=O)N2CCC3(CC2)CCN(c2ccncc2)C3)CC1,-5.37,415.5,1.98,80.2,1,5,4,3.05,0.81,0,2.36,0.257,BUSPIRONE,0.106,novel,5.359
CHEMBL285326,CNc1nc(N2CCN(C)CC2)nc(Cl)c1Br,-5.42,320.6,1.69,44.3,1,5,2,2.55,0.84,0,2.22,0.241,LOXAPINE,0.043,novel,5.355
CHEMBL441891,Brc1ccc2c3c([nH]c2c1)CNCC3,-5.73,251.1,2.58,27.8,2,1,0,2.54,0.74,0,1.32,0.237,FROVATRIPTAN,0.095,novel,5.349
CHEMBL6603,CCNCC1NCC(c2ccccc2)c2ccccc21,-5.75,266.4,3.07,24.1,2,2,4,3.02,0.888,0,1.23,0.292,ETHOTOIN,0.143,novel,5.344
CHEMBL300778,CCCN1CCc2cc(Cl)c(O)cc2C1c1ccccc1,-5.76,301.8,4.4,23.5,1,2,3,2.62,0.908,0,1.2,0.329,LASOFOXIFENE,0.143,novel,5.343
CHEMBL57308,CC(=O)NC(c1cccnc1)C(C)(C)c1cccnc1,-5.3,269.3,2.63,54.9,1,3,4,2.96,0.928,0,2.51,0.444,METYRAPONE,0.206,novel,5.336
CHEMBL279313,COc1ccc([C@@H]2Sc3ccccc3N(CCO)C(=O)[C@@H]2OC(C)=O)cc1,-5.1,387.5,2.8,76.1,1,6,5,3.11,0.795,0,3.05,0.807,DILTIAZEM,0.128,novel,5.33
CHEMBL267107,CCCN(CCC)C1Cc2cccc3nc(SC)n(c23)C1,-5.5,303.5,3.8,21.1,0,3,6,3.28,0.757,0,1.9,0.324,ROTIGOTINE,0.11,novel,5.326
CHEMBL282448,CC(=O)OC1=C(c2ccccc2)Sc2ccccc2N2C(=O)CCC12,-5.23,351.4,4.22,46.6,0,4,2,3.06,0.76,0,2.67,0.338,MEPAZINE ACETATE,0.122,novel,5.325
CHEMBL45037,O=c1c2ccccc2sn1CCCN1CC2CCC(CC2)C1,-5.38,316.5,3.58,25.2,0,3,4,3.36,0.861,0,2.23,0.271,LURASIDONE,0.136,novel,5.321
CHEMBL278627,Brc1ccc(Br)c(N(CC2CC2)C2=NCCN2)c1,-5.37,373.1,3.39,27.6,1,3,3,3.08,0.88,0,2.27,0.26,TOLAZOLINE,0.07,novel,5.319
CHEMBL10934,CCC(=O)C(O)(Cn1cncn1)c1ccc(Cl)cc1Cl,-5.12,314.2,2.45,68.0,1,4,5,3.22,0.92,0,2.98,0.418,FLUCONAZOLE,0.127,novel,5.319
CHEMBL269362,CC(C)N(CC[C@@](C(N)=O)(c1ccccc1)c1ccccn1)C(C)C,-5.63,339.5,3.36,59.2,1,3,8,3.03,0.802,0,2.92,1.0,DISOPYRAMIDE,0.179,likely-known-drug-chemistry,5.316
CHEMBL296194,CCN(CC)CCn1sc2cc(Cl)c(Cl)cc2c1=O,-5.39,319.3,3.71,25.2,0,3,5,2.73,0.839,0,2.18,0.288,FLURAZEPAM,0.09,novel,5.315
CHEMBL20013,Brc1cccc(Br)c1N(CC1CC1)C1=NCCCN1,-5.48,387.1,3.78,27.6,1,3,3,3.09,0.855,0,1.92,0.25,TETRAHYDROZOLINE,0.103,novel,5.312
CHEMBL277918,Cc1cc(C)cc(COCC2(c3ccccc3)CCNCC2)c1,-5.67,309.5,4.14,21.3,1,2,5,2.36,0.896,0,1.37,0.268,MEPERIDINE,0.119,novel,5.306
CHEMBL268254,O=C1CN=C(c2ccccc2Cl)c2cc(Cl)ccc2N1,-5.45,305.2,3.78,41.5,1,2,1,2.26,0.856,0,1.98,0.702,CLONAZEPAM,0.119,novel,5.306
CHEMBL278614,CCCCc1nc(Cl)c(CO)n1Cc1ccc(OC)cc1,-5.33,308.8,3.43,47.3,1,3,7,2.12,0.852,0,2.34,0.567,LOSARTAN,0.13,novel,5.304
CHEMBL20358,Fc1cccc(Br)c1N(CC1CC1)C1=NCCN1,-5.34,312.2,2.76,27.6,1,3,3,3.04,0.929,0,2.3,0.275,TOLAZOLINE,0.099,novel,5.303
CHEMBL7462,CC(C)(C)NCC(O)COC(=O)c1cccc2ccccc12,-5.27,301.4,2.75,58.6,2,4,5,2.47,0.834,0,2.5,0.415,PROPRANOLOL,0.258,novel,5.303
CHEMBL18957,COc1ccc([C@@H]2Sc3ccccc3N(CCO)C(=O)[C@@H]2O)cc1,-5.2,345.4,2.23,70.0,2,5,4,3.03,0.889,0,2.7,0.581,DILTIAZEM,0.122,novel,5.3
CHEMBL38329,CCCC(=O)Nc1c2c(nc3ccsc13)CCCC2,-5.56,274.4,3.91,42.0,1,3,3,2.47,0.922,0,1.64,0.333,TACRINE HYDROCHLORIDE,0.171,novel,5.295
CHEMBL418770,COC(=O)c1ccc(CNCC(O)COc2ccccc2C)cc1,-5.21,329.4,2.31,67.8,2,5,8,2.28,0.728,0,2.64,0.5,MEPHENESIN,0.173,novel,5.29
CHEMBL298047,COc1cccc2c1CCCN1C(=O)[C@@H](Oc3ccccc3)[C@]21SC,-5.09,355.5,3.45,38.8,0,4,4,3.47,0.788,0,2.96,0.259,BENZGALANTAMINE,0.103,novel,5.29
CHEMBL13522,CN(C)Cc1ccc(CSCc2ccc(CN(C)C)o2)o1,-5.29,308.4,3.43,32.8,0,5,8,2.63,0.746,0,2.41,0.478,RANITIDINE,0.089,novel,5.289
CHEMBL22358,Cc1cc(C(OCCN(C)C)c2ccc(C(C)C)cc2)sn1,-5.47,318.5,4.24,25.4,0,4,7,3.11,0.763,0,1.89,0.455,DIPHENHYDRAMINE,0.09,novel,5.288
CHEMBL267744,O=C(O)COc1ccc(C(=O)c2cccs2)c(Cl)c1Cl,-5.67,331.2,3.75,63.6,1,4,5,2.23,0.848,0,2.72,1.0,TICRYNAFEN,0.134,likely-known-drug-chemistry,5.283
CHEMBL10608,O=C(O)Cc1ccc2c(c1)C(O)Cc1cc(Cl)ccc1O2,-5.31,304.7,3.35,66.8,2,3,2,2.76,0.893,0,2.3,0.355,ASENAPINE MALEATE,0.113,novel,5.275
CHEMBL289914,CNC(=O)[C@H]1CN(C)CC[C@@H]1c1ccc(Cl)cc1,-5.51,266.8,2.12,32.3,1,2,2,2.86,0.889,0,1.7,0.327,CHLORMEZANONE,0.122,novel,5.271
CHEMBL52534,COc1ccc2c(c1)C(NC(C)=O)CCc1cc(OC)c(OC)c(OC)c1-2,-5.05,371.4,3.51,66.0,1,5,5,2.76,0.871,0,3.02,0.792,COLCHICINE,0.097,novel,5.267
CHEMBL278168,C[C@@]12Cc3ccc(Br)cc3C[C@@H](N1)c1ccccc12,-5.62,314.2,4.11,12.0,1,1,0,4.08,0.772,0,1.4,0.224,MAPROTILINE,0.092,novel,5.266
CHEMBL10773,O=C(O)Cc1ccc2c(c1)C(=O)Cc1cc(Cl)ccc1O2,-5.18,302.7,3.5,63.6,1,3,2,2.26,0.922,0,2.6,0.391,LOXAPINE SUCCINATE,0.117,novel,5.255
CHEMBL58433,Brc1ccc2c(c1)C1CNC(C2)c2ccccc21,-5.58,300.2,3.78,12.0,1,1,0,3.83,0.78,0,1.46,0.222,TETRAHYDROZOLINE,0.076,novel,5.251
CHEMBL37893,CCCC(=O)Nc1c2c(nc3sccc13)CCCC2,-5.51,274.4,3.91,42.0,1,3,3,2.4,0.922,0,1.64,0.306,TYROPANOIC ACID,0.173,novel,5.246
CHEMBL280778,O=C1N[C@@H]2CCCC[C@H]2N1C1CCN(CC2CCCCCCC2)CC1,-5.37,347.5,4.15,35.6,1,2,3,3.21,0.832,0,2.03,0.221,PIMOZIDE,0.064,novel,5.244
CHEMBL294186,COc1cc2c(cc1O)[C@@H]1c3ccccc3CC[C@@H]1N(C)CC2,-5.35,309.4,3.34,32.7,1,3,1,3.09,0.877,0,2.07,0.365,METHOPHOLINE,0.111,novel,5.237
CHEMBL36865,CNC/C=C(\c1cccnc1)c1ccccc1Br,-5.46,303.2,3.5,24.9,1,2,4,2.43,0.935,0,1.75,0.451,ZIMELDINE,0.134,novel,5.235
CHEMBL29880,COc1cc2c(c(OC)c1OC)-c1cccc(=O)cc1[C@@H](NC(C)=O)CC2,-4.94,369.4,2.86,73.9,1,5,4,2.97,0.897,0,3.23,0.764,COLCHICINE,0.105,novel,5.231
CHEMBL277012,CCC(=O)N(c1ccc(Cl)cc1)C1CCCCC1N(C)C,-5.4,308.9,3.96,23.6,0,2,4,3.04,0.84,0,1.92,0.364,FENTANYL,0.125,novel,5.228
CHEMBL11026,O=C(O)Cc1ccc2c(c1)C(O)Cc1ccc(Cl)cc1O2,-5.25,304.7,3.35,66.8,2,3,2,2.81,0.893,0,2.3,0.349,ASENAPINE MALEATE,0.111,novel,5.216
CHEMBL278118,Brc1cccc(Br)c1N(Cc1cccs1)C1=NCCN1,-5.55,415.2,4.24,27.6,1,4,3,3.02,0.813,0,1.41,0.316,METHAPYRILENE,0.1,novel,5.207
CHEMBL14370,CCOc1ccccc1OC(c1ccccc1)C1CNCCO1,-5.72,313.4,3.19,39.7,1,4,6,2.9,0.889,0,2.34,1.0,REBOXETINE,0.158,likely-known-drug-chemistry,5.205
CHEMBL6426,Brc1cccc2[nH]c3c(c12)CCNC3,-5.58,251.1,2.58,27.8,2,1,0,2.71,0.74,0,1.32,0.215,CARVEDILOL,0.113,novel,5.205
CHEMBL442740,COc1cc2c(cc1O)CCN(C)[C@H]1CCc3ccccc3[C@@H]21,-5.32,309.4,3.34,32.7,1,3,1,3.09,0.877,0,2.07,0.365,METHOPHOLINE,0.111,novel,5.201
CHEMBL275579,CCOC(=O)CN1C(=O)[C@H](O)[C@H](c2ccc(OC)cc2)Sc2ccccc21,-4.97,387.5,2.8,76.1,1,6,5,3.01,0.795,0,3.05,0.515,DILTIAZEM,0.129,novel,5.199
CHEMBL32400,CN(CCCc1ccc(Cl)cc1)c1ccc(C(=O)O)cc1,-5.42,303.8,4.11,40.5,1,2,6,1.77,0.873,0,1.76,0.413,CHLORAMBUCIL,0.159,novel,5.198
CHEMBL292451,COc1cc2c(cc1O)[C@H]1c3ccccc3CC[C@@H]1N(C)CC2,-5.31,309.4,3.34,32.7,1,3,1,3.09,0.877,0,2.07,0.365,METHOPHOLINE,0.111,novel,5.194
CHEMBL294012,CN1CCc2cc(Cl)c(O)cc2[C@H]2c3ccccc3CC[C@H]21,-5.48,313.8,3.98,23.5,1,2,0,3.17,0.795,0,1.55,0.328,APOMORPHINE,0.114,novel,5.185
CHEMBL35196,CCCN1CCC(COc2nc3ccccc3c3c2CCCCN3)CC1,-5.34,353.5,4.48,37.4,1,4,5,2.53,0.86,0,1.94,0.286,TACRINE,0.123,novel,5.184
CHEMBL25076,C[C@@]12Cc3ccccc3C[C@@H](N1)c1cc(Br)ccc12,-5.53,314.2,4.11,12.0,1,1,0,4.09,0.772,0,1.4,0.222,BROMAZEPAM,0.078,novel,5.178
CHEMBL56744,CN(CCN1CCCC1)C(=O)Cc1ccc(Cl)c(Cl)c1,-5.16,315.2,3.09,23.6,0,2,5,1.99,0.834,0,2.46,0.317,DICLOFENAC EPOLAMINE,0.116,novel,5.178
CHEMBL52480,COC(=O)c1ccc2c(c1)C(NC(C)=O)CCc1cc(OC)c(OC)c(OC)c1-2,-5.14,399.4,3.29,83.1,1,6,5,2.83,0.777,0,2.51,0.796,COLCHICINE,0.095,novel,5.176
CHEMBL279039,CCS(=O)(=O)c1ccc(OC)c(-c2ccc(CN3CCCCCC3)[nH]2)c1,-5.05,376.5,3.86,62.4,1,4,6,2.42,0.831,0,2.75,0.3,TRIMETAZIDINE,0.082,novel,5.175
CHEMBL18348,COc1ccc([C@@H]2Sc3ccccc3N(CCO)C[C@@H]2O)cc1,-5.08,331.4,2.7,52.9,2,5,4,3.15,0.902,0,2.67,0.448,DILTIAZEM,0.108,novel,5.173
CHEMBL13135,CN(C)c1ccc2c(c1)C(c1ccccc1Cl)=NCC(=O)N2C,-5.04,327.8,3.22,35.9,0,3,2,2.37,0.849,0,2.77,0.569,DIAZEPAM,0.111,novel,5.168
CHEMBL22271,CCOc1c(Br)cc(-c2c(N)nc(N)nc2CC)cc1Br,-5.44,416.1,3.79,87.0,2,5,4,2.59,0.792,0,1.6,0.535,PYRIMETHAMINE,0.065,novel,5.157
CHEMBL298406,CN1CCc2cc(Cl)c(O)cc2[C@H]2c3ccccc3CC[C@@H]21,-5.45,313.8,3.98,23.5,1,2,0,3.17,0.795,0,1.55,0.328,APOMORPHINE,0.114,novel,5.155
CHEMBL22097,CN1C(=O)C(O)N=C(c2ccccc2Cl)c2cc(Cl)ccc21,-5.49,335.2,3.13,52.9,1,3,1,2.82,0.871,0,2.87,1.0,LORMETAZEPAM,0.115,likely-known-drug-chemistry,5.151
CHEMBL267061,O=C(c1ccc(F)cc1)c1ccc2n1CCCCC2C(=O)O,-5.06,301.3,3.21,59.3,1,2,3,2.71,0.886,0,2.66,0.636,KETOROLAC,0.116,novel,5.149
CHEMBL45240,CS[C@@]12c3cc(C)sc3CC(C)(C)CN1C(=O)[C@H]2Oc1ccccc1,-5.25,373.5,4.44,29.5,0,4,3,3.97,0.745,0,2.12,0.234,PENICILLIN V,0.092,novel,5.148
CHEMBL10633,Cc1ccc2c(c1)CC(=O)c1cc(C(C)C(=O)O)ccc1S2,-5.22,312.4,4.07,54.4,1,3,2,2.96,0.908,0,2.17,0.358,FLURBIPROFEN,0.145,novel,5.145
CHEMBL6248,COc1ccc2sc(C(N)=O)c(OC(C)C)c2c1,-5.07,265.3,2.8,61.5,1,4,4,2.25,0.924,0,2.61,0.375,NAPROXEN,0.119,novel,5.14
CHEMBL20074,Brc1cccc(Br)c1N(CC1CCC1)C1=NCCN1,-5.3,387.1,3.78,27.6,1,3,3,3.05,0.855,0,1.92,0.319,TOLAZOLINE,0.103,novel,5.138
CHEMBL35287,CNc1nc(Cl)c(Br)c(N2CCN(C)CC2)n1,-5.2,320.6,1.69,44.3,1,5,2,2.6,0.84,0,2.22,0.241,LOXAPINE,0.054,novel,5.138
CHEMBL9838,CCC(=O)NCCc1c2n(c3ccccc13)CCCc1ccccc1-2,-5.36,332.4,4.32,34.0,1,1,4,2.26,0.758,0,1.76,0.278,RAMELTEON,0.16,novel,5.136
CHEMBL21003,CN(C)C1CCCC1N(C(=O)C1CC1)c1ccc(Cl)c(Cl)c1,-5.25,341.3,4.22,23.6,0,2,4,3.22,0.819,0,2.07,0.25,"3,3',4',5-TETRACHLOROSALICYLANILIDE",0.101,novel,5.135
CHEMBL298840,O=c1c(CCc2ccccc2)c(O)oc2c1CCCCCC2,-5.23,298.4,3.79,50.4,1,3,3,2.53,0.938,0,2.11,0.295,PHENYLBUTANOIC ACID,0.138,novel,5.127
CHEMBL423474,Clc1cccc(Br)c1N(CC1CC1)C1=NCCN1,-5.21,328.6,3.28,27.6,1,3,3,3.02,0.922,0,2.16,0.36,CLONIDINE,0.099,novel,5.122
CHEMBL443251,C[C@@]12Cc3cc(Br)ccc3C[C@@H](N1)c1ccccc12,-5.47,314.2,4.11,12.0,1,1,0,4.07,0.772,0,1.4,0.224,MAPROTILINE,0.092,novel,5.121
CHEMBL58422,CN1CCc2cc(Cl)c(O)cc2[C@@H]2c3ccccc3CC[C@H]21,-5.42,313.8,3.98,23.5,1,2,0,3.17,0.795,0,1.55,0.328,APOMORPHINE,0.114,novel,5.116
CHEMBL290646,COc1ccc2cccc(CCNC(=O)C3CCCCC3)c2c1,-5.33,311.4,4.09,38.3,1,2,5,1.85,0.903,0,1.79,0.68,AGOMELATINE,0.183,novel,5.116
CHEMBL12603,CC(C)Oc1ccccc1N1CCN(CCNC(=O)CN2CCCCCC2=O)CC1,-4.99,416.6,2.11,65.1,1,5,8,2.25,0.703,0,2.76,0.318,REPAGLINIDE,0.148,novel,5.114
CHEMBL10058,COc1ccc(Sc2ccc(NC3=NCCCCN3)cc2)cc1,-5.33,327.5,4.0,45.6,2,5,4,2.32,0.891,0,1.75,0.316,MOXONIDINE,0.069,novel,5.103
CHEMBL434976,COc1cc2c(c(OC)c1OC)-c1ccc(SC)c(=O)cc1C(N)CC2,-4.91,373.5,3.41,70.8,1,6,4,3.13,0.828,0,2.95,0.532,COLCHICINE,0.066,novel,5.1
CHEMBL936,OC(CCCN1CCCCC1)(c1ccccc1)c1ccccc1,-5.95,309.5,4.19,23.5,1,2,6,1.99,0.865,0,1.39,1.0,DIPHENIDOL,0.152,likely-known-drug-chemistry,5.095
CHEMBL54828,CC(c1ccccc1)c1c(O)c2c(oc1=O)CCCCCC2,-5.26,298.4,4.16,50.4,1,3,2,2.86,0.906,0,1.9,0.392,PHENPROCOUMON,0.186,novel,5.092
CHEMBL273623,CC(=O)NCCc1c2n(c3ccccc13)CCCc1ccccc1-2,-5.27,318.4,3.93,34.0,1,1,3,2.23,0.78,0,1.85,0.292,AGOMELATINE,0.151,novel,5.081
CHEMBL32853,O=C1c2ccccc2SCC2CSC(c3ccccc3)N12,-5.28,313.4,4.05,20.3,0,3,1,3.27,0.792,0,1.83,0.31,PHENINDIONE,0.104,novel,5.08
CHEMBL42969,CN(C)CCOc1ccc(-c2cccc(N)n2)c2c1CCCCC2,-5.02,325.5,3.54,51.4,1,4,5,2.39,0.854,0,2.52,0.29,IPRINDOLE,0.11,novel,5.061
CHEMBL50611,COCc1nc(Br)c2c(Br)nnc(O)n12,-5.0,338.0,1.5,72.5,1,5,2,3.64,0.899,0,2.57,0.175,MEQUINOL,0.066,novel,5.058
CHEMBL279728,CCC(=O)N(c1ccc(Cl)c(Cl)c1)C1CCCC1N,-5.15,301.2,3.62,46.3,1,2,3,3.16,0.927,0,2.14,0.311,FENTANYL,0.117,novel,5.055
CHEMBL36492,O=C1NCCCCC1NC(=O)[C@@H]1CCCN1C(=O)OCc1ccccc1,-5.16,359.4,1.57,87.7,2,4,4,2.89,0.854,0,2.06,0.351,CILAZAPRIL,0.141,novel,5.041
CHEMBL417459,Brc1cccc(Br)c1N(C1=NCCN1)C1CCCC1,-5.23,387.1,3.92,27.6,1,3,2,3.1,0.833,0,1.84,0.314,TETRAHYDROZOLINE,0.091,novel,5.039
CHEMBL279032,C[C@@]12Cc3ccccc3C[C@@H](N1)c1ccc(Br)cc12,-5.39,314.2,4.11,12.0,1,1,0,4.05,0.772,0,1.4,0.222,BROMAZEPAM,0.092,novel,5.037
CHEMBL637,COc1ccc(C(CN(C)C)C2(O)CCCCC2)cc1,-5.69,277.4,3.04,32.7,1,3,5,2.75,0.898,0,1.94,1.0,VENLAFAXINE,0.11,likely-known-drug-chemistry,5.03
CHEMBL56666,CN1CCc2cc(Cl)c(O)cc2[C@@H]2c3ccccc3CC[C@@H]21,-5.33,313.8,3.98,23.5,1,2,0,3.17,0.795,0,1.55,0.328,APOMORPHINE,0.114,novel,5.029
CHEMBL20848,CCNC1CCCC1N(C(=O)CC)c1ccc(Cl)c(Cl)c1,-5.26,329.3,4.27,32.3,1,2,5,3.17,0.875,0,1.72,0.297,FENTANYL,0.127,novel,5.022
CHEMBL20093,CCCCN(C1=NCCN1)c1c(Br)cccc1Br,-5.14,375.1,3.78,27.6,1,3,4,3.03,0.868,0,2.03,0.298,TOLAZOLINE,0.139,novel,5.013
CHEMBL59139,CN1CCc2cc(Cl)c(O)cc2C2c3ccccc3CCC21,-5.31,313.8,3.98,23.5,1,2,0,3.17,0.795,0,1.55,0.328,APOMORPHINE,0.114,novel,5.007
CHEMBL30919,Cc1cccc(NC(=O)N[C@@H]2C[C@@H](N3CCCCCC3)c3ccccc3N(C)C2=O)c1,-5.26,420.6,4.47,64.7,2,3,3,3.09,0.77,0,1.66,0.271,MEPIVACAINE,0.124,novel,5.004
CHEMBL22022,CCS(=O)(=O)c1ccc(OC)c(-c2ccc(C(C)N3CCCCCC3)[nH]2)c1,-5.03,390.5,4.42,62.4,1,4,6,3.03,0.793,0,2.31,0.289,SULPIRIDE,0.093,novel,4.995
CHEMBL20335,CCCN(C1=NCCN1)c1c(Br)cccc1Br,-4.98,361.1,3.39,27.6,1,3,3,3.11,0.894,0,2.38,0.311,TOLAZOLINE,0.111,novel,4.969
CHEMBL54657,O=c1c(CCCc2ccccc2)c(O)oc2c1CCCCCC2,-5.09,312.4,4.18,50.4,1,3,4,2.53,0.921,0,2.02,0.341,PHENYLBUTANOIC ACID,0.135,novel,4.955
CHEMBL300734,COc1ccc2c(c1)C=CCc1cc(OC)c(OC)c(OC)c1-2,-5.01,312.4,3.96,36.9,0,4,4,2.5,0.856,0,2.24,0.349,COLCHICINE,0.051,novel,4.951
CHEMBL282294,Cc1cccc(NC(=O)N[C@@H]2C[C@H](N3CCCCCC3)c3ccccc3N(C)C2=O)c1,-5.21,420.6,4.47,64.7,2,3,3,3.09,0.77,0,1.66,0.271,MEPIVACAINE,0.124,novel,4.949
CHEMBL280899,CCC(=O)N(c1ccc(Cl)c(Cl)c1)C1CCCC1NC,-5.15,315.2,3.88,32.3,1,2,4,3.16,0.914,0,1.81,0.302,FENTANYL,0.128,novel,4.945
CHEMBL282487,COc1ccc2[nH]c3c(c2c1)CCN(C)CC3c1ccccc1,-5.19,306.4,3.8,28.3,1,2,2,2.66,0.78,0,1.69,0.322,NOMIFENSINE,0.092,novel,4.936
CHEMBL32398,CCN(CCCc1ccc(Cl)cc1)c1ccc(C(=O)O)cc1,-5.18,317.8,4.5,40.5,1,2,7,1.81,0.817,0,1.67,0.457,CHLORAMBUCIL,0.155,novel,4.923
CHEMBL59154,O=c1c(Cc2ccccc2)c(O)oc2c1CCCCCC2,-5.03,284.4,3.6,50.4,1,3,2,2.51,0.916,0,2.09,0.292,DICUMAROL,0.141,novel,4.92
CHEMBL280177,CCN1CCCCCC1c1ccc(-c2cc(S(=O)(=O)CC)ccc2OC)[nH]1,-4.9,390.5,4.42,62.4,1,4,6,3.09,0.793,0,2.31,0.378,SULPIRIDE,0.077,novel,4.872
CHEMBL16449,COc1ccccc1C(=O)NCC1(c2ccccc2)CCOC(=O)CC1,-4.55,353.4,3.09,64.6,1,4,5,2.65,0.839,0,3.31,0.286,PICOTAMIDE,0.16,novel,4.868
CHEMBL38473,CCNc1nc(OC)c(C(=O)NC2CN(C)CCN(CC)C2)cc1Cl,-4.86,369.9,1.54,69.7,2,6,6,3.01,0.792,0,2.36,0.329,PRUCALOPRIDE,0.111,novel,4.85
CHEMBL54693,O=c1c2c(oc(O)c1C(c1ccccc1)C1CC1)CCCCC2,-4.98,310.4,4.16,50.4,1,3,3,3.16,0.866,0,2.01,0.276,PHENPROCOUMON,0.147,novel,4.846
CHEMBL45295,COc1c(NC(C)=O)c(OCCN2CCCCCC2)c(OC)c2occc12,-4.72,376.5,3.66,73.2,1,6,7,2.64,0.795,0,2.73,0.325,BAZEDOXIFENE ACETATE,0.106,novel,4.837
CHEMBL48462,COc1ccc2c(c1)CC=Cc1cc(OC)c(OC)c(OC)c1-2,-4.89,312.4,3.96,36.9,0,4,4,2.46,0.856,0,2.24,0.308,COLCHICINE,0.051,novel,4.835
CHEMBL56467,CCN(CC)CC(=O)NC1c2ccccc2CCc2ccccc21,-4.9,322.5,3.33,32.3,1,2,5,2.22,0.916,0,2.18,0.429,AMINEPTINE,0.191,novel,4.828
CHEMBL19924,CC(C)CN(C1=NCCN1)c1c(Br)cccc1Br,-4.91,375.1,3.63,27.6,1,3,3,3.16,0.874,0,2.11,0.34,LOFEXIDINE,0.125,novel,4.814
CHEMBL13632,CN1CCc2cc(Cl)c(O)cc2C(c2cccc(Br)c2)C1,-5.03,366.7,4.43,23.5,1,2,1,2.81,0.807,0,1.66,0.305,NOMIFENSINE,0.079,novel,4.774
CHEMBL37838,Cc1cc2c(nc1C(O)c1cccc(Cl)c1)CCCCC2,-5.11,301.8,4.39,33.1,1,2,2,2.8,0.834,0,1.42,0.255,TACRINE,0.13,novel,4.767
CHEMBL281039,CCC(=O)N[C@H]1CCc2cc(OC)c(OC)c(OC)c2-c2ccc(=O)c(OC)cc21,-4.7,413.5,3.26,83.1,1,6,6,3.01,0.783,0,2.4,0.678,COLCHICINE,0.128,novel,4.703
CHEMBL811,CN(C)CCC(c1ccc(Br)cc1)c1ccccn1,-5.36,319.2,3.93,16.1,0,2,5,2.54,0.83,0,1.95,1.0,BROMPHENIRAMINE,0.141,likely-known-drug-chemistry,4.702
CHEMBL40082,CCN1CCN(C)C[C@@H](NC(=O)c2cc(Cl)c(NC)cc2OC)C1,-4.66,354.9,1.76,56.8,2,5,5,2.8,0.843,0,2.45,0.369,CISAPRIDE,0.115,novel,4.673
CHEMBL12,CN1C(=O)CN=C(c2ccccc2)c2cc(Cl)ccc21,-5.19,284.7,3.15,32.7,0,2,1,2.12,0.792,0,2.35,1.0,DIAZEPAM,0.135,likely-known-drug-chemistry,4.67
CHEMBL277242,CCN(C1=NCCN1)c1c(Br)cccc1Br,-4.63,347.1,3.0,27.6,1,3,2,3.13,0.891,0,2.48,0.326,TOLAZOLINE,0.111,novel,4.663
CHEMBL296581,COc1cc2c(c(OC)c1OC)-c1ccc(SC)cc1[C@@H](O)C=C2,-4.71,344.4,4.16,47.9,1,5,4,3.24,0.844,0,2.27,0.348,COLCHICINE,0.081,novel,4.659
CHEMBL107,COc1cc2c(c(OC)c1OC)-c1ccc(OC)c(=O)cc1[C@@H](NC(C)=O)CC2,-5.03,399.4,2.87,83.1,1,6,5,2.92,0.833,0,2.75,1.0,COLCHICINE,0.107,likely-known-drug-chemistry,4.651
CHEMBL13325,CN1CCc2cc(Cl)c(O)cc2C(c2ccccc2Br)C1,-4.9,366.7,4.43,23.5,1,2,1,2.84,0.807,0,1.66,0.293,MIANSERIN,0.086,novel,4.636
CHEMBL817,Cc1ccc(S(=O)(=O)NC(=O)NN2CCCCCC2)cc1,-5.28,311.4,1.77,78.5,2,4,3,2.13,0.892,0,1.94,1.0,TOLAZAMIDE,0.113,likely-known-drug-chemistry,4.615
CHEMBL300733,COc1ccc2c(c1)CCCc1cc(OC)c(OC)c(OC)c1-2,-4.64,314.4,3.88,36.9,0,4,4,2.11,0.858,0,2.31,0.414,COLCHICINE,0.053,novel,4.61
CHEMBL87,COc1cc2c(c(OC)c1OC)-c1ccc(OC)c(=O)cc1C(NC(C)=O)CC2,-4.95,399.4,2.87,83.1,1,6,5,2.92,0.833,0,2.75,1.0,COLCHICINE,0.107,likely-known-drug-chemistry,4.575
CHEMBL6616,COc1cc(CC(C)N)c(OC)cc1I,-4.54,321.2,2.2,44.5,1,3,4,2.7,0.865,0,2.51,0.306,AMPHETAMINE,0.08,novel,4.575
CHEMBL35974,O=C(O)c1cn(C2CC2)c2cc(N3CCCNCC3)c(F)cc2c1=O,-5.04,345.4,1.97,74.6,2,4,3,2.49,0.89,0,2.45,0.92,CIPROFLOXACIN,0.091,likely-known-drug-chemistry,4.561
CHEMBL416401,CN1CCc2cc(Br)c(O)cc2[C@@H](c2ccccc2)C1,-4.71,332.2,3.77,23.5,1,2,1,2.71,0.859,0,1.83,0.385,NOMIFENSINE,0.104,novel,4.514
CHEMBL27797,COc1ccc(C(O)(c2cncnc2)C2CCCCCCC2)cc1,-4.52,326.4,4.08,55.2,1,4,4,2.8,0.92,0,2.31,0.3,MEQUINOL,0.079,novel,4.491
CHEMBL286154,O=C(CCCc1ccccc1)N[C@H]1CCCCN(CCO)C1=O,-4.61,318.4,1.5,69.6,2,3,7,2.49,0.8,0,2.05,0.367,PHENYLBUTANOIC ACID,0.195,novel,4.487
CHEMBL46825,CNC(=O)Nc1c(OCCN2CCCCCC2)c(OC)c2occc2c1OC,-4.49,391.5,3.46,85.2,2,6,7,2.72,0.752,0,2.04,0.318,DYCLONINE,0.103,novel,4.367
CHEMBL295235,CNC(=O)Nc1c(OCCN2CCCCCCC2)c(OC)c2occc2c1OC,-4.59,405.5,3.85,85.2,2,6,7,2.72,0.728,0,1.7,0.318,DYCLONINE,0.103,novel,4.348
CHEMBL6368,CC(N)Cc1ccc(I)cc1,-4.61,261.1,2.18,26.0,1,1,2,2.35,0.811,0,1.55,0.615,HYDROXYAMPHETAMINE,0.113,novel,4.309
CHEMBL296023,COc1c(NC(C)=O)c(OCCN2CCCCCCC2)c(OC)c2occc12,-4.28,390.5,4.05,73.2,1,6,7,2.64,0.769,0,2.39,0.325,BAZEDOXIFENE ACETATE,0.106,novel,4.279
CHEMBL55834,O=c1c2c(oc(O)c1C(C1CC1)C1CC1)CCCCCC2,-4.35,288.4,3.91,50.4,1,3,3,3.15,0.917,0,1.95,0.196,CYCLOFENIL,0.089,novel,4.195
CHEMBL49902,CCCCC1(CCCC)CC[C@H]2CC(=O)N[C@H](CO)C[C@]2(C)C1,-4.44,323.5,4.43,49.3,2,2,7,4.14,0.728,0,1.56,0.226,HYDROCORTISONE VALERATE,0.113,novel,4.148
CHEMBL50658,CCCCC1(CCCC)CC[C@H]2CC(=O)N[C@@H](CO)C[C@]2(C)C1,-4.36,323.5,4.43,49.3,2,2,7,4.14,0.728,0,1.56,0.226,HYDROCORTISONE VALERATE,0.113,novel,4.066
CHEMBL11,CN(C)CCCN1c2ccccc2CCc2ccccc21,-4.37,280.4,3.88,6.5,0,2,4,1.93,0.838,0,1.62,1.0,IMIPRAMINE,0.119,likely-known-drug-chemistry,3.593
